# Generated by swift-symbols-generate from SF Symbols 2026, macOS build 26A428. Do not edit.
0.circle	2019	13.0	10.15	13.0	6.0	1.0	indices,variable			0.circle.fill	0	circle
0.circle.fill	2019	13.0	10.15	13.0	6.0	1.0	indices,multicolor				0	circle,fill
0.square	2019	13.0	10.15	13.0	6.0	1.0	indices			0.square.fill	0	square
0.square.fill	2019	13.0	10.15	13.0	6.0	1.0	indices,multicolor				0	square,fill
00.circle	2019	13.0	10.15	13.0	6.0	1.0	indices,variable			00.circle.fill	00	circle
00.circle.fill	2019	13.0	10.15	13.0	6.0	1.0	indices,multicolor				00	circle,fill
00.square	2019	13.0	10.15	13.0	6.0	1.0	indices			00.square.fill	00	square
00.square.fill	2019	13.0	10.15	13.0	6.0	1.0	indices,multicolor				00	square,fill
01.circle	2019	13.0	10.15	13.0	6.0	1.0	indices,variable			01.circle.fill	01	circle
01.circle.fill	2019	13.0	10.15	13.0	6.0	1.0	indices,multicolor				01	circle,fill
01.square	2019	13.0	10.15	13.0	6.0	1.0	indices			01.square.fill	01	square
01.square.fill	2019	13.0	10.15	13.0	6.0	1.0	indices,multicolor				01	square,fill
02.circle	2019	13.0	10.15	13.0	6.0	1.0	indices,variable			02.circle.fill	02	circle
02.circle.fill	2019	13.0	10.15	13.0	6.0	1.0	indices,multicolor				02	circle,fill
02.square	2019	13.0	10.15	13.0	6.0	1.0	indices			02.square.fill	02	square
02.square.fill	2019	13.0	10.15	13.0	6.0	1.0	indices,multicolor				02	square,fill
03.circle	2019	13.0	10.15	13.0	6.0	1.0	indices,variable			03.circle.fill	03	circle
03.circle.fill	2019	13.0	10.15	13.0	6.0	1.0	indices,multicolor				03	circle,fill
03.square	2019	13.0	10.15	13.0	6.0	1.0	indices			03.square.fill	03	square
03.square.fill	2019	13.0	10.15	13.0	6.0	1.0	indices,multicolor				03	square,fill
04.circle	2019	13.0	10.15	13.0	6.0	1.0	indices,variable			04.circle.fill	04	circle
04.circle.fill	2019	13.0	10.15	13.0	6.0	1.0	indices,multicolor				04	circle,fill
04.square	2019	13.0	10.15	13.0	6.0	1.0	indices			04.square.fill	04	square
04.square.fill	2019	13.0	10.15	13.0	6.0	1.0	indices,multicolor				04	square,fill
05.circle	2019	13.0	10.15	13.0	6.0	1.0	indices,variable			05.circle.fill	05	circle
05.circle.fill	2019	13.0	10.15	13.0	6.0	1.0	indices,multicolor				05	circle,fill
05.square	2019	13.0	10.15	13.0	6.0	1.0	indices			05.square.fill	05	square
05.square.fill	2019	13.0	10.15	13.0	6.0	1.0	indices,multicolor				05	square,fill
06.circle	2019	13.0	10.15	13.0	6.0	1.0	indices,variable			06.circle.fill	06	circle
06.circle.fill	2019	13.0	10.15	13.0	6.0	1.0	indices,multicolor				06	circle,fill
06.square	2019	13.0	10.15	13.0	6.0	1.0	indices			06.square.fill	06	square
06.square.fill	2019	13.0	10.15	13.0	6.0	1.0	indices,multicolor				06	square,fill
07.circle	2019	13.0	10.15	13.0	6.0	1.0	indices,variable			07.circle.fill	07	circle
07.circle.fill	2019	13.0	10.15	13.0	6.0	1.0	indices,multicolor				07	circle,fill
07.square	2019	13.0	10.15	13.0	6.0	1.0	indices			07.square.fill	07	square
07.square.fill	2019	13.0	10.15	13.0	6.0	1.0	indices,multicolor				07	square,fill
08.circle	2019	13.0	10.15	13.0	6.0	1.0	indices,variable			08.circle.fill	08	circle
08.circle.fill	2019	13.0	10.15	13.0	6.0	1.0	indices,multicolor				08	circle,fill
08.square	2019	13.0	10.15	13.0	6.0	1.0	indices			08.square.fill	08	square
08.square.fill	2019	13.0	10.15	13.0	6.0	1.0	indices,multicolor				08	square,fill
09.circle	2019	13.0	10.15	13.0	6.0	1.0	indices,variable			09.circle.fill	09	circle
09.circle.fill	2019	13.0	10.15	13.0	6.0	1.0	indices,multicolor				09	circle,fill
09.square	2019	13.0	10.15	13.0	6.0	1.0	indices			09.square.fill	09	square
09.square.fill	2019	13.0	10.15	13.0	6.0	1.0	indices,multicolor				09	square,fill
1.brakesignal	2022.1	16.1	13.0	16.1	9.1	1.0	automotive				1.brakesignal	
1.calendar	2025	26.0	26.0	26.0	26.0	26.0	multicolor,objectsandtools	date			1.calendar	
1.circle	2019	13.0	10.15	13.0	6.0	1.0	indices,variable			1.circle.fill	1	circle
1.circle.fill	2019	13.0	10.15	13.0	6.0	1.0	indices,multicolor				1	circle,fill
1.lane	2022.1	16.1	13.0	16.1	9.1	1.0	fitness	running,sports			1.lane	
1.magnifyingglass	2019	13.0	10.15	13.0	6.0	1.0	objectsandtools	search			1.magnifyingglass	
1.square	2019	13.0	10.15	13.0	6.0	1.0	indices			1.square.fill	1	square
1.square.fill	2019	13.0	10.15	13.0	6.0	1.0	indices,multicolor				1	square,fill
10.arrow.trianglehead.clockwise	2024	18.0	15.0	18.0	11.0	2.0	arrows,media				10.arrow.trianglehead.clockwise	
10.arrow.trianglehead.counterclockwise	2024	18.0	15.0	18.0	11.0	2.0	arrows,media				10.arrow.trianglehead.counterclockwise	
10.calendar	2025	26.0	26.0	26.0	26.0	26.0	multicolor,objectsandtools	date			10.calendar	
10.circle	2019	13.0	10.15	13.0	6.0	1.0	indices,variable			10.circle.fill	10	circle
10.circle.fill	2019	13.0	10.15	13.0	6.0	1.0	indices,multicolor				10	circle,fill
10.lane	2022.1	16.1	13.0	16.1	9.1	1.0	fitness	running,sports			10.lane	
10.square	2019	13.0	10.15	13.0	6.0	1.0	indices			10.square.fill	10	square
10.square.fill	2019	13.0	10.15	13.0	6.0	1.0	indices,multicolor				10	square,fill
11.calendar	2025	26.0	26.0	26.0	26.0	26.0	multicolor,objectsandtools	date			11.calendar	
11.circle	2019	13.0	10.15	13.0	6.0	1.0	indices,variable			11.circle.fill	11	circle
11.circle.fill	2019	13.0	10.15	13.0	6.0	1.0	indices,multicolor				11	circle,fill
11.lane	2022.1	16.1	13.0	16.1	9.1	1.0	fitness	running,sports			11.lane	
11.square	2019	13.0	10.15	13.0	6.0	1.0	indices			11.square.fill	11	square
11.square.fill	2019	13.0	10.15	13.0	6.0	1.0	indices,multicolor				11	square,fill
12.calendar	2025	26.0	26.0	26.0	26.0	26.0	multicolor,objectsandtools	date			12.calendar	
12.circle	2019	13.0	10.15	13.0	6.0	1.0	indices,variable			12.circle.fill	12	circle
12.circle.fill	2019	13.0	10.15	13.0	6.0	1.0	indices,multicolor				12	circle,fill
12.lane	2022.1	16.1	13.0	16.1	9.1	1.0	fitness	running,sports			12.lane	
12.square	2019	13.0	10.15	13.0	6.0	1.0	indices			12.square.fill	12	square
12.square.fill	2019	13.0	10.15	13.0	6.0	1.0	indices,multicolor				12	square,fill
13.calendar	2025	26.0	26.0	26.0	26.0	26.0	multicolor,objectsandtools	date			13.calendar	
13.circle	2019	13.0	10.15	13.0	6.0	1.0	indices,variable			13.circle.fill	13	circle
13.circle.fill	2019	13.0	10.15	13.0	6.0	1.0	indices,multicolor				13	circle,fill
13.square	2019	13.0	10.15	13.0	6.0	1.0	indices			13.square.fill	13	square
13.square.fill	2019	13.0	10.15	13.0	6.0	1.0	indices,multicolor				13	square,fill
14.calendar	2025	26.0	26.0	26.0	26.0	26.0	multicolor,objectsandtools	date			14.calendar	
14.circle	2019	13.0	10.15	13.0	6.0	1.0	indices,variable			14.circle.fill	14	circle
14.circle.fill	2019	13.0	10.15	13.0	6.0	1.0	indices,multicolor				14	circle,fill
14.square	2019	13.0	10.15	13.0	6.0	1.0	indices			14.square.fill	14	square
14.square.fill	2019	13.0	10.15	13.0	6.0	1.0	indices,multicolor				14	square,fill
15.arrow.trianglehead.clockwise	2024	18.0	15.0	18.0	11.0	2.0	arrows,media				15.arrow.trianglehead.clockwise	
15.arrow.trianglehead.counterclockwise	2024	18.0	15.0	18.0	11.0	2.0	arrows,media				15.arrow.trianglehead.counterclockwise	
15.calendar	2025	26.0	26.0	26.0	26.0	26.0	multicolor,objectsandtools	date			15.calendar	
15.circle	2019	13.0	10.15	13.0	6.0	1.0	indices,variable			15.circle.fill	15	circle
15.circle.fill	2019	13.0	10.15	13.0	6.0	1.0	indices,multicolor				15	circle,fill
15.square	2019	13.0	10.15	13.0	6.0	1.0	indices			15.square.fill	15	square
15.square.fill	2019	13.0	10.15	13.0	6.0	1.0	indices,multicolor				15	square,fill
16.calendar	2025	26.0	26.0	26.0	26.0	26.0	multicolor,objectsandtools	date			16.calendar	
16.circle	2019	13.0	10.15	13.0	6.0	1.0	indices,variable			16.circle.fill	16	circle
16.circle.fill	2019	13.0	10.15	13.0	6.0	1.0	indices,multicolor				16	circle,fill
16.square	2019	13.0	10.15	13.0	6.0	1.0	indices			16.square.fill	16	square
16.square.fill	2019	13.0	10.15	13.0	6.0	1.0	indices,multicolor				16	square,fill
17.calendar	2025	26.0	26.0	26.0	26.0	26.0	multicolor,objectsandtools	date			17.calendar	
17.circle	2019	13.0	10.15	13.0	6.0	1.0	indices,variable			17.circle.fill	17	circle
17.circle.fill	2019	13.0	10.15	13.0	6.0	1.0	indices,multicolor				17	circle,fill
17.square	2019	13.0	10.15	13.0	6.0	1.0	indices			17.square.fill	17	square
17.square.fill	2019	13.0	10.15	13.0	6.0	1.0	indices,multicolor				17	square,fill
18.calendar	2025	26.0	26.0	26.0	26.0	26.0	multicolor,objectsandtools	date			18.calendar	
18.circle	2019	13.0	10.15	13.0	6.0	1.0	indices,variable			18.circle.fill	18	circle
18.circle.fill	2019	13.0	10.15	13.0	6.0	1.0	indices,multicolor				18	circle,fill
18.square	2019	13.0	10.15	13.0	6.0	1.0	indices			18.square.fill	18	square
18.square.fill	2019	13.0	10.15	13.0	6.0	1.0	indices,multicolor				18	square,fill
19.calendar	2025	26.0	26.0	26.0	26.0	26.0	multicolor,objectsandtools	date			19.calendar	
19.circle	2019	13.0	10.15	13.0	6.0	1.0	indices,variable			19.circle.fill	19	circle
19.circle.fill	2019	13.0	10.15	13.0	6.0	1.0	indices,multicolor				19	circle,fill
19.square	2019	13.0	10.15	13.0	6.0	1.0	indices			19.square.fill	19	square
19.square.fill	2019	13.0	10.15	13.0	6.0	1.0	indices,multicolor				19	square,fill
2.brakesignal	2022.1	16.1	13.0	16.1	9.1	1.0	automotive				2.brakesignal	
2.calendar	2025	26.0	26.0	26.0	26.0	26.0	multicolor,objectsandtools	date			2.calendar	
2.circle	2019	13.0	10.15	13.0	6.0	1.0	indices,variable			2.circle.fill	2	circle
2.circle.fill	2019	13.0	10.15	13.0	6.0	1.0	indices,multicolor				2	circle,fill
2.lane	2022.1	16.1	13.0	16.1	9.1	1.0	fitness	running,sports			2.lane	
2.square	2019	13.0	10.15	13.0	6.0	1.0	indices			2.square.fill	2	square
2.square.fill	2019	13.0	10.15	13.0	6.0	1.0	indices,multicolor				2	square,fill
20.calendar	2025	26.0	26.0	26.0	26.0	26.0	multicolor,objectsandtools	date			20.calendar	
20.circle	2019	13.0	10.15	13.0	6.0	1.0	indices,variable			20.circle.fill	20	circle
20.circle.fill	2019	13.0	10.15	13.0	6.0	1.0	indices,multicolor				20	circle,fill
20.square	2019	13.0	10.15	13.0	6.0	1.0	indices			20.square.fill	20	square
20.square.fill	2019	13.0	10.15	13.0	6.0	1.0	indices,multicolor				20	square,fill
21.calendar	2025	26.0	26.0	26.0	26.0	26.0	multicolor,objectsandtools	date			21.calendar	
21.circle	2019	13.0	10.15	13.0	6.0	1.0	indices,variable			21.circle.fill	21	circle
21.circle.fill	2019	13.0	10.15	13.0	6.0	1.0	indices,multicolor				21	circle,fill
21.square	2019	13.0	10.15	13.0	6.0	1.0	indices			21.square.fill	21	square
21.square.fill	2019	13.0	10.15	13.0	6.0	1.0	indices,multicolor				21	square,fill
22.calendar	2025	26.0	26.0	26.0	26.0	26.0	multicolor,objectsandtools	date			22.calendar	
22.circle	2019	13.0	10.15	13.0	6.0	1.0	indices,variable			22.circle.fill	22	circle
22.circle.fill	2019	13.0	10.15	13.0	6.0	1.0	indices,multicolor				22	circle,fill
22.square	2019	13.0	10.15	13.0	6.0	1.0	indices			22.square.fill	22	square
22.square.fill	2019	13.0	10.15	13.0	6.0	1.0	indices,multicolor				22	square,fill
23.calendar	2025	26.0	26.0	26.0	26.0	26.0	multicolor,objectsandtools	date			23.calendar	
23.circle	2019	13.0	10.15	13.0	6.0	1.0	indices,variable			23.circle.fill	23	circle
23.circle.fill	2019	13.0	10.15	13.0	6.0	1.0	indices,multicolor				23	circle,fill
23.square	2019	13.0	10.15	13.0	6.0	1.0	indices			23.square.fill	23	square
23.square.fill	2019	13.0	10.15	13.0	6.0	1.0	indices,multicolor				23	square,fill
24.calendar	2025	26.0	26.0	26.0	26.0	26.0	multicolor,objectsandtools	date			24.calendar	
24.circle	2019	13.0	10.15	13.0	6.0	1.0	indices,variable			24.circle.fill	24	circle
24.circle.fill	2019	13.0	10.15	13.0	6.0	1.0	indices,multicolor				24	circle,fill
24.square	2019	13.0	10.15	13.0	6.0	1.0	indices			24.square.fill	24	square
24.square.fill	2019	13.0	10.15	13.0	6.0	1.0	indices,multicolor				24	square,fill
25.calendar	2025	26.0	26.0	26.0	26.0	26.0	multicolor,objectsandtools	date			25.calendar	
25.circle	2019	13.0	10.15	13.0	6.0	1.0	indices,variable			25.circle.fill	25	circle
25.circle.fill	2019	13.0	10.15	13.0	6.0	1.0	indices,multicolor				25	circle,fill
25.square	2019	13.0	10.15	13.0	6.0	1.0	indices			25.square.fill	25	square
25.square.fill	2019	13.0	10.15	13.0	6.0	1.0	indices,multicolor				25	square,fill
26.calendar	2025	26.0	26.0	26.0	26.0	26.0	multicolor,objectsandtools	date			26.calendar	
26.circle	2019	13.0	10.15	13.0	6.0	1.0	indices,variable			26.circle.fill	26	circle
26.circle.fill	2019	13.0	10.15	13.0	6.0	1.0	indices,multicolor				26	circle,fill
26.square	2019	13.0	10.15	13.0	6.0	1.0	indices			26.square.fill	26	square
26.square.fill	2019	13.0	10.15	13.0	6.0	1.0	indices,multicolor				26	square,fill
27.calendar	2025	26.0	26.0	26.0	26.0	26.0	multicolor,objectsandtools	date			27.calendar	
27.circle	2019	13.0	10.15	13.0	6.0	1.0	indices,variable			27.circle.fill	27	circle
27.circle.fill	2019	13.0	10.15	13.0	6.0	1.0	indices,multicolor				27	circle,fill
27.square	2019	13.0	10.15	13.0	6.0	1.0	indices			27.square.fill	27	square
27.square.fill	2019	13.0	10.15	13.0	6.0	1.0	indices,multicolor				27	square,fill
28.calendar	2025	26.0	26.0	26.0	26.0	26.0	multicolor,objectsandtools	date			28.calendar	
28.circle	2019	13.0	10.15	13.0	6.0	1.0	indices,variable			28.circle.fill	28	circle
28.circle.fill	2019	13.0	10.15	13.0	6.0	1.0	indices,multicolor				28	circle,fill
28.square	2019	13.0	10.15	13.0	6.0	1.0	indices			28.square.fill	28	square
28.square.fill	2019	13.0	10.15	13.0	6.0	1.0	indices,multicolor				28	square,fill
29.calendar	2025	26.0	26.0	26.0	26.0	26.0	multicolor,objectsandtools	date			29.calendar	
29.circle	2019	13.0	10.15	13.0	6.0	1.0	indices,variable			29.circle.fill	29	circle
29.circle.fill	2019	13.0	10.15	13.0	6.0	1.0	indices,multicolor				29	circle,fill
29.square	2019	13.0	10.15	13.0	6.0	1.0	indices			29.square.fill	29	square
29.square.fill	2019	13.0	10.15	13.0	6.0	1.0	indices,multicolor				29	square,fill
2h	2023	17.0	14.0	17.0	10.0	1.0	automotive				2h	
2h.circle	2023	17.0	14.0	17.0	10.0	1.0	automotive,variable			2h.circle.fill	2h	circle
2h.circle.fill	2023	17.0	14.0	17.0	10.0	1.0	automotive,multicolor				2h	circle,fill
3.calendar	2025	26.0	26.0	26.0	26.0	26.0	multicolor,objectsandtools	date			3.calendar	
3.circle	2019	13.0	10.15	13.0	6.0	1.0	indices,variable			3.circle.fill	3	circle
3.circle.fill	2019	13.0	10.15	13.0	6.0	1.0	indices,multicolor				3	circle,fill
3.lane	2022.1	16.1	13.0	16.1	9.1	1.0	fitness	running,sports			3.lane	
3.square	2019	13.0	10.15	13.0	6.0	1.0	indices			3.square.fill	3	square
3.square.fill	2019	13.0	10.15	13.0	6.0	1.0	indices,multicolor				3	square,fill
30.arrow.trianglehead.clockwise	2024	18.0	15.0	18.0	11.0	2.0	arrows,media				30.arrow.trianglehead.clockwise	
30.arrow.trianglehead.counterclockwise	2024	18.0	15.0	18.0	11.0	2.0	arrows,media				30.arrow.trianglehead.counterclockwise	
30.calendar	2025	26.0	26.0	26.0	26.0	26.0	multicolor,objectsandtools	date			30.calendar	
30.circle	2019	13.0	10.15	13.0	6.0	1.0	indices,variable			30.circle.fill	30	circle
30.circle.fill	2019	13.0	10.15	13.0	6.0	1.0	indices,multicolor				30	circle,fill
30.square	2019	13.0	10.15	13.0	6.0	1.0	indices			30.square.fill	30	square
30.square.fill	2019	13.0	10.15	13.0	6.0	1.0	indices,multicolor				30	square,fill
31.calendar	2025	26.0	26.0	26.0	26.0	26.0	multicolor,objectsandtools	date			31.calendar	
31.circle	2019	13.0	10.15	13.0	6.0	1.0	indices,variable			31.circle.fill	31	circle
31.circle.fill	2019	13.0	10.15	13.0	6.0	1.0	indices,multicolor				31	circle,fill
31.square	2019	13.0	10.15	13.0	6.0	1.0	indices			31.square.fill	31	square
31.square.fill	2019	13.0	10.15	13.0	6.0	1.0	indices,multicolor				31	square,fill
32.circle	2019	13.0	10.15	13.0	6.0	1.0	indices,variable			32.circle.fill	32	circle
32.circle.fill	2019	13.0	10.15	13.0	6.0	1.0	indices,multicolor				32	circle,fill
32.square	2019	13.0	10.15	13.0	6.0	1.0	indices			32.square.fill	32	square
32.square.fill	2019	13.0	10.15	13.0	6.0	1.0	indices,multicolor				32	square,fill
33.circle	2019	13.0	10.15	13.0	6.0	1.0	indices,variable			33.circle.fill	33	circle
33.circle.fill	2019	13.0	10.15	13.0	6.0	1.0	indices,multicolor				33	circle,fill
33.square	2019	13.0	10.15	13.0	6.0	1.0	indices			33.square.fill	33	square
33.square.fill	2019	13.0	10.15	13.0	6.0	1.0	indices,multicolor				33	square,fill
34.circle	2019	13.0	10.15	13.0	6.0	1.0	indices,variable			34.circle.fill	34	circle
34.circle.fill	2019	13.0	10.15	13.0	6.0	1.0	indices,multicolor				34	circle,fill
34.square	2019	13.0	10.15	13.0	6.0	1.0	indices			34.square.fill	34	square
34.square.fill	2019	13.0	10.15	13.0	6.0	1.0	indices,multicolor				34	square,fill
35.circle	2019	13.0	10.15	13.0	6.0	1.0	indices,variable			35.circle.fill	35	circle
35.circle.fill	2019	13.0	10.15	13.0	6.0	1.0	indices,multicolor				35	circle,fill
35.square	2019	13.0	10.15	13.0	6.0	1.0	indices			35.square.fill	35	square
35.square.fill	2019	13.0	10.15	13.0	6.0	1.0	indices,multicolor				35	square,fill
36.circle	2019	13.0	10.15	13.0	6.0	1.0	indices,variable			36.circle.fill	36	circle
36.circle.fill	2019	13.0	10.15	13.0	6.0	1.0	indices,multicolor				36	circle,fill
36.square	2019	13.0	10.15	13.0	6.0	1.0	indices			36.square.fill	36	square
36.square.fill	2019	13.0	10.15	13.0	6.0	1.0	indices,multicolor				36	square,fill
37.circle	2019	13.0	10.15	13.0	6.0	1.0	indices,variable			37.circle.fill	37	circle
37.circle.fill	2019	13.0	10.15	13.0	6.0	1.0	indices,multicolor				37	circle,fill
37.square	2019	13.0	10.15	13.0	6.0	1.0	indices			37.square.fill	37	square
37.square.fill	2019	13.0	10.15	13.0	6.0	1.0	indices,multicolor				37	square,fill
38.circle	2019	13.0	10.15	13.0	6.0	1.0	indices,variable			38.circle.fill	38	circle
38.circle.fill	2019	13.0	10.15	13.0	6.0	1.0	indices,multicolor				38	circle,fill
38.square	2019	13.0	10.15	13.0	6.0	1.0	indices			38.square.fill	38	square
38.square.fill	2019	13.0	10.15	13.0	6.0	1.0	indices,multicolor				38	square,fill
39.circle	2019	13.0	10.15	13.0	6.0	1.0	indices,variable			39.circle.fill	39	circle
39.circle.fill	2019	13.0	10.15	13.0	6.0	1.0	indices,multicolor				39	circle,fill
39.square	2019	13.0	10.15	13.0	6.0	1.0	indices			39.square.fill	39	square
39.square.fill	2019	13.0	10.15	13.0	6.0	1.0	indices,multicolor				39	square,fill
4.alt.circle	2019	13.0	10.15	13.0	6.0	1.0	indices,variable			4.alt.circle.fill	4.alt	circle
4.alt.circle.fill	2019	13.0	10.15	13.0	6.0	1.0	indices,multicolor				4.alt	circle,fill
4.alt.square	2019	13.0	10.15	13.0	6.0	1.0	indices			4.alt.square.fill	4.alt	square
4.alt.square.fill	2019	13.0	10.15	13.0	6.0	1.0	indices,multicolor				4.alt	square,fill
4.calendar	2025	26.0	26.0	26.0	26.0	26.0	multicolor,objectsandtools	date			4.calendar	
4.circle	2019	13.0	10.15	13.0	6.0	1.0	indices,variable			4.circle.fill	4	circle
4.circle.fill	2019	13.0	10.15	13.0	6.0	1.0	indices,multicolor				4	circle,fill
4.lane	2022.1	16.1	13.0	16.1	9.1	1.0	fitness	running,sports			4.lane	
4.square	2019	13.0	10.15	13.0	6.0	1.0	indices			4.square.fill	4	square
4.square.fill	2019	13.0	10.15	13.0	6.0	1.0	indices,multicolor				4	square,fill
40.circle	2019	13.0	10.15	13.0	6.0	1.0	indices,variable			40.circle.fill	40	circle
40.circle.fill	2019	13.0	10.15	13.0	6.0	1.0	indices,multicolor				40	circle,fill
40.square	2019	13.0	10.15	13.0	6.0	1.0	indices			40.square.fill	40	square
40.square.fill	2019	13.0	10.15	13.0	6.0	1.0	indices,multicolor				40	square,fill
41.circle	2019	13.0	10.15	13.0	6.0	1.0	indices,variable			41.circle.fill	41	circle
41.circle.fill	2019	13.0	10.15	13.0	6.0	1.0	indices,multicolor				41	circle,fill
41.square	2019	13.0	10.15	13.0	6.0	1.0	indices			41.square.fill	41	square
41.square.fill	2019	13.0	10.15	13.0	6.0	1.0	indices,multicolor				41	square,fill
42.circle	2019	13.0	10.15	13.0	6.0	1.0	indices,variable			42.circle.fill	42	circle
42.circle.fill	2019	13.0	10.15	13.0	6.0	1.0	indices,multicolor				42	circle,fill
42.square	2019	13.0	10.15	13.0	6.0	1.0	indices			42.square.fill	42	square
42.square.fill	2019	13.0	10.15	13.0	6.0	1.0	indices,multicolor				42	square,fill
43.circle	2019	13.0	10.15	13.0	6.0	1.0	indices,variable			43.circle.fill	43	circle
43.circle.fill	2019	13.0	10.15	13.0	6.0	1.0	indices,multicolor				43	circle,fill
43.square	2019	13.0	10.15	13.0	6.0	1.0	indices			43.square.fill	43	square
43.square.fill	2019	13.0	10.15	13.0	6.0	1.0	indices,multicolor				43	square,fill
44.circle	2019	13.0	10.15	13.0	6.0	1.0	indices,variable			44.circle.fill	44	circle
44.circle.fill	2019	13.0	10.15	13.0	6.0	1.0	indices,multicolor				44	circle,fill
44.square	2019	13.0	10.15	13.0	6.0	1.0	indices			44.square.fill	44	square
44.square.fill	2019	13.0	10.15	13.0	6.0	1.0	indices,multicolor				44	square,fill
45.arrow.trianglehead.clockwise	2024	18.0	15.0	18.0	11.0	2.0	arrows,media				45.arrow.trianglehead.clockwise	
45.arrow.trianglehead.counterclockwise	2024	18.0	15.0	18.0	11.0	2.0	arrows,media				45.arrow.trianglehead.counterclockwise	
45.circle	2019	13.0	10.15	13.0	6.0	1.0	indices,variable			45.circle.fill	45	circle
45.circle.fill	2019	13.0	10.15	13.0	6.0	1.0	indices,multicolor				45	circle,fill
45.square	2019	13.0	10.15	13.0	6.0	1.0	indices			45.square.fill	45	square
45.square.fill	2019	13.0	10.15	13.0	6.0	1.0	indices,multicolor				45	square,fill
46.circle	2019	13.0	10.15	13.0	6.0	1.0	indices,variable			46.circle.fill	46	circle
46.circle.fill	2019	13.0	10.15	13.0	6.0	1.0	indices,multicolor				46	circle,fill
46.square	2019	13.0	10.15	13.0	6.0	1.0	indices			46.square.fill	46	square
46.square.fill	2019	13.0	10.15	13.0	6.0	1.0	indices,multicolor				46	square,fill
47.circle	2019	13.0	10.15	13.0	6.0	1.0	indices,variable			47.circle.fill	47	circle
47.circle.fill	2019	13.0	10.15	13.0	6.0	1.0	indices,multicolor				47	circle,fill
47.square	2019	13.0	10.15	13.0	6.0	1.0	indices			47.square.fill	47	square
47.square.fill	2019	13.0	10.15	13.0	6.0	1.0	indices,multicolor				47	square,fill
48.circle	2019	13.0	10.15	13.0	6.0	1.0	indices,variable			48.circle.fill	48	circle
48.circle.fill	2019	13.0	10.15	13.0	6.0	1.0	indices,multicolor				48	circle,fill
48.square	2019	13.0	10.15	13.0	6.0	1.0	indices			48.square.fill	48	square
48.square.fill	2019	13.0	10.15	13.0	6.0	1.0	indices,multicolor				48	square,fill
49.circle	2019	13.0	10.15	13.0	6.0	1.0	indices,variable			49.circle.fill	49	circle
49.circle.fill	2019	13.0	10.15	13.0	6.0	1.0	indices,multicolor				49	circle,fill
49.square	2019	13.0	10.15	13.0	6.0	1.0	indices			49.square.fill	49	square
49.square.fill	2019	13.0	10.15	13.0	6.0	1.0	indices,multicolor				49	square,fill
4a	2023	17.0	14.0	17.0	10.0	1.0	automotive				4a	
4a.circle	2023	17.0	14.0	17.0	10.0	1.0	automotive,variable			4a.circle.fill	4a	circle
4a.circle.fill	2023	17.0	14.0	17.0	10.0	1.0	automotive,multicolor				4a	circle,fill
4h	2023	17.0	14.0	17.0	10.0	1.0	automotive				4h	
4h.circle	2023	17.0	14.0	17.0	10.0	1.0	automotive,variable			4h.circle.fill	4h	circle
4h.circle.fill	2023	17.0	14.0	17.0	10.0	1.0	automotive,multicolor				4h	circle,fill
4k.tv	2020	14.0	11.0	14.0	7.0	1.0	devices			4k.tv.fill	4k.tv	
4k.tv.fill	2020	14.0	11.0	14.0	7.0	1.0	devices				4k.tv	fill
4l	2023	17.0	14.0	17.0	10.0	1.0	automotive				4l	
4l.circle	2023	17.0	14.0	17.0	10.0	1.0	automotive,variable			4l.circle.fill	4l	circle
4l.circle.fill	2023	17.0	14.0	17.0	10.0	1.0	automotive,multicolor				4l	circle,fill
5.arrow.trianglehead.clockwise	2024	18.0	15.0	18.0	11.0	2.0	arrows,media				5.arrow.trianglehead.clockwise	
5.arrow.trianglehead.counterclockwise	2024	18.0	15.0	18.0	11.0	2.0	arrows,media				5.arrow.trianglehead.counterclockwise	
5.calendar	2025	26.0	26.0	26.0	26.0	26.0	multicolor,objectsandtools	date			5.calendar	
5.circle	2019	13.0	10.15	13.0	6.0	1.0	indices,variable			5.circle.fill	5	circle
5.circle.fill	2019	13.0	10.15	13.0	6.0	1.0	indices,multicolor				5	circle,fill
5.lane	2022.1	16.1	13.0	16.1	9.1	1.0	fitness	running,sports			5.lane	
5.square	2019	13.0	10.15	13.0	6.0	1.0	indices			5.square.fill	5	square
5.square.fill	2019	13.0	10.15	13.0	6.0	1.0	indices,multicolor				5	square,fill
50.circle	2019	13.0	10.15	13.0	6.0	1.0	indices,variable			50.circle.fill	50	circle
50.circle.fill	2019	13.0	10.15	13.0	6.0	1.0	indices,multicolor				50	circle,fill
50.square	2019	13.0	10.15	13.0	6.0	1.0	indices			50.square.fill	50	square
50.square.fill	2019	13.0	10.15	13.0	6.0	1.0	indices,multicolor				50	square,fill
6.alt.circle	2019	13.0	10.15	13.0	6.0	1.0	indices,variable			6.alt.circle.fill	6.alt	circle
6.alt.circle.fill	2019	13.0	10.15	13.0	6.0	1.0	indices,multicolor				6.alt	circle,fill
6.alt.square	2019	13.0	10.15	13.0	6.0	1.0	indices			6.alt.square.fill	6.alt	square
6.alt.square.fill	2019	13.0	10.15	13.0	6.0	1.0	indices,multicolor				6.alt	square,fill
6.calendar	2025	26.0	26.0	26.0	26.0	26.0	multicolor,objectsandtools	date			6.calendar	
6.circle	2019	13.0	10.15	13.0	6.0	1.0	indices,variable			6.circle.fill	6	circle
6.circle.fill	2019	13.0	10.15	13.0	6.0	1.0	indices,multicolor				6	circle,fill
6.lane	2022.1	16.1	13.0	16.1	9.1	1.0	fitness	running,sports			6.lane	
6.square	2019	13.0	10.15	13.0	6.0	1.0	indices			6.square.fill	6	square
6.square.fill	2019	13.0	10.15	13.0	6.0	1.0	indices,multicolor				6	square,fill
60.arrow.trianglehead.clockwise	2024	18.0	15.0	18.0	11.0	2.0	arrows,media				60.arrow.trianglehead.clockwise	
60.arrow.trianglehead.counterclockwise	2024	18.0	15.0	18.0	11.0	2.0	arrows,media				60.arrow.trianglehead.counterclockwise	
7.calendar	2025	26.0	26.0	26.0	26.0	26.0	multicolor,objectsandtools	date			7.calendar	
7.circle	2019	13.0	10.15	13.0	6.0	1.0	indices,variable			7.circle.fill	7	circle
7.circle.fill	2019	13.0	10.15	13.0	6.0	1.0	indices,multicolor				7	circle,fill
7.lane	2022.1	16.1	13.0	16.1	9.1	1.0	fitness	running,sports			7.lane	
7.square	2019	13.0	10.15	13.0	6.0	1.0	indices			7.square.fill	7	square
7.square.fill	2019	13.0	10.15	13.0	6.0	1.0	indices,multicolor				7	square,fill
75.arrow.trianglehead.clockwise	2024	18.0	15.0	18.0	11.0	2.0	arrows,media				75.arrow.trianglehead.clockwise	
75.arrow.trianglehead.counterclockwise	2024	18.0	15.0	18.0	11.0	2.0	arrows,media				75.arrow.trianglehead.counterclockwise	
8.calendar	2025	26.0	26.0	26.0	26.0	26.0	multicolor,objectsandtools	date			8.calendar	
8.circle	2019	13.0	10.15	13.0	6.0	1.0	indices,variable			8.circle.fill	8	circle
8.circle.fill	2019	13.0	10.15	13.0	6.0	1.0	indices,multicolor				8	circle,fill
8.lane	2022.1	16.1	13.0	16.1	9.1	1.0	fitness	running,sports			8.lane	
8.square	2019	13.0	10.15	13.0	6.0	1.0	indices			8.square.fill	8	square
8.square.fill	2019	13.0	10.15	13.0	6.0	1.0	indices,multicolor				8	square,fill
9.alt.circle	2019	13.0	10.15	13.0	6.0	1.0	indices,variable			9.alt.circle.fill	9.alt	circle
9.alt.circle.fill	2019	13.0	10.15	13.0	6.0	1.0	indices,multicolor				9.alt	circle,fill
9.alt.square	2019	13.0	10.15	13.0	6.0	1.0	indices			9.alt.square.fill	9.alt	square
9.alt.square.fill	2019	13.0	10.15	13.0	6.0	1.0	indices,multicolor				9.alt	square,fill
9.calendar	2025	26.0	26.0	26.0	26.0	26.0	multicolor,objectsandtools	date			9.calendar	
9.circle	2019	13.0	10.15	13.0	6.0	1.0	indices,variable			9.circle.fill	9	circle
9.circle.fill	2019	13.0	10.15	13.0	6.0	1.0	indices,multicolor				9	circle,fill
9.lane	2022.1	16.1	13.0	16.1	9.1	1.0	fitness	running,sports			9.lane	
9.square	2019	13.0	10.15	13.0	6.0	1.0	indices			9.square.fill	9	square
9.square.fill	2019	13.0	10.15	13.0	6.0	1.0	indices,multicolor				9	square,fill
90.arrow.trianglehead.clockwise	2024	18.0	15.0	18.0	11.0	2.0	arrows,media				90.arrow.trianglehead.clockwise	
90.arrow.trianglehead.counterclockwise	2024	18.0	15.0	18.0	11.0	2.0	arrows,media				90.arrow.trianglehead.counterclockwise	
a.circle	2019	13.0	10.15	13.0	6.0	1.0	gaming,indices,variable			a.circle.fill	a	circle
a.circle.fill	2019	13.0	10.15	13.0	6.0	1.0	gaming,indices,multicolor				a	circle,fill
a.square	2019	13.0	10.15	13.0	6.0	1.0	indices			a.square.fill	a	square
a.square.fill	2019	13.0	10.15	13.0	6.0	1.0	indices,multicolor				a	square,fill
abs	2022.1	16.1	13.0	16.1	9.1	1.0	automotive,multicolor				abs	
abs.brakesignal	2022	16.0	13.0	16.0	9.0	1.0	automotive,multicolor				abs.brakesignal	
abs.brakesignal.slash	2022.1	16.1	13.0	16.1	9.1	1.0	automotive,multicolor				abs.brakesignal	slash
abs.circle	2022.1	16.1	13.0	16.1	9.1	1.0	automotive,multicolor,variable			abs.circle.fill	abs	circle
abs.circle.fill	2022.1	16.1	13.0	16.1	9.1	1.0	automotive,multicolor				abs	circle,fill
accessibility	2023	17.0	14.0	17.0	10.0	1.0	accessibility,human,multicolor,variable	figure.circle,human,person	This symbol may not be modified and may only be used to refer to Apple’s Accessibility features.	accessibility.fill	accessibility	
accessibility.badge.arrow.up.right	2023	17.0	14.0	17.0	10.0	1.0	accessibility,human,multicolor	human,person	This symbol may not be modified and may only be used to refer to Apple’s Accessibility features.		accessibility.badge.arrow.up.right	
accessibility.fill	2023	17.0	14.0	17.0	10.0	1.0	accessibility,human,multicolor	figure.circle.fill,human,person	This symbol may not be modified and may only be used to refer to Apple’s Accessibility features.		accessibility	fill
air.car.side	2024	18.0	15.0	18.0	11.0	2.0	automotive			air.car.side.fill	air.car.side	
air.car.side.fill	2024	18.0	15.0	18.0	11.0	2.0	automotive,multicolor				air.car.side	fill
air.conditioner	2025.1	26.1	26.1	26.1	26.1	26.1	automotive				air.conditioner	
air.conditioner.horizontal	2022	16.0	13.0	16.0	9.0	1.0	home,objectsandtools			air.conditioner.horizontal.fill	air.conditioner.horizontal	
air.conditioner.horizontal.fill	2022	16.0	13.0	16.0	9.0	1.0	home,objectsandtools				air.conditioner.horizontal	fill
air.conditioner.slash	2025.1	26.1	26.1	26.1	26.1	26.1	automotive				air.conditioner	slash
air.conditioner.vertical	2022	16.0	13.0	16.0	9.0	1.0	home,objectsandtools			air.conditioner.vertical.fill	air.conditioner.vertical	
air.conditioner.vertical.fill	2022	16.0	13.0	16.0	9.0	1.0	home,objectsandtools				air.conditioner.vertical	fill
air.convertible.side	2024	18.0	15.0	18.0	11.0	2.0	automotive			air.convertible.side.fill	air.convertible.side	
air.convertible.side.fill	2024	18.0	15.0	18.0	11.0	2.0	automotive,multicolor				air.convertible.side	fill
air.pickup.side	2024	18.0	15.0	18.0	11.0	2.0	automotive			air.pickup.side.fill	air.pickup.side	
air.pickup.side.fill	2024	18.0	15.0	18.0	11.0	2.0	automotive,multicolor				air.pickup.side	fill
air.purifier	2022	16.0	13.0	16.0	9.0	1.0	home,objectsandtools			air.purifier.fill	air.purifier	
air.purifier.fill	2022	16.0	13.0	16.0	9.0	1.0	home,objectsandtools				air.purifier	fill
air.suv.side	2024	18.0	15.0	18.0	11.0	2.0	automotive			air.suv.side.fill	air.suv.side	
air.suv.side.fill	2024	18.0	15.0	18.0	11.0	2.0	automotive,multicolor				air.suv.side	fill
airplane	2019	13.0	10.15	13.0	6.0	1.0	multicolor,transportation				airplane	
airplane.arrival	2021	15.0	12.0	15.0	8.0	1.0	transportation				airplane.arrival	
airplane.circle	2020	14.0	11.0	14.0	7.0	1.0	multicolor,transportation,variable			airplane.circle.fill	airplane	circle
airplane.circle.fill	2020	14.0	11.0	14.0	7.0	1.0	multicolor,transportation				airplane	circle,fill
airplane.cloud	2025	26.0	26.0	26.0	26.0	26.0	transportation				airplane.cloud	
airplane.departure	2021	15.0	12.0	15.0	8.0	1.0	transportation				airplane.departure	
airplane.landed	2025	26.0	26.0	26.0	26.0	26.0	transportation				airplane.landed	
airplane.path.dotted	2025	26.0	26.0	26.0	26.0	26.0	transportation				airplane.path.dotted	
airplane.ticket	2025	26.0	26.0	26.0	26.0	26.0	transportation			airplane.ticket.fill	airplane.ticket	
airplane.ticket.fill	2025	26.0	26.0	26.0	26.0	26.0	transportation				airplane.ticket	fill
airplane.up.forward	2025	26.0	26.0	26.0	26.0	26.0	transportation				airplane.up.forward	
airplane.up.forward.app	2025	26.0	26.0	26.0	26.0	26.0	transportation			airplane.up.forward.app.fill	airplane.up.forward.app	
airplane.up.forward.app.fill	2025	26.0	26.0	26.0	26.0	26.0	multicolor,transportation				airplane.up.forward.app	fill
airplane.up.right	2025	26.0	26.0	26.0	26.0	26.0	transportation				airplane.up.right	
airplane.up.right.app	2025	26.0	26.0	26.0	26.0	26.0	transportation			airplane.up.right.app.fill	airplane.up.right.app	
airplane.up.right.app.fill	2025	26.0	26.0	26.0	26.0	26.0	multicolor,transportation				airplane.up.right.app	fill
airplaneseat	2025	26.0	26.0	26.0	26.0	26.0	transportation				airplaneseat	
airplay.audio	2024	18.0	15.0	18.0	11.0	2.0	variable		This symbol may not be modified and may only be used to refer to Apple’s AirPlay.		airplay.audio	
airplay.audio.badge.exclamationmark	2024	18.0	15.0	18.0	11.0	2.0	multicolor,variable	warning	This symbol may not be modified and may only be used to refer to Apple’s AirPlay.		airplay.audio.badge.exclamationmark	
airplay.audio.circle	2024	18.0	15.0	18.0	11.0	2.0	variable		This symbol may not be modified and may only be used to refer to Apple’s AirPlay.	airplay.audio.circle.fill	airplay.audio	circle
airplay.audio.circle.fill	2024	18.0	15.0	18.0	11.0	2.0	multicolor,variable		This symbol may not be modified and may only be used to refer to Apple’s AirPlay.		airplay.audio	circle,fill
airplay.video	2024	18.0	15.0	18.0	11.0	2.0			This symbol may not be modified and may only be used to refer to Apple’s AirPlay.		airplay.video	
airplay.video.badge.exclamationmark	2024	18.0	15.0	18.0	11.0	2.0	multicolor	warning	This symbol may not be modified and may only be used to refer to Apple’s AirPlay.		airplay.video.badge.exclamationmark	
airplay.video.circle	2024	18.0	15.0	18.0	11.0	2.0	variable		This symbol may not be modified and may only be used to refer to Apple’s AirPlay.	airplay.video.circle.fill	airplay.video	circle
airplay.video.circle.fill	2024	18.0	15.0	18.0	11.0	2.0	multicolor		This symbol may not be modified and may only be used to refer to Apple’s AirPlay.		airplay.video	circle,fill
airpod.gen3.left	2021.2	15.2	12.1	15.2	8.3	1.0	devices	audio,sound,speaker	This symbol may not be modified and may only be used to refer to Apple’s AirPods.		airpod.gen3.left	
airpod.gen3.right	2021.2	15.2	12.1	15.2	8.3	1.0	devices	audio,sound,speaker	This symbol may not be modified and may only be used to refer to Apple’s AirPods.		airpod.gen3.right	
airpod.left	2020	14.0	11.0	14.0	7.0	1.0	devices	audio,sound,speaker	This symbol may not be modified and may only be used to refer to Apple’s AirPods.		airpod.left	
airpod.right	2020	14.0	11.0	14.0	7.0	1.0	devices	audio,sound,speaker	This symbol may not be modified and may only be used to refer to Apple’s AirPods.		airpod.right	
airpods	2020	14.0	11.0	14.0	7.0	1.0	devices	audio,sound,speaker	This symbol may not be modified and may only be used to refer to Apple’s AirPods.		airpods	
airpods.chargingcase	2021	15.0	12.0	15.0	8.0	1.0	devices	audio	This symbol may not be modified and may only be used to refer to Apple’s AirPods.	airpods.chargingcase.fill	airpods.chargingcase	
airpods.chargingcase.fill	2021	15.0	12.0	15.0	8.0	1.0	devices	audio	This symbol may not be modified and may only be used to refer to Apple’s AirPods.		airpods.chargingcase	fill
airpods.chargingcase.wireless	2021	15.0	12.0	15.0	8.0	1.0	devices	audio	This symbol may not be modified and may only be used to refer to Apple’s AirPods.	airpods.chargingcase.wireless.fill	airpods.chargingcase.wireless	
airpods.chargingcase.wireless.fill	2021	15.0	12.0	15.0	8.0	1.0	devices	audio	This symbol may not be modified and may only be used to refer to Apple’s AirPods.		airpods.chargingcase.wireless	fill
airpods.gen3	2021.2	15.2	12.1	15.2	8.3	1.0	devices	audio,sound,speaker	This symbol may not be modified and may only be used to refer to Apple’s AirPods.		airpods.gen3	
airpods.gen3.chargingcase.wireless	2021.2	15.2	12.1	15.2	8.3	1.0	devices	audio	This symbol may not be modified and may only be used to refer to Apple’s AirPods.	airpods.gen3.chargingcase.wireless.fill	airpods.gen3.chargingcase.wireless	
airpods.gen3.chargingcase.wireless.fill	2021.2	15.2	12.1	15.2	8.3	1.0	devices	audio	This symbol may not be modified and may only be used to refer to Apple’s AirPods.		airpods.gen3.chargingcase.wireless	fill
airpods.gen4	2024.2	18.2	15.2	18.2	11.2	2.2	devices	audio	This symbol may not be modified and may only be used to refer to Apple’s AirPods.		airpods.gen4	
airpods.gen4.chargingcase.wireless	2024.2	18.2	15.2	18.2	11.2	2.2	devices	audio	This symbol may not be modified and may only be used to refer to Apple’s AirPods.	airpods.gen4.chargingcase.wireless.fill	airpods.gen4.chargingcase.wireless	
airpods.gen4.chargingcase.wireless.fill	2024.2	18.2	15.2	18.2	11.2	2.2	devices	audio	This symbol may not be modified and may only be used to refer to Apple’s AirPods.		airpods.gen4.chargingcase.wireless	fill
airpods.gen4.left	2024.2	18.2	15.2	18.2	11.2	2.2	devices	audio	This symbol may not be modified and may only be used to refer to Apple’s AirPods.		airpods.gen4.left	
airpods.gen4.right	2024.2	18.2	15.2	18.2	11.2	2.2	devices	audio	This symbol may not be modified and may only be used to refer to Apple’s AirPods.		airpods.gen4.right	
airpods.max	2024	18.0	15.0	18.0	11.0	2.0	devices,objectsandtools	audio,sound,speaker	This symbol may not be modified and may only be used to refer to Apple’s AirPods Max.		airpods.max	
airpods.pro	2024	18.0	15.0	18.0	11.0	2.0	devices	audio,sound,speaker	This symbol may not be modified and may only be used to refer to Apple’s AirPods Pro.		airpods.pro	
airpods.pro.chargingcase.wireless	2024	18.0	15.0	18.0	11.0	2.0	devices	audio	This symbol may not be modified and may only be used to refer to Apple’s AirPods Pro.	airpods.pro.chargingcase.wireless.fill	airpods.pro.chargingcase.wireless	
airpods.pro.chargingcase.wireless.fill	2024	18.0	15.0	18.0	11.0	2.0	devices	audio	This symbol may not be modified and may only be used to refer to Apple’s AirPods Pro.		airpods.pro.chargingcase.wireless	fill
airpods.pro.chargingcase.wireless.radiowaves.left.and.right	2024	18.0	15.0	18.0	11.0	2.0	devices,variable	audio	This symbol may not be modified and may only be used to refer to Apple’s AirPods Pro.	airpods.pro.chargingcase.wireless.radiowaves.left.and.right.fill	airpods.pro.chargingcase.wireless.radiowaves.left.and.right	
airpods.pro.chargingcase.wireless.radiowaves.left.and.right.fill	2024	18.0	15.0	18.0	11.0	2.0	devices,variable	audio	This symbol may not be modified and may only be used to refer to Apple’s AirPods Pro.		airpods.pro.chargingcase.wireless.radiowaves.left.and.right	fill
airpods.pro.gen1	2026	27.0	27.0	27.0	27.0	27.0	devices,whatsnew	audio,sound,speaker	This symbol may not be modified and may only be used to refer to Apple’s AirPods Pro.		airpods.pro.gen1	
airpods.pro.gen1.chargingcase.wireless	2026	27.0	27.0	27.0	27.0	27.0	devices,whatsnew	audio	This symbol may not be modified and may only be used to refer to Apple’s AirPods Pro.	airpods.pro.gen1.chargingcase.wireless.fill	airpods.pro.gen1.chargingcase.wireless	
airpods.pro.gen1.chargingcase.wireless.fill	2026	27.0	27.0	27.0	27.0	27.0	devices,whatsnew	audio	This symbol may not be modified and may only be used to refer to Apple’s AirPods Pro.		airpods.pro.gen1.chargingcase.wireless	fill
airpods.pro.gen1.chargingcase.wireless.radiowaves.left.and.right	2026	27.0	27.0	27.0	27.0	27.0	devices,variable,whatsnew	audio	This symbol may not be modified and may only be used to refer to Apple’s AirPods Pro.	airpods.pro.gen1.chargingcase.wireless.radiowaves.left.and.right.fill	airpods.pro.gen1.chargingcase.wireless.radiowaves.left.and.right	
airpods.pro.gen1.chargingcase.wireless.radiowaves.left.and.right.fill	2026	27.0	27.0	27.0	27.0	27.0	devices,variable,whatsnew	audio	This symbol may not be modified and may only be used to refer to Apple’s AirPods Pro.		airpods.pro.gen1.chargingcase.wireless.radiowaves.left.and.right	fill
airpods.pro.gen1.left	2026	27.0	27.0	27.0	27.0	27.0	devices,whatsnew	audio,sound,speaker	This symbol may not be modified and may only be used to refer to Apple’s AirPods Pro.		airpods.pro.gen1.left	
airpods.pro.gen1.right	2026	27.0	27.0	27.0	27.0	27.0	devices,whatsnew	audio,sound,speaker	This symbol may not be modified and may only be used to refer to Apple’s AirPods Pro.		airpods.pro.gen1.right	
airpods.pro.gen3	2026	27.0	27.0	27.0	27.0	27.0	devices,whatsnew	audio	This symbol may not be modified and may only be used to refer to Apple’s AirPods Pro.		airpods.pro.gen3	
airpods.pro.gen3.chargingcase.wireless	2026	27.0	27.0	27.0	27.0	27.0	devices,whatsnew	audio	This symbol may not be modified and may only be used to refer to Apple’s AirPods Pro.	airpods.pro.gen3.chargingcase.wireless.fill	airpods.pro.gen3.chargingcase.wireless	
airpods.pro.gen3.chargingcase.wireless.fill	2026	27.0	27.0	27.0	27.0	27.0	devices,whatsnew	audio	This symbol may not be modified and may only be used to refer to Apple’s AirPods Pro.		airpods.pro.gen3.chargingcase.wireless	fill
airpods.pro.gen3.chargingcase.wireless.radiowaves.left.and.right	2026	27.0	27.0	27.0	27.0	27.0	devices,variable,whatsnew	audio	This symbol may not be modified and may only be used to refer to Apple’s AirPods Pro.	airpods.pro.gen3.chargingcase.wireless.radiowaves.left.and.right.fill	airpods.pro.gen3.chargingcase.wireless.radiowaves.left.and.right	
airpods.pro.gen3.chargingcase.wireless.radiowaves.left.and.right.fill	2026	27.0	27.0	27.0	27.0	27.0	devices,variable,whatsnew	audio	This symbol may not be modified and may only be used to refer to Apple’s AirPods Pro.		airpods.pro.gen3.chargingcase.wireless.radiowaves.left.and.right	fill
airpods.pro.gen3.left	2026	27.0	27.0	27.0	27.0	27.0	devices,whatsnew	audio	This symbol may not be modified and may only be used to refer to Apple’s AirPods Pro.		airpods.pro.gen3.left	
airpods.pro.gen3.right	2026	27.0	27.0	27.0	27.0	27.0	devices,whatsnew	audio	This symbol may not be modified and may only be used to refer to Apple’s AirPods Pro.		airpods.pro.gen3.right	
airpods.pro.left	2024	18.0	15.0	18.0	11.0	2.0	devices	audio,sound,speaker	This symbol may not be modified and may only be used to refer to Apple’s AirPods Pro.		airpods.pro.left	
airpods.pro.right	2024	18.0	15.0	18.0	11.0	2.0	devices	audio,sound,speaker	This symbol may not be modified and may only be used to refer to Apple’s AirPods Pro.		airpods.pro.right	
airport.express	2020	14.0	11.0	14.0	7.0	1.0	devices		This symbol may not be modified and may only be used to refer to Apple’s AirPort Express.		airport.express	
airport.extreme	2020	14.0	11.0	14.0	7.0	1.0	devices	time capsule	This symbol may not be modified and may only be used to refer to Apple’s AirPort Extreme.		airport.extreme	
airport.extreme.tower	2020	14.0	11.0	14.0	7.0	1.0	devices		This symbol may not be modified and may only be used to refer to Apple’s AirPort Extreme.		airport.extreme.tower	
airtag	2021	15.0	12.0	15.0	8.0	1.0	devices	findable,location	This symbol may not be modified and may only be used to refer to Apple’s AirTag.	airtag.fill	airtag	
airtag.fill	2021	15.0	12.0	15.0	8.0	1.0	devices	findable,location	This symbol may not be modified and may only be used to refer to Apple’s AirTag.		airtag	fill
airtag.radiowaves.forward	2021	15.0	12.0	15.0	8.0	1.0	devices,variable	findable,location	This symbol may not be modified and may only be used to refer to Apple’s AirTag.	airtag.radiowaves.forward.fill	airtag.radiowaves.forward	
airtag.radiowaves.forward.fill	2021	15.0	12.0	15.0	8.0	1.0	devices,variable	findable,location	This symbol may not be modified and may only be used to refer to Apple’s AirTag.		airtag.radiowaves.forward	fill
alarm	2019	13.0	10.15	13.0	6.0	1.0	multicolor,objectsandtools,time	alarm		alarm.fill	alarm	
alarm.badge.exclamationmark	2026	27.0	27.0	27.0	27.0	27.0	multicolor,objectsandtools,time,whatsnew	alarm		alarm.badge.exclamationmark.fill	alarm.badge.exclamationmark	
alarm.badge.exclamationmark.fill	2026	27.0	27.0	27.0	27.0	27.0	multicolor,objectsandtools,time,whatsnew	alarm			alarm.badge.exclamationmark	fill
alarm.badge.minus	2026	27.0	27.0	27.0	27.0	27.0	multicolor,objectsandtools,time,whatsnew	alarm		alarm.badge.minus.fill	alarm.badge.minus	
alarm.badge.minus.fill	2026	27.0	27.0	27.0	27.0	27.0	multicolor,objectsandtools,time,whatsnew	alarm			alarm.badge.minus	fill
alarm.badge.xmark	2026	27.0	27.0	27.0	27.0	27.0	multicolor,objectsandtools,time,whatsnew	alarm		alarm.badge.xmark.fill	alarm.badge.xmark	
alarm.badge.xmark.fill	2026	27.0	27.0	27.0	27.0	27.0	multicolor,objectsandtools,time,whatsnew	alarm			alarm.badge.xmark	fill
alarm.fill	2019	13.0	10.15	13.0	6.0	1.0	objectsandtools,time	alarm			alarm	fill
alarm.slash	2026	27.0	27.0	27.0	27.0	27.0	multicolor,objectsandtools,time,whatsnew	alarm		alarm.slash.fill	alarm	slash
alarm.slash.fill	2026	27.0	27.0	27.0	27.0	27.0	objectsandtools,time,whatsnew	alarm			alarm	slash,fill
alarm.waves.left.and.right	2022	16.0	13.0	16.0	9.0	1.0	objectsandtools,time,variable	alarm		alarm.waves.left.and.right.fill	alarm.waves.left.and.right	
alarm.waves.left.and.right.fill	2022	16.0	13.0	16.0	9.0	1.0	objectsandtools,time,variable	alarm			alarm.waves.left.and.right	fill
align.horizontal.center	2021	15.0	12.0	15.0	8.0	1.0	editing	rectangle,shape		align.horizontal.center.fill	align.horizontal.center	
align.horizontal.center.fill	2021	15.0	12.0	15.0	8.0	1.0	editing	rectangle,shape			align.horizontal.center	fill
align.horizontal.left	2021	15.0	12.0	15.0	8.0	1.0	editing	rectangle,shape		align.horizontal.left.fill	align.horizontal.left	
align.horizontal.left.fill	2021	15.0	12.0	15.0	8.0	1.0	editing	rectangle,shape			align.horizontal.left	fill
align.horizontal.right	2021	15.0	12.0	15.0	8.0	1.0	editing	rectangle,shape		align.horizontal.right.fill	align.horizontal.right	
align.horizontal.right.fill	2021	15.0	12.0	15.0	8.0	1.0	editing	rectangle,shape			align.horizontal.right	fill
align.vertical.bottom	2021	15.0	12.0	15.0	8.0	1.0	editing	rectangle,shape		align.vertical.bottom.fill	align.vertical.bottom	
align.vertical.bottom.fill	2021	15.0	12.0	15.0	8.0	1.0	editing	rectangle,shape			align.vertical.bottom	fill
align.vertical.center	2021	15.0	12.0	15.0	8.0	1.0	editing	rectangle,shape		align.vertical.center.fill	align.vertical.center	
align.vertical.center.fill	2021	15.0	12.0	15.0	8.0	1.0	editing	rectangle,shape			align.vertical.center	fill
align.vertical.top	2021	15.0	12.0	15.0	8.0	1.0	editing	rectangle,shape		align.vertical.top.fill	align.vertical.top	
align.vertical.top.fill	2021	15.0	12.0	15.0	8.0	1.0	editing	rectangle,shape			align.vertical.top	fill
allergens	2021	15.0	12.0	15.0	8.0	1.0	health,multicolor,nature	COVID,exposure,medical,virus		allergens.fill	allergens	
allergens.fill	2022	16.0	13.0	16.0	9.0	1.0	health,nature	COVID,exposure,medical,virus			allergens	fill
alt	2019	13.0	10.15	13.0	6.0	1.0	keyboard				alt	
alternatingcurrent	2021	15.0	12.0	15.0	8.0	1.0					alternatingcurrent	
american.football	2024	18.0	15.0	18.0	11.0	2.0	fitness,objectsandtools	sports		american.football.fill	american.football	
american.football.circle	2024	18.0	15.0	18.0	11.0	2.0	fitness,objectsandtools,variable	sports		american.football.circle.fill	american.football	circle
american.football.circle.fill	2024	18.0	15.0	18.0	11.0	2.0	fitness,multicolor,objectsandtools	sports			american.football	circle,fill
american.football.fill	2024	18.0	15.0	18.0	11.0	2.0	fitness,objectsandtools	sports			american.football	fill
american.football.professional	2024	18.0	15.0	18.0	11.0	2.0	fitness,objectsandtools	sports		american.football.professional.fill	american.football.professional	
american.football.professional.circle	2024	18.0	15.0	18.0	11.0	2.0	fitness,objectsandtools,variable	sports		american.football.professional.circle.fill	american.football.professional	circle
american.football.professional.circle.fill	2024	18.0	15.0	18.0	11.0	2.0	fitness,multicolor,objectsandtools	sports			american.football.professional	circle,fill
american.football.professional.fill	2024	18.0	15.0	18.0	11.0	2.0	fitness,objectsandtools	sports			american.football.professional	fill
amplifier	2020	14.0	11.0	14.0	7.0	1.0	objectsandtools				amplifier	
angle	2022	16.0	13.0	16.0	9.0	1.0	math				angle	
ant	2019	13.0	10.15	13.0	6.0	1.0	nature	animals,bug,radar		ant.fill	ant	
ant.circle	2019	13.0	10.15	13.0	6.0	1.0	nature,variable	animals,bug,radar		ant.circle.fill	ant	circle
ant.circle.fill	2019	13.0	10.15	13.0	6.0	1.0	multicolor,nature	animals,bug,radar			ant	circle,fill
ant.fill	2019	13.0	10.15	13.0	6.0	1.0	nature	animals,bug,radar			ant	fill
antenna.radiowaves.left.and.right	2019	13.0	10.15	13.0	6.0	1.0	connectivity,multicolor,objectsandtools,variable	cellular,lte			antenna.radiowaves.left.and.right	
antenna.radiowaves.left.and.right.circle	2021	15.0	12.0	15.0	8.0	1.0	connectivity,multicolor,objectsandtools,variable	cellular,lte		antenna.radiowaves.left.and.right.circle.fill	antenna.radiowaves.left.and.right	circle
antenna.radiowaves.left.and.right.circle.fill	2021	15.0	12.0	15.0	8.0	1.0	connectivity,multicolor,objectsandtools,variable	cellular,lte			antenna.radiowaves.left.and.right	circle,fill
antenna.radiowaves.left.and.right.slash	2021	15.0	12.0	15.0	8.0	1.0	connectivity,multicolor,objectsandtools	cellular,lte,remove			antenna.radiowaves.left.and.right	slash
antenna.radiowaves.left.and.right.slash.circle	2024	18.0	15.0	18.0	11.0	2.0	connectivity,objectsandtools,variable	cellular,lte,remove		antenna.radiowaves.left.and.right.slash.circle.fill	antenna.radiowaves.left.and.right	slash,circle
antenna.radiowaves.left.and.right.slash.circle.fill	2024	18.0	15.0	18.0	11.0	2.0	connectivity,multicolor,objectsandtools	cellular,lte,remove			antenna.radiowaves.left.and.right	slash,circle,fill
app	2019	13.0	10.15	13.0	6.0	1.0	shapes			app.fill	app	
app.background.dotted	2025	26.0	26.0	26.0	26.0	26.0					app.background.dotted	
app.badge	2019	13.0	10.15	13.0	6.0	1.0	multicolor	notification		app.badge.fill	app.badge	
app.badge.checkmark	2021	15.0	12.0	15.0	8.0	1.0	multicolor			app.badge.checkmark.fill	app.badge.checkmark	
app.badge.checkmark.fill	2021	15.0	12.0	15.0	8.0	1.0	multicolor				app.badge.checkmark	fill
app.badge.clock	2024	18.0	15.0	18.0	11.0	2.0	multicolor			app.badge.clock.fill	app.badge.clock	
app.badge.clock.fill	2024	18.0	15.0	18.0	11.0	2.0	multicolor				app.badge.clock	fill
app.badge.fill	2019	13.0	10.15	13.0	6.0	1.0	multicolor	notification			app.badge	fill
app.connected.to.app.below.fill	2021	15.0	12.0	15.0	8.0	1.0	maps	activities,path,trail			app.connected.to.app.below	fill
app.dashed	2021	15.0	12.0	15.0	8.0	1.0					app.dashed	
app.fill	2019	13.0	10.15	13.0	6.0	1.0	shapes				app	fill
app.gift	2019	13.0	10.15	13.0	6.0	1.0				app.gift.fill	app.gift	
app.gift.fill	2019	13.0	10.15	13.0	6.0	1.0					app.gift	fill
app.grid	2025	26.0	26.0	26.0	26.0	26.0					app.grid	
app.grid.2x2	2026	27.0	27.0	27.0	27.0	27.0	whatsnew			app.grid.2x2.fill	app.grid.2x2	
app.grid.2x2.and.person.fill	2026	27.0	27.0	27.0	27.0	27.0	whatsnew				app.grid.2x2.and.person	fill
app.grid.2x2.bottom.dashed	2026	27.0	27.0	27.0	27.0	27.0	whatsnew			app.grid.2x2.bottom.dashed.fill	app.grid.2x2.bottom.dashed	
app.grid.2x2.bottom.dashed.fill	2026	27.0	27.0	27.0	27.0	27.0	whatsnew				app.grid.2x2.bottom.dashed	fill
app.grid.2x2.fill	2026	27.0	27.0	27.0	27.0	27.0	whatsnew				app.grid.2x2	fill
app.grid.2x2.topleading.dashed	2026	27.0	27.0	27.0	27.0	27.0	whatsnew			app.grid.2x2.topleading.dashed.fill	app.grid.2x2.topleading.dashed	
app.grid.2x2.topleading.dashed.fill	2026	27.0	27.0	27.0	27.0	27.0	whatsnew				app.grid.2x2.topleading.dashed	fill
app.grid.2x2.topleading.filled	2026	27.0	27.0	27.0	27.0	27.0	whatsnew				app.grid.2x2.topleading.filled	
app.grid.2x2.topleft.dashed	2026	27.0	27.0	27.0	27.0	27.0	whatsnew			app.grid.2x2.topleft.dashed.fill	app.grid.2x2.topleft.dashed	
app.grid.2x2.topleft.dashed.fill	2026	27.0	27.0	27.0	27.0	27.0	whatsnew				app.grid.2x2.topleft.dashed	fill
app.grid.2x2.topleft.filled	2026	27.0	27.0	27.0	27.0	27.0	whatsnew				app.grid.2x2.topleft.filled	
app.shadow	2025	26.0	26.0	26.0	26.0	26.0					app.shadow	
app.slash	2026	27.0	27.0	27.0	27.0	27.0	whatsnew			app.slash.fill	app	slash
app.slash.fill	2026	27.0	27.0	27.0	27.0	27.0	whatsnew				app	slash,fill
app.specular	2025	26.0	26.0	26.0	26.0	26.0					app.specular	
app.translucent	2025	26.0	26.0	26.0	26.0	26.0					app.translucent	
appclip	2020	14.0	11.0	14.0	7.0	1.0			This symbol may not be modified and may only be used to refer to Apple’s App Clips.		appclip	
append.page	2024	18.0	15.0	18.0	11.0	2.0				append.page.fill	append.page	
append.page.fill	2024	18.0	15.0	18.0	11.0	2.0					append.page	fill
apple.books.pages	2025	26.0	26.0	26.0	26.0	26.0				apple.books.pages.fill	apple.books.pages	
apple.books.pages.fill	2025	26.0	26.0	26.0	26.0	26.0	multicolor				apple.books.pages	fill
apple.classical.pages	2025	26.0	26.0	26.0	26.0	26.0				apple.classical.pages.fill	apple.classical.pages	
apple.classical.pages.fill	2025	26.0	26.0	26.0	26.0	26.0	multicolor				apple.classical.pages	fill
apple.haptics.and.exclamationmark.triangle	2024	18.0	15.0	18.0	11.0	2.0	multicolor		This symbol may not be modified and may only be used to refer to music based haptic feedback for software that is compatible with the Core Haptics API.		apple.haptics.and.exclamationmark.triangle	
apple.haptics.and.music.note	2024	18.0	15.0	18.0	11.0	2.0			This symbol may not be modified and may only be used to refer to music based haptic feedback for software that is compatible with the Core Haptics API.		apple.haptics.and.music.note	
apple.haptics.and.music.note.slash	2024	18.0	15.0	18.0	11.0	2.0			This symbol may not be modified and may only be used to refer to music based haptic feedback for software that is compatible with the Core Haptics API.		apple.haptics.and.music.note	slash
apple.homekit	2025	26.0	26.0	26.0	26.0	26.0	home,multicolor,variable		This symbol may not be modified and may only be used to refer to Apple’s HomeKit.		apple.homekit	
apple.image.playground	2024	18.0	15.0	18.0	11.0	2.0		sparkles	This symbol may not be modified and may only be used to refer to Apple’s Image Playground app.	apple.image.playground.fill	apple.image.playground	
apple.image.playground.fill	2024	18.0	15.0	18.0	11.0	2.0	multicolor	sparkles	This symbol may not be modified and may only be used to refer to Apple’s Image Playground app.		apple.image.playground	fill
apple.intelligence	2024	18.0	15.0	18.0	11.0	2.0			This symbol may not be modified and may only be used to refer to Apple Intelligence.		apple.intelligence	
apple.intelligence.badge.xmark	2024.4	18.5	15.5	18.5	11.5	2.5	multicolor		This symbol may not be modified and may only be used to refer to Apple Intelligence.		apple.intelligence.badge.xmark	
apple.logo	2022	16.0	13.0	16.0	9.0	1.0			This symbol may not be modified and may only be used to refer to Sign in with Apple.		apple.logo	
apple.meditate	2023.3	17.4	14.4	17.4	10.4	1.1	health,nature		This symbol may not be modified and may only be used to refer to Apple’s Meditation in Fitness+.		apple.meditate	
apple.meditate.circle	2024	18.0	15.0	18.0	11.0	2.0	health,nature,variable		This symbol may not be modified and may only be used to refer to Apple’s Meditation in Fitness+.	apple.meditate.circle.fill	apple.meditate	circle
apple.meditate.circle.fill	2024	18.0	15.0	18.0	11.0	2.0	health,multicolor,nature		This symbol may not be modified and may only be used to refer to Apple’s Meditation in Fitness+.		apple.meditate	circle,fill
apple.meditate.square.stack	2023.3	17.4	14.4	17.4	10.4	1.1	health,nature		This symbol may not be modified and may only be used to refer to Apple’s Meditation in Fitness+.	apple.meditate.square.stack.fill	apple.meditate.square.stack	
apple.meditate.square.stack.fill	2023.3	17.4	14.4	17.4	10.4	1.1	health,nature		This symbol may not be modified and may only be used to refer to Apple’s Meditation in Fitness+.		apple.meditate.square.stack	fill
apple.podcasts.pages	2025	26.0	26.0	26.0	26.0	26.0				apple.podcasts.pages.fill	apple.podcasts.pages	
apple.podcasts.pages.fill	2025	26.0	26.0	26.0	26.0	26.0	multicolor				apple.podcasts.pages	fill
apple.terminal	2023	17.0	14.0	17.0	10.0	1.0	multicolor			apple.terminal.fill	apple.terminal	
apple.terminal.circle	2023.3	17.4	14.4	17.4	10.4	1.1	variable			apple.terminal.circle.fill	apple.terminal	circle
apple.terminal.circle.fill	2023.3	17.4	14.4	17.4	10.4	1.1	multicolor				apple.terminal	circle,fill
apple.terminal.fill	2023	17.0	14.0	17.0	10.0	1.0	multicolor				apple.terminal	fill
apple.terminal.on.rectangle	2023	17.0	14.0	17.0	10.0	1.0	multicolor			apple.terminal.on.rectangle.fill	apple.terminal.on	rectangle
apple.terminal.on.rectangle.fill	2023	17.0	14.0	17.0	10.0	1.0	multicolor				apple.terminal.on	rectangle,fill
apple.writing.tools	2024.2	18.2	15.2	18.2	11.2	2.2	multicolor		This symbol may not be modified and may only be used to refer to Apple’s Writing Tools.		apple.writing.tools	
applepencil	2021	15.0	12.0	15.0	8.0	1.0	devices		This symbol may not be modified and may only be used to refer to Apple Pencil.		applepencil	
applepencil.adapter.usb.c	2023	17.0	14.0	17.0	10.0	1.0	devices		This symbol may not be modified and may only be used to refer to Apple Pencil.	applepencil.adapter.usb.c.fill	applepencil.adapter.usb.c	
applepencil.adapter.usb.c.fill	2023	17.0	14.0	17.0	10.0	1.0	devices		This symbol may not be modified and may only be used to refer to Apple Pencil.		applepencil.adapter.usb.c	fill
applepencil.and.scribble	2023	17.0	14.0	17.0	10.0	1.0	devices		This symbol may not be modified and may only be used to refer to Apple Pencil.		applepencil.and.scribble	
applepencil.doubletap	2024	18.0	15.0	18.0	11.0	2.0	devices,variable		This symbol may not be modified and may only be used to refer to Apple Pencil.		applepencil.doubletap	
applepencil.gen1	2023	17.0	14.0	17.0	10.0	1.0	devices		This symbol may not be modified and may only be used to refer to Apple Pencil.		applepencil.gen1	
applepencil.gen2	2023	17.0	14.0	17.0	10.0	1.0	devices		This symbol may not be modified and may only be used to refer to Apple Pencil.		applepencil.gen2	
applepencil.hover	2024	18.0	15.0	18.0	11.0	2.0	devices		This symbol may not be modified and may only be used to refer to Apple Pencil.		applepencil.hover	
applepencil.squeeze	2024	18.0	15.0	18.0	11.0	2.0	devices,variable		This symbol may not be modified and may only be used to refer to Apple Pencil.		applepencil.squeeze	
applepencil.tip	2023	17.0	14.0	17.0	10.0	1.0	devices		This symbol may not be modified and may only be used to refer to Apple Pencil.		applepencil.tip	
applescript	2020	14.0	11.0	14.0	7.0	1.0			This symbol may not be modified and may only be used to refer to Apple’s AppleScript language.	applescript.fill	applescript	
applescript.fill	2020	14.0	11.0	14.0	7.0	1.0			This symbol may not be modified and may only be used to refer to Apple’s AppleScript language.		applescript	fill
appletv	2020	14.0	11.0	14.0	7.0	1.0	devices		This symbol may not be modified and may only be used to refer to Apple TV.	appletv.fill	appletv	
appletv.badge.checkmark	2025	26.0	26.0	26.0	26.0	26.0	devices,multicolor		This symbol may not be modified and may only be used to refer to Apple TV.	appletv.badge.checkmark.fill	appletv.badge.checkmark	
appletv.badge.checkmark.fill	2025	26.0	26.0	26.0	26.0	26.0	devices,multicolor		This symbol may not be modified and may only be used to refer to Apple TV.		appletv.badge.checkmark	fill
appletv.badge.exclamationmark	2025	26.0	26.0	26.0	26.0	26.0	devices,multicolor		This symbol may not be modified and may only be used to refer to Apple TV.	appletv.badge.exclamationmark.fill	appletv.badge.exclamationmark	
appletv.badge.exclamationmark.fill	2025	26.0	26.0	26.0	26.0	26.0	devices,multicolor		This symbol may not be modified and may only be used to refer to Apple TV.		appletv.badge.exclamationmark	fill
appletv.fill	2020	14.0	11.0	14.0	7.0	1.0	devices,multicolor		This symbol may not be modified and may only be used to refer to Apple TV.		appletv	fill
appletvremote.gen1	2021	15.0	12.0	15.0	8.0	1.0	devices		This symbol may not be modified and may only be used to refer to Apple TV.	appletvremote.gen1.fill	appletvremote.gen1	
appletvremote.gen1.fill	2021	15.0	12.0	15.0	8.0	1.0	devices		This symbol may not be modified and may only be used to refer to Apple TV.		appletvremote.gen1	fill
appletvremote.gen2	2021	15.0	12.0	15.0	8.0	1.0	devices		This symbol may not be modified and may only be used to refer to Apple TV.	appletvremote.gen2.fill	appletvremote.gen2	
appletvremote.gen2.fill	2021	15.0	12.0	15.0	8.0	1.0	devices		This symbol may not be modified and may only be used to refer to Apple TV.		appletvremote.gen2	fill
appletvremote.gen3	2021	15.0	12.0	15.0	8.0	1.0	devices		This symbol may not be modified and may only be used to refer to Apple TV.	appletvremote.gen3.fill	appletvremote.gen3	
appletvremote.gen3.fill	2021	15.0	12.0	15.0	8.0	1.0	devices		This symbol may not be modified and may only be used to refer to Apple TV.		appletvremote.gen3	fill
appletvremote.gen4	2021	15.0	12.0	15.0	8.0	1.0	devices		This symbol may not be modified and may only be used to refer to Apple TV.	appletvremote.gen4.fill	appletvremote.gen4	
appletvremote.gen4.fill	2021	15.0	12.0	15.0	8.0	1.0	devices		This symbol may not be modified and may only be used to refer to Apple TV.		appletvremote.gen4	fill
applewatch	2020	14.0	11.0	14.0	7.0	1.0	devices		This symbol may not be modified and may only be used to refer to Apple Watch.		applewatch	
applewatch.and.arrow.forward	2023	17.0	14.0	17.0	10.0	1.0	devices		This symbol may not be modified and may only be used to refer to Apple Watch.		applewatch.and.arrow.forward	
applewatch.badge.checkmark	2025	26.0	26.0	26.0	26.0	26.0	devices,multicolor		This symbol may not be modified and may only be used to refer to Apple Watch.		applewatch.badge.checkmark	
applewatch.badge.exclamationmark	2025	26.0	26.0	26.0	26.0	26.0	devices,multicolor		This symbol may not be modified and may only be used to refer to Apple Watch.		applewatch.badge.exclamationmark	
applewatch.case.sizes	2024	18.0	15.0	18.0	11.0	2.0	devices		This symbol may not be modified and may only be used to refer to Apple Watch.		applewatch.case.sizes	
applewatch.radiowaves.left.and.right	2020	14.0	11.0	14.0	7.0	1.0	devices,variable		This symbol may not be modified and may only be used to refer to Apple Watch.		applewatch.radiowaves.left.and.right	
applewatch.side.right	2020.2	14.5	11.3	14.5	7.4	1.0	devices		This symbol may not be modified and may only be used to refer to Apple Watch.		applewatch.side.right	
applewatch.slash	2020	14.0	11.0	14.0	7.0	1.0	devices	remove	This symbol may not be modified and may only be used to refer to Apple Watch.		applewatch	slash
applewatch.watchface	2020	14.0	11.0	14.0	7.0	1.0	devices		This symbol may not be modified and may only be used to refer to Apple Watch.		applewatch.watchface	
apps.ipad	2020	14.0	11.0	14.0	7.0	1.0	devices		This symbol may not be modified and may only be used to refer to Apple’s iPad.		apps.ipad	
apps.ipad.badge.checkmark	2025	26.0	26.0	26.0	26.0	26.0	devices,multicolor		This symbol may not be modified and may only be used to refer to Apple’s iPad.		apps.ipad.badge.checkmark	
apps.ipad.badge.exclamationmark	2026	27.0	27.0	27.0	27.0	27.0	devices,multicolor,whatsnew		This symbol may not be modified and may only be used to refer to Apple’s iPad.		apps.ipad.badge.exclamationmark	
apps.ipad.badge.plus	2025	26.0	26.0	26.0	26.0	26.0	devices,multicolor		This symbol may not be modified and may only be used to refer to Apple’s iPad.		apps.ipad.badge.plus	
apps.ipad.landscape	2020	14.0	11.0	14.0	7.0	1.0	devices		This symbol may not be modified and may only be used to refer to Apple’s iPad.		apps.ipad.landscape	
apps.ipad.on.rectangle.portrait.dashed	2025	26.0	26.0	26.0	26.0	26.0	devices		This symbol may not be modified and may only be used to refer to Apple’s iPad.		apps.ipad.on.rectangle.portrait.dashed	
apps.iphone	2020	14.0	11.0	14.0	7.0	1.0	devices		This symbol may not be modified and may only be used to refer to Apple’s iPhone.		apps.iphone	
apps.iphone.badge.checkmark	2025	26.0	26.0	26.0	26.0	26.0	devices,multicolor		This symbol may not be modified and may only be used to refer to Apple’s iPhone.		apps.iphone.badge.checkmark	
apps.iphone.badge.exclamationmark	2026	27.0	27.0	27.0	27.0	27.0	devices,multicolor,whatsnew		This symbol may not be modified and may only be used to refer to Apple’s iPhone.		apps.iphone.badge.exclamationmark	
apps.iphone.badge.plus	2020	14.0	11.0	14.0	7.0	1.0	devices,multicolor	add	This symbol may not be modified and may only be used to refer to Apple’s iPhone.		apps.iphone.badge.plus	
apps.iphone.landscape	2020	14.0	11.0	14.0	7.0	1.0	devices		This symbol may not be modified and may only be used to refer to Apple’s iPhone.		apps.iphone.landscape	
appwindow.swipe.rectangle	2023	17.0	14.0	17.0	10.0	1.0					appwindow.swipe	rectangle
aqi.high	2020.1	14.2	11.0	14.2	7.1	1.0	multicolor,variable,weather	!,warning,weather			aqi.high	
aqi.low	2020.1	14.2	11.0	14.2	7.1	1.0	variable,weather	weather			aqi.low	
aqi.medium	2020.1	14.2	11.0	14.2	7.1	1.0	variable,weather	weather			aqi.medium	
aqi.medium.gauge.open	2025	26.0	26.0	26.0	26.0	26.0	variable				aqi.medium.gauge.open	
arcade.stick	2023	17.0	14.0	17.0	10.0	1.0	gaming	neutral,tilt			arcade.stick	
arcade.stick.and.arrow.down	2023	17.0	14.0	17.0	10.0	1.0	gaming	tilt,vertical			arcade.stick.and.arrow.down	
arcade.stick.and.arrow.left	2023	17.0	14.0	17.0	10.0	1.0	gaming	horizontal,tilt			arcade.stick.and.arrow.left	
arcade.stick.and.arrow.left.and.arrow.right.outward	2024	18.0	15.0	18.0	11.0	2.0	gaming	horizontal,tilt			arcade.stick.and.arrow.left.and.arrow.right.outward	
arcade.stick.and.arrow.right	2023	17.0	14.0	17.0	10.0	1.0	gaming	horizontal,tilt			arcade.stick.and.arrow.right	
arcade.stick.and.arrow.up	2023	17.0	14.0	17.0	10.0	1.0	gaming	tilt,vertical			arcade.stick.and.arrow.up	
arcade.stick.and.arrow.up.and.arrow.down	2023	17.0	14.0	17.0	10.0	1.0	gaming	tilt,vertical			arcade.stick.and.arrow.up.and.arrow.down	
arcade.stick.console	2023	17.0	14.0	17.0	10.0	1.0	devices,gaming,objectsandtools			arcade.stick.console.fill	arcade.stick.console	
arcade.stick.console.fill	2023	17.0	14.0	17.0	10.0	1.0	devices,gaming,objectsandtools				arcade.stick.console	fill
archivebox	2019	13.0	10.15	13.0	6.0	1.0	objectsandtools	archive,mail		archivebox.fill	archivebox	
archivebox.circle	2020	14.0	11.0	14.0	7.0	1.0	objectsandtools,variable	archive		archivebox.circle.fill	archivebox	circle
archivebox.circle.fill	2020	14.0	11.0	14.0	7.0	1.0	multicolor,objectsandtools	archive			archivebox	circle,fill
archivebox.fill	2019	13.0	10.15	13.0	6.0	1.0	objectsandtools	archive,mail			archivebox	fill
arkit	2019	13.0	10.15	13.0	6.0	1.0			This symbol may not be modified and may only be used to refer to Apple’s ARKit.		arkit	
arkit.badge.xmark	2021	15.0	12.0	15.0	8.0	1.0	multicolor		This symbol may not be modified and may only be used to refer to Apple’s ARKit.		arkit.badge.xmark	
arrow.2.squarepath	2019	13.0	10.15	13.0	6.0	1.0	arrows				arrow.2.squarepath	
arrow.3.trianglepath	2019	13.0	10.15	13.0	6.0	1.0	arrows	recycle			arrow.3.trianglepath	
arrow.backward	2020	14.0	11.0	14.0	7.0	1.0	arrows	left			arrow.backward	
arrow.backward.circle	2020	14.0	11.0	14.0	7.0	1.0	arrows,variable	left		arrow.backward.circle.fill	arrow.backward	circle
arrow.backward.circle.dotted	2024	18.0	15.0	18.0	11.0	2.0	arrows	left			arrow.backward.circle.dotted	
arrow.backward.circle.fill	2020	14.0	11.0	14.0	7.0	1.0	arrows,multicolor	left			arrow.backward	circle,fill
arrow.backward.square	2020	14.0	11.0	14.0	7.0	1.0	arrows	left		arrow.backward.square.fill	arrow.backward	square
arrow.backward.square.fill	2020	14.0	11.0	14.0	7.0	1.0	arrows,multicolor	left			arrow.backward	square,fill
arrow.backward.to.line	2021	15.0	12.0	15.0	8.0	1.0	arrows,keyboard	indent,tab			arrow.backward.to.line	
arrow.backward.to.line.circle	2021	15.0	12.0	15.0	8.0	1.0	arrows,variable			arrow.backward.to.line.circle.fill	arrow.backward.to.line	circle
arrow.backward.to.line.circle.fill	2021	15.0	12.0	15.0	8.0	1.0	arrows,multicolor				arrow.backward.to.line	circle,fill
arrow.backward.to.line.compact	2024.3	18.4	15.4	18.4	11.4	2.4	arrows,keyboard	indent,tab			arrow.backward.to.line.compact	
arrow.backward.to.line.square	2023	17.0	14.0	17.0	10.0	1.0	arrows			arrow.backward.to.line.square.fill	arrow.backward.to.line	square
arrow.backward.to.line.square.fill	2023	17.0	14.0	17.0	10.0	1.0	arrows,multicolor				arrow.backward.to.line	square,fill
arrow.clockwise	2019	13.0	10.15	13.0	6.0	1.0	arrows	refresh			arrow.clockwise	
arrow.clockwise.circle	2019	13.0	10.15	13.0	6.0	1.0	arrows,variable	refresh		arrow.clockwise.circle.fill	arrow.clockwise	circle
arrow.clockwise.circle.fill	2019	13.0	10.15	13.0	6.0	1.0	arrows,multicolor	refresh			arrow.clockwise	circle,fill
arrow.clockwise.square	2023	17.0	14.0	17.0	10.0	1.0	arrows	refresh		arrow.clockwise.square.fill	arrow.clockwise	square
arrow.clockwise.square.fill	2023	17.0	14.0	17.0	10.0	1.0	arrows,multicolor	refresh			arrow.clockwise	square,fill
arrow.counterclockwise	2019	13.0	10.15	13.0	6.0	1.0	arrows	revert			arrow.counterclockwise	
arrow.counterclockwise.circle	2019	13.0	10.15	13.0	6.0	1.0	arrows,variable	revert		arrow.counterclockwise.circle.fill	arrow.counterclockwise	circle
arrow.counterclockwise.circle.fill	2019	13.0	10.15	13.0	6.0	1.0	arrows,multicolor	revert			arrow.counterclockwise	circle,fill
arrow.counterclockwise.square	2023	17.0	14.0	17.0	10.0	1.0	arrows	revert		arrow.counterclockwise.square.fill	arrow.counterclockwise	square
arrow.counterclockwise.square.fill	2023	17.0	14.0	17.0	10.0	1.0	arrows,multicolor	revert			arrow.counterclockwise	square,fill
arrow.down	2019	13.0	10.15	13.0	6.0	1.0	arrows	download,downloads			arrow.down	
arrow.down.and.line.horizontal.and.arrow.up	2022	16.0	13.0	16.0	9.0	1.0	arrows	middle			arrow.down.and.line.horizontal.and.arrow.up	
arrow.down.app	2020	14.0	11.0	14.0	7.0	1.0	arrows			arrow.down.app.fill	arrow.down.app	
arrow.down.app.dashed	2023.3	17.4	14.4	17.4	10.4	1.1					arrow.down.app.dashed	
arrow.down.app.dashed.trianglebadge.exclamationmark	2023.3	17.4	14.4	17.4	10.4	1.1	multicolor				arrow.down.app.dashed.trianglebadge.exclamationmark	
arrow.down.app.fill	2020	14.0	11.0	14.0	7.0	1.0	arrows,multicolor				arrow.down.app	fill
arrow.down.applewatch	2023	17.0	14.0	17.0	10.0	1.0	devices		This symbol may not be modified and may only be used to refer to Apple Watch.		arrow.down.applewatch	
arrow.down.backward	2020	14.0	11.0	14.0	7.0	1.0	arrows	left			arrow.down.backward	
arrow.down.backward.and.arrow.up.forward	2023	17.0	14.0	17.0	10.0	1.0	arrows,cameraandphotos				arrow.down.backward.and.arrow.up.forward	
arrow.down.backward.and.arrow.up.forward.circle	2023	17.0	14.0	17.0	10.0	1.0	arrows,cameraandphotos,variable			arrow.down.backward.and.arrow.up.forward.circle.fill	arrow.down.backward.and.arrow.up.forward	circle
arrow.down.backward.and.arrow.up.forward.circle.fill	2023	17.0	14.0	17.0	10.0	1.0	arrows,cameraandphotos,multicolor				arrow.down.backward.and.arrow.up.forward	circle,fill
arrow.down.backward.and.arrow.up.forward.rectangle	2024	18.0	15.0	18.0	11.0	2.0	arrows			arrow.down.backward.and.arrow.up.forward.rectangle.fill	arrow.down.backward.and.arrow.up.forward	rectangle
arrow.down.backward.and.arrow.up.forward.rectangle.fill	2024	18.0	15.0	18.0	11.0	2.0	arrows,multicolor				arrow.down.backward.and.arrow.up.forward	rectangle,fill
arrow.down.backward.and.arrow.up.forward.square	2023	17.0	14.0	17.0	10.0	1.0	arrows,cameraandphotos			arrow.down.backward.and.arrow.up.forward.square.fill	arrow.down.backward.and.arrow.up.forward	square
arrow.down.backward.and.arrow.up.forward.square.fill	2023	17.0	14.0	17.0	10.0	1.0	arrows,cameraandphotos,multicolor				arrow.down.backward.and.arrow.up.forward	square,fill
arrow.down.backward.circle	2020	14.0	11.0	14.0	7.0	1.0	arrows,variable	left		arrow.down.backward.circle.fill	arrow.down.backward	circle
arrow.down.backward.circle.dotted	2024	18.0	15.0	18.0	11.0	2.0	arrows	left			arrow.down.backward.circle.dotted	
arrow.down.backward.circle.fill	2020	14.0	11.0	14.0	7.0	1.0	arrows,multicolor	left			arrow.down.backward	circle,fill
arrow.down.backward.square	2020	14.0	11.0	14.0	7.0	1.0	arrows	left		arrow.down.backward.square.fill	arrow.down.backward	square
arrow.down.backward.square.fill	2020	14.0	11.0	14.0	7.0	1.0	arrows,multicolor	left			arrow.down.backward	square,fill
arrow.down.backward.toptrailing.rectangle	2023	17.0	14.0	17.0	10.0	1.0	arrows			arrow.down.backward.toptrailing.rectangle.fill	arrow.down.backward.toptrailing	rectangle
arrow.down.backward.toptrailing.rectangle.fill	2023	17.0	14.0	17.0	10.0	1.0	arrows,multicolor				arrow.down.backward.toptrailing	rectangle,fill
arrow.down.circle	2019	13.0	10.15	13.0	6.0	1.0	arrows,variable	download,downloads		arrow.down.circle.fill	arrow.down	circle
arrow.down.circle.badge.pause	2025	26.0	26.0	26.0	26.0	26.0	arrows,multicolor,variable	download,downloads		arrow.down.circle.badge.pause.fill	arrow.down.circle.badge.pause	
arrow.down.circle.badge.pause.fill	2025	26.0	26.0	26.0	26.0	26.0	arrows,multicolor	download,downloads			arrow.down.circle.badge.pause	fill
arrow.down.circle.badge.xmark	2025	26.0	26.0	26.0	26.0	26.0	arrows,multicolor,variable	download,downloads		arrow.down.circle.badge.xmark.fill	arrow.down.circle.badge.xmark	
arrow.down.circle.badge.xmark.fill	2025	26.0	26.0	26.0	26.0	26.0	arrows,multicolor	download,downloads			arrow.down.circle.badge.xmark	fill
arrow.down.circle.dotted	2023	17.0	14.0	17.0	10.0	1.0	arrows	download,downloads			arrow.down.circle.dotted	
arrow.down.circle.fill	2019	13.0	10.15	13.0	6.0	1.0	arrows,multicolor	download,downloads			arrow.down	circle,fill
arrow.down.document	2024	18.0	15.0	18.0	11.0	2.0	objectsandtools			arrow.down.document.fill	arrow.down.document	
arrow.down.document.fill	2024	18.0	15.0	18.0	11.0	2.0	multicolor,objectsandtools				arrow.down.document	fill
arrow.down.forward	2020	14.0	11.0	14.0	7.0	1.0	arrows	right			arrow.down.forward	
arrow.down.forward.and.arrow.up.backward	2020	14.0	11.0	14.0	7.0	1.0	arrows,cameraandphotos				arrow.down.forward.and.arrow.up.backward	
arrow.down.forward.and.arrow.up.backward.circle	2020	14.0	11.0	14.0	7.0	1.0	arrows,cameraandphotos,variable			arrow.down.forward.and.arrow.up.backward.circle.fill	arrow.down.forward.and.arrow.up.backward	circle
arrow.down.forward.and.arrow.up.backward.circle.fill	2020	14.0	11.0	14.0	7.0	1.0	arrows,cameraandphotos,multicolor				arrow.down.forward.and.arrow.up.backward	circle,fill
arrow.down.forward.and.arrow.up.backward.rectangle	2024	18.0	15.0	18.0	11.0	2.0	arrows			arrow.down.forward.and.arrow.up.backward.rectangle.fill	arrow.down.forward.and.arrow.up.backward	rectangle
arrow.down.forward.and.arrow.up.backward.rectangle.fill	2024	18.0	15.0	18.0	11.0	2.0	arrows,multicolor				arrow.down.forward.and.arrow.up.backward	rectangle,fill
arrow.down.forward.and.arrow.up.backward.square	2023	17.0	14.0	17.0	10.0	1.0	arrows,cameraandphotos			arrow.down.forward.and.arrow.up.backward.square.fill	arrow.down.forward.and.arrow.up.backward	square
arrow.down.forward.and.arrow.up.backward.square.fill	2023	17.0	14.0	17.0	10.0	1.0	arrows,cameraandphotos,multicolor				arrow.down.forward.and.arrow.up.backward	square,fill
arrow.down.forward.circle	2020	14.0	11.0	14.0	7.0	1.0	arrows,variable	right		arrow.down.forward.circle.fill	arrow.down.forward	circle
arrow.down.forward.circle.dotted	2024	18.0	15.0	18.0	11.0	2.0	arrows	right			arrow.down.forward.circle.dotted	
arrow.down.forward.circle.fill	2020	14.0	11.0	14.0	7.0	1.0	arrows,multicolor	right			arrow.down.forward	circle,fill
arrow.down.forward.square	2020	14.0	11.0	14.0	7.0	1.0	arrows	right		arrow.down.forward.square.fill	arrow.down.forward	square
arrow.down.forward.square.fill	2020	14.0	11.0	14.0	7.0	1.0	arrows,multicolor	right			arrow.down.forward	square,fill
arrow.down.forward.topleading.rectangle	2023	17.0	14.0	17.0	10.0	1.0	arrows			arrow.down.forward.topleading.rectangle.fill	arrow.down.forward.topleading	rectangle
arrow.down.forward.topleading.rectangle.fill	2023	17.0	14.0	17.0	10.0	1.0	arrows,multicolor				arrow.down.forward.topleading	rectangle,fill
arrow.down.heart	2020	14.0	11.0	14.0	7.0	1.0	arrows			arrow.down.heart.fill	arrow.down.heart	
arrow.down.heart.fill	2020	14.0	11.0	14.0	7.0	1.0	arrows,multicolor				arrow.down.heart	fill
arrow.down.left	2019	13.0	10.15	13.0	6.0	1.0	arrows				arrow.down.left	
arrow.down.left.and.arrow.up.right	2023	17.0	14.0	17.0	10.0	1.0	arrows,cameraandphotos				arrow.down.left.and.arrow.up.right	
arrow.down.left.and.arrow.up.right.circle	2023	17.0	14.0	17.0	10.0	1.0	arrows,cameraandphotos,variable			arrow.down.left.and.arrow.up.right.circle.fill	arrow.down.left.and.arrow.up.right	circle
arrow.down.left.and.arrow.up.right.circle.fill	2023	17.0	14.0	17.0	10.0	1.0	arrows,cameraandphotos,multicolor				arrow.down.left.and.arrow.up.right	circle,fill
arrow.down.left.and.arrow.up.right.rectangle	2024	18.0	15.0	18.0	11.0	2.0	arrows			arrow.down.left.and.arrow.up.right.rectangle.fill	arrow.down.left.and.arrow.up.right	rectangle
arrow.down.left.and.arrow.up.right.rectangle.fill	2024	18.0	15.0	18.0	11.0	2.0	arrows,multicolor				arrow.down.left.and.arrow.up.right	rectangle,fill
arrow.down.left.and.arrow.up.right.square	2023	17.0	14.0	17.0	10.0	1.0	arrows,cameraandphotos			arrow.down.left.and.arrow.up.right.square.fill	arrow.down.left.and.arrow.up.right	square
arrow.down.left.and.arrow.up.right.square.fill	2023	17.0	14.0	17.0	10.0	1.0	arrows,cameraandphotos,multicolor				arrow.down.left.and.arrow.up.right	square,fill
arrow.down.left.arrow.up.right	2023	17.0	14.0	17.0	10.0	1.0	arrows				arrow.down.left.arrow.up.right	
arrow.down.left.arrow.up.right.circle	2023	17.0	14.0	17.0	10.0	1.0	arrows,variable			arrow.down.left.arrow.up.right.circle.fill	arrow.down.left.arrow.up.right	circle
arrow.down.left.arrow.up.right.circle.fill	2023	17.0	14.0	17.0	10.0	1.0	arrows,multicolor				arrow.down.left.arrow.up.right	circle,fill
arrow.down.left.arrow.up.right.square	2023	17.0	14.0	17.0	10.0	1.0	arrows			arrow.down.left.arrow.up.right.square.fill	arrow.down.left.arrow.up.right	square
arrow.down.left.arrow.up.right.square.fill	2023	17.0	14.0	17.0	10.0	1.0	arrows,multicolor				arrow.down.left.arrow.up.right	square,fill
arrow.down.left.circle	2019	13.0	10.15	13.0	6.0	1.0	arrows,variable			arrow.down.left.circle.fill	arrow.down.left	circle
arrow.down.left.circle.dotted	2024	18.0	15.0	18.0	11.0	2.0	arrows				arrow.down.left.circle.dotted	
arrow.down.left.circle.fill	2019	13.0	10.15	13.0	6.0	1.0	arrows,multicolor				arrow.down.left	circle,fill
arrow.down.left.square	2019	13.0	10.15	13.0	6.0	1.0	arrows			arrow.down.left.square.fill	arrow.down.left	square
arrow.down.left.square.fill	2019	13.0	10.15	13.0	6.0	1.0	arrows,multicolor				arrow.down.left	square,fill
arrow.down.left.topright.rectangle	2023	17.0	14.0	17.0	10.0	1.0	arrows			arrow.down.left.topright.rectangle.fill	arrow.down.left.topright	rectangle
arrow.down.left.topright.rectangle.fill	2023	17.0	14.0	17.0	10.0	1.0	arrows,multicolor				arrow.down.left.topright	rectangle,fill
arrow.down.left.video	2019	13.0	10.15	13.0	6.0	1.0	communication	facetime	This symbol may not be modified and may only be used to refer to Apple’s FaceTime app.	arrow.down.left.video.fill	arrow.down.left.video	
arrow.down.left.video.fill	2019	13.0	10.15	13.0	6.0	1.0	communication,multicolor	facetime	This symbol may not be modified and may only be used to refer to Apple’s FaceTime app.		arrow.down.left.video	fill
arrow.down.message	2022	16.0	13.0	16.0	9.0	1.0	communication		This symbol may not be modified and may only be used to refer to Apple’s Messages app.	arrow.down.message.fill	arrow.down.message	
arrow.down.message.fill	2022	16.0	13.0	16.0	9.0	1.0	communication,multicolor		This symbol may not be modified and may only be used to refer to Apple’s Messages app.		arrow.down.message	fill
arrow.down.right	2019	13.0	10.15	13.0	6.0	1.0	arrows				arrow.down.right	
arrow.down.right.and.arrow.up.left	2019	13.0	10.15	13.0	6.0	1.0	arrows,cameraandphotos	exit,fullscreen,minimize			arrow.down.right.and.arrow.up.left	
arrow.down.right.and.arrow.up.left.circle	2020	14.0	11.0	14.0	7.0	1.0	arrows,cameraandphotos,variable			arrow.down.right.and.arrow.up.left.circle.fill	arrow.down.right.and.arrow.up.left	circle
arrow.down.right.and.arrow.up.left.circle.fill	2020	14.0	11.0	14.0	7.0	1.0	arrows,cameraandphotos,multicolor				arrow.down.right.and.arrow.up.left	circle,fill
arrow.down.right.and.arrow.up.left.rectangle	2024	18.0	15.0	18.0	11.0	2.0	arrows			arrow.down.right.and.arrow.up.left.rectangle.fill	arrow.down.right.and.arrow.up.left	rectangle
arrow.down.right.and.arrow.up.left.rectangle.fill	2024	18.0	15.0	18.0	11.0	2.0	arrows,multicolor				arrow.down.right.and.arrow.up.left	rectangle,fill
arrow.down.right.and.arrow.up.left.square	2023	17.0	14.0	17.0	10.0	1.0	arrows,cameraandphotos			arrow.down.right.and.arrow.up.left.square.fill	arrow.down.right.and.arrow.up.left	square
arrow.down.right.and.arrow.up.left.square.fill	2023	17.0	14.0	17.0	10.0	1.0	arrows,cameraandphotos,multicolor				arrow.down.right.and.arrow.up.left	square,fill
arrow.down.right.circle	2019	13.0	10.15	13.0	6.0	1.0	arrows,variable			arrow.down.right.circle.fill	arrow.down.right	circle
arrow.down.right.circle.dotted	2024	18.0	15.0	18.0	11.0	2.0	arrows				arrow.down.right.circle.dotted	
arrow.down.right.circle.fill	2019	13.0	10.15	13.0	6.0	1.0	arrows,multicolor				arrow.down.right	circle,fill
arrow.down.right.square	2019	13.0	10.15	13.0	6.0	1.0	arrows			arrow.down.right.square.fill	arrow.down.right	square
arrow.down.right.square.fill	2019	13.0	10.15	13.0	6.0	1.0	arrows,multicolor				arrow.down.right	square,fill
arrow.down.right.topleft.rectangle	2023	17.0	14.0	17.0	10.0	1.0	arrows			arrow.down.right.topleft.rectangle.fill	arrow.down.right.topleft	rectangle
arrow.down.right.topleft.rectangle.fill	2023	17.0	14.0	17.0	10.0	1.0	arrows,multicolor				arrow.down.right.topleft	rectangle,fill
arrow.down.square	2019	13.0	10.15	13.0	6.0	1.0	arrows	download,downloads		arrow.down.square.fill	arrow.down	square
arrow.down.square.fill	2019	13.0	10.15	13.0	6.0	1.0	arrows,multicolor	download,downloads			arrow.down	square,fill
arrow.down.to.line	2019	13.0	10.15	13.0	6.0	1.0	arrows,keyboard	end			arrow.down.to.line	
arrow.down.to.line.circle	2021	15.0	12.0	15.0	8.0	1.0	arrows,variable			arrow.down.to.line.circle.fill	arrow.down.to.line	circle
arrow.down.to.line.circle.fill	2021	15.0	12.0	15.0	8.0	1.0	arrows,multicolor				arrow.down.to.line	circle,fill
arrow.down.to.line.compact	2021	15.0	12.0	15.0	8.0	1.0	arrows,keyboard	end			arrow.down.to.line.compact	
arrow.down.to.line.square	2023	17.0	14.0	17.0	10.0	1.0	arrows			arrow.down.to.line.square.fill	arrow.down.to.line	square
arrow.down.to.line.square.fill	2023	17.0	14.0	17.0	10.0	1.0	arrows,multicolor				arrow.down.to.line	square,fill
arrow.forward	2020	14.0	11.0	14.0	7.0	1.0	arrows	right			arrow.forward	
arrow.forward.circle	2020	14.0	11.0	14.0	7.0	1.0	arrows,variable	right		arrow.forward.circle.fill	arrow.forward	circle
arrow.forward.circle.dotted	2024	18.0	15.0	18.0	11.0	2.0	arrows	right			arrow.forward.circle.dotted	
arrow.forward.circle.fill	2020	14.0	11.0	14.0	7.0	1.0	arrows,multicolor	right			arrow.forward	circle,fill
arrow.forward.folder	2025	26.0	26.0	26.0	26.0	26.0	objectsandtools			arrow.forward.folder.fill	arrow.forward.folder	
arrow.forward.folder.fill	2025	26.0	26.0	26.0	26.0	26.0	multicolor,objectsandtools				arrow.forward.folder	fill
arrow.forward.square	2020	14.0	11.0	14.0	7.0	1.0	arrows	right		arrow.forward.square.fill	arrow.forward	square
arrow.forward.square.fill	2020	14.0	11.0	14.0	7.0	1.0	arrows,multicolor	right			arrow.forward	square,fill
arrow.forward.to.line	2021	15.0	12.0	15.0	8.0	1.0	arrows,keyboard	indent,tab			arrow.forward.to.line	
arrow.forward.to.line.circle	2021	15.0	12.0	15.0	8.0	1.0	arrows,variable			arrow.forward.to.line.circle.fill	arrow.forward.to.line	circle
arrow.forward.to.line.circle.fill	2021	15.0	12.0	15.0	8.0	1.0	arrows,multicolor				arrow.forward.to.line	circle,fill
arrow.forward.to.line.compact	2024.3	18.4	15.4	18.4	11.4	2.4	arrows,keyboard	indent,tab			arrow.forward.to.line.compact	
arrow.forward.to.line.square	2023	17.0	14.0	17.0	10.0	1.0	arrows			arrow.forward.to.line.square.fill	arrow.forward.to.line	square
arrow.forward.to.line.square.fill	2023	17.0	14.0	17.0	10.0	1.0	arrows,multicolor				arrow.forward.to.line	square,fill
arrow.left	2019	13.0	10.15	13.0	6.0	1.0	arrows				arrow.left	
arrow.left.and.line.vertical.and.arrow.right	2022	16.0	13.0	16.0	9.0	1.0	arrows	middle			arrow.left.and.line.vertical.and.arrow.right	
arrow.left.and.right	2019	13.0	10.15	13.0	6.0	1.0	arrows				arrow.left.and.right	
arrow.left.and.right.circle	2019	13.0	10.15	13.0	6.0	1.0	arrows,variable			arrow.left.and.right.circle.fill	arrow.left.and.right	circle
arrow.left.and.right.circle.fill	2019	13.0	10.15	13.0	6.0	1.0	arrows,multicolor				arrow.left.and.right	circle,fill
arrow.left.and.right.square	2019	13.0	10.15	13.0	6.0	1.0	arrows			arrow.left.and.right.square.fill	arrow.left.and.right	square
arrow.left.and.right.square.fill	2019	13.0	10.15	13.0	6.0	1.0	arrows,multicolor				arrow.left.and.right	square,fill
arrow.left.and.right.text.vertical	2022	16.0	13.0	16.0	9.0	1.0	textformatting	line spacing			arrow.left.and.right.text.vertical	
arrow.left.arrow.right	2020	14.0	11.0	14.0	7.0	1.0	arrows				arrow.left.arrow.right	
arrow.left.arrow.right.circle	2020	14.0	11.0	14.0	7.0	1.0	arrows,variable			arrow.left.arrow.right.circle.fill	arrow.left.arrow.right	circle
arrow.left.arrow.right.circle.fill	2020	14.0	11.0	14.0	7.0	1.0	arrows,multicolor				arrow.left.arrow.right	circle,fill
arrow.left.arrow.right.square	2020	14.0	11.0	14.0	7.0	1.0	arrows			arrow.left.arrow.right.square.fill	arrow.left.arrow.right	square
arrow.left.arrow.right.square.fill	2020	14.0	11.0	14.0	7.0	1.0	arrows,multicolor				arrow.left.arrow.right	square,fill
arrow.left.circle	2019	13.0	10.15	13.0	6.0	1.0	arrows,variable			arrow.left.circle.fill	arrow.left	circle
arrow.left.circle.dotted	2024	18.0	15.0	18.0	11.0	2.0	arrows				arrow.left.circle.dotted	
arrow.left.circle.fill	2019	13.0	10.15	13.0	6.0	1.0	arrows,multicolor				arrow.left	circle,fill
arrow.left.square	2019	13.0	10.15	13.0	6.0	1.0	arrows			arrow.left.square.fill	arrow.left	square
arrow.left.square.fill	2019	13.0	10.15	13.0	6.0	1.0	arrows,multicolor				arrow.left	square,fill
arrow.left.to.line	2019	13.0	10.15	13.0	6.0	1.0	arrows,keyboard	indent,tab			arrow.left.to.line	
arrow.left.to.line.circle	2021	15.0	12.0	15.0	8.0	1.0	arrows,variable			arrow.left.to.line.circle.fill	arrow.left.to.line	circle
arrow.left.to.line.circle.fill	2021	15.0	12.0	15.0	8.0	1.0	arrows,multicolor				arrow.left.to.line	circle,fill
arrow.left.to.line.compact	2021	15.0	12.0	15.0	8.0	1.0	arrows,keyboard	indent,tab			arrow.left.to.line.compact	
arrow.left.to.line.square	2023	17.0	14.0	17.0	10.0	1.0	arrows			arrow.left.to.line.square.fill	arrow.left.to.line	square
arrow.left.to.line.square.fill	2023	17.0	14.0	17.0	10.0	1.0	arrows,multicolor				arrow.left.to.line	square,fill
arrow.right	2019	13.0	10.15	13.0	6.0	1.0	arrows				arrow.right	
arrow.right.and.line.vertical.and.arrow.left	2022	16.0	13.0	16.0	9.0	1.0	arrows	middle			arrow.right.and.line.vertical.and.arrow.left	
arrow.right.circle	2019	13.0	10.15	13.0	6.0	1.0	arrows,variable			arrow.right.circle.fill	arrow.right	circle
arrow.right.circle.dotted	2024	18.0	15.0	18.0	11.0	2.0	arrows				arrow.right.circle.dotted	
arrow.right.circle.fill	2019	13.0	10.15	13.0	6.0	1.0	arrows,multicolor				arrow.right	circle,fill
arrow.right.filled.filter.arrow.right	2024	18.0	15.0	18.0	11.0	2.0	automotive				arrow.right.filled.filter.arrow.right	
arrow.right.page.on.clipboard	2024	18.0	15.0	18.0	11.0	2.0	objectsandtools	clipboard,pasteboard			arrow.right.page.on.clipboard	
arrow.right.square	2019	13.0	10.15	13.0	6.0	1.0	arrows			arrow.right.square.fill	arrow.right	square
arrow.right.square.fill	2019	13.0	10.15	13.0	6.0	1.0	arrows,multicolor				arrow.right	square,fill
arrow.right.to.line	2019	13.0	10.15	13.0	6.0	1.0	arrows,keyboard	indent,tab			arrow.right.to.line	
arrow.right.to.line.circle	2021	15.0	12.0	15.0	8.0	1.0	arrows,variable			arrow.right.to.line.circle.fill	arrow.right.to.line	circle
arrow.right.to.line.circle.fill	2021	15.0	12.0	15.0	8.0	1.0	arrows,multicolor				arrow.right.to.line	circle,fill
arrow.right.to.line.compact	2021	15.0	12.0	15.0	8.0	1.0	arrows,keyboard	indent,tab			arrow.right.to.line.compact	
arrow.right.to.line.square	2023	17.0	14.0	17.0	10.0	1.0	arrows			arrow.right.to.line.square.fill	arrow.right.to.line	square
arrow.right.to.line.square.fill	2023	17.0	14.0	17.0	10.0	1.0	arrows,multicolor				arrow.right.to.line	square,fill
arrow.trianglehead.2.clockwise	2024	18.0	15.0	18.0	11.0	2.0	arrows				arrow.trianglehead.2.clockwise	
arrow.trianglehead.2.clockwise.rotate.90	2024	18.0	15.0	18.0	11.0	2.0	arrows,cameraandphotos	sync,syncing			arrow.trianglehead.2.clockwise.rotate.90	
arrow.trianglehead.2.clockwise.rotate.90.camera	2024	18.0	15.0	18.0	11.0	2.0	cameraandphotos,objectsandtools			arrow.trianglehead.2.clockwise.rotate.90.camera.fill	arrow.trianglehead.2.clockwise.rotate.90.camera	
arrow.trianglehead.2.clockwise.rotate.90.camera.fill	2024	18.0	15.0	18.0	11.0	2.0	cameraandphotos,multicolor,objectsandtools				arrow.trianglehead.2.clockwise.rotate.90.camera	fill
arrow.trianglehead.2.clockwise.rotate.90.circle	2024	18.0	15.0	18.0	11.0	2.0	arrows,cameraandphotos	sync,syncing		arrow.trianglehead.2.clockwise.rotate.90.circle.fill	arrow.trianglehead.2.clockwise.rotate.90	circle
arrow.trianglehead.2.clockwise.rotate.90.circle.fill	2024	18.0	15.0	18.0	11.0	2.0	arrows,cameraandphotos,multicolor	sync,syncing			arrow.trianglehead.2.clockwise.rotate.90	circle,fill
arrow.trianglehead.2.clockwise.rotate.90.icloud	2024	18.0	15.0	18.0	11.0	2.0	connectivity		This symbol may not be modified and may only be used to refer to Apple’s iCloud service.	arrow.trianglehead.2.clockwise.rotate.90.icloud.fill	arrow.trianglehead.2.clockwise.rotate.90.icloud	
arrow.trianglehead.2.clockwise.rotate.90.icloud.fill	2024	18.0	15.0	18.0	11.0	2.0	connectivity,multicolor		This symbol may not be modified and may only be used to refer to Apple’s iCloud service.		arrow.trianglehead.2.clockwise.rotate.90.icloud	fill
arrow.trianglehead.2.clockwise.rotate.90.page.on.clipboard	2024	18.0	15.0	18.0	11.0	2.0	objectsandtools	clipboard,pasteboard			arrow.trianglehead.2.clockwise.rotate.90.page.on.clipboard	
arrow.trianglehead.2.counterclockwise	2024	18.0	15.0	18.0	11.0	2.0	arrows				arrow.trianglehead.2.counterclockwise	
arrow.trianglehead.2.counterclockwise.rotate.90	2024	18.0	15.0	18.0	11.0	2.0	arrows				arrow.trianglehead.2.counterclockwise.rotate.90	
arrow.trianglehead.bottomleft.capsulepath.clockwise	2024	18.0	15.0	18.0	11.0	2.0	arrows				arrow.trianglehead.bottomleft.capsulepath.clockwise	
arrow.trianglehead.branch	2024	18.0	15.0	18.0	11.0	2.0	arrows,maps				arrow.trianglehead.branch	
arrow.trianglehead.clockwise	2024	18.0	15.0	18.0	11.0	2.0	arrows,media				arrow.trianglehead.clockwise	
arrow.trianglehead.clockwise.heart	2024	18.0	15.0	18.0	11.0	2.0	arrows			arrow.trianglehead.clockwise.heart.fill	arrow.trianglehead.clockwise.heart	
arrow.trianglehead.clockwise.heart.fill	2024	18.0	15.0	18.0	11.0	2.0	arrows,multicolor				arrow.trianglehead.clockwise.heart	fill
arrow.trianglehead.clockwise.icloud	2024	18.0	15.0	18.0	11.0	2.0	connectivity		This symbol may not be modified and may only be used to refer to Apple’s iCloud service.	arrow.trianglehead.clockwise.icloud.fill	arrow.trianglehead.clockwise.icloud	
arrow.trianglehead.clockwise.icloud.fill	2024	18.0	15.0	18.0	11.0	2.0	connectivity,multicolor		This symbol may not be modified and may only be used to refer to Apple’s iCloud service.		arrow.trianglehead.clockwise.icloud	fill
arrow.trianglehead.clockwise.rotate.90	2024	18.0	15.0	18.0	11.0	2.0	arrows,time	time,time machine,timemachine,warning			arrow.trianglehead.clockwise.rotate.90	
arrow.trianglehead.counterclockwise	2024	18.0	15.0	18.0	11.0	2.0	arrows,media				arrow.trianglehead.counterclockwise	
arrow.trianglehead.counterclockwise.icloud	2024	18.0	15.0	18.0	11.0	2.0	connectivity		This symbol may not be modified and may only be used to refer to Apple’s iCloud service.	arrow.trianglehead.counterclockwise.icloud.fill	arrow.trianglehead.counterclockwise.icloud	
arrow.trianglehead.counterclockwise.icloud.fill	2024	18.0	15.0	18.0	11.0	2.0	connectivity,multicolor		This symbol may not be modified and may only be used to refer to Apple’s iCloud service.		arrow.trianglehead.counterclockwise.icloud	fill
arrow.trianglehead.counterclockwise.rotate.90	2024	18.0	15.0	18.0	11.0	2.0	arrows,time				arrow.trianglehead.counterclockwise.rotate.90	
arrow.trianglehead.left.and.right.righttriangle.left.righttriangle.right	2024	18.0	15.0	18.0	11.0	2.0	cameraandphotos,editing	flip horizontal		arrow.trianglehead.left.and.right.righttriangle.left.righttriangle.right.fill	arrow.trianglehead.left.and.right.righttriangle.left.righttriangle.right	
arrow.trianglehead.left.and.right.righttriangle.left.righttriangle.right.fill	2024	18.0	15.0	18.0	11.0	2.0	cameraandphotos,editing	flip horizontal			arrow.trianglehead.left.and.right.righttriangle.left.righttriangle.right	fill
arrow.trianglehead.merge	2024	18.0	15.0	18.0	11.0	2.0	arrows,maps				arrow.trianglehead.merge	
arrow.trianglehead.pull	2024	18.0	15.0	18.0	11.0	2.0	arrows,maps				arrow.trianglehead.pull	
arrow.trianglehead.rectanglepath	2024	18.0	15.0	18.0	11.0	2.0	media				arrow.trianglehead.rectanglepath	
arrow.trianglehead.swap	2024	18.0	15.0	18.0	11.0	2.0	arrows,maps				arrow.trianglehead.swap	
arrow.trianglehead.topright.capsulepath.clockwise	2024	18.0	15.0	18.0	11.0	2.0	arrows				arrow.trianglehead.topright.capsulepath.clockwise	
arrow.trianglehead.turn.up.right	2025	26.0	26.0	26.0	26.0	26.0	arrows				arrow.trianglehead.turn.up.right	
arrow.trianglehead.turn.up.right.circle	2024	18.0	15.0	18.0	11.0	2.0	arrows,maps,multicolor,variable	directions		arrow.trianglehead.turn.up.right.circle.fill	arrow.trianglehead.turn.up.right	circle
arrow.trianglehead.turn.up.right.circle.fill	2024	18.0	15.0	18.0	11.0	2.0	arrows,maps,multicolor	directions			arrow.trianglehead.turn.up.right	circle,fill
arrow.trianglehead.turn.up.right.diamond	2024	18.0	15.0	18.0	11.0	2.0	arrows,maps	directions		arrow.trianglehead.turn.up.right.diamond.fill	arrow.trianglehead.turn.up.right.diamond	
arrow.trianglehead.turn.up.right.diamond.fill	2024	18.0	15.0	18.0	11.0	2.0	arrows,maps,multicolor	directions			arrow.trianglehead.turn.up.right.diamond	fill
arrow.trianglehead.up.and.down.righttriangle.up.righttriangle.down	2024	18.0	15.0	18.0	11.0	2.0	cameraandphotos,editing	flip vertical		arrow.trianglehead.up.and.down.righttriangle.up.righttriangle.down.fill	arrow.trianglehead.up.and.down.righttriangle.up.righttriangle.down	
arrow.trianglehead.up.and.down.righttriangle.up.righttriangle.down.fill	2024	18.0	15.0	18.0	11.0	2.0	cameraandphotos,editing	flip vertical			arrow.trianglehead.up.and.down.righttriangle.up.righttriangle.down	fill
arrow.turn.down.left	2019	13.0	10.15	13.0	6.0	1.0	arrows,maps				arrow.turn.down.left	
arrow.turn.down.right	2019	13.0	10.15	13.0	6.0	1.0	arrows,maps				arrow.turn.down.right	
arrow.turn.left.down	2019	13.0	10.15	13.0	6.0	1.0	arrows,maps				arrow.turn.left.down	
arrow.turn.left.up	2019	13.0	10.15	13.0	6.0	1.0	arrows,maps				arrow.turn.left.up	
arrow.turn.right.down	2019	13.0	10.15	13.0	6.0	1.0	arrows,maps				arrow.turn.right.down	
arrow.turn.right.up	2019	13.0	10.15	13.0	6.0	1.0	arrows,maps				arrow.turn.right.up	
arrow.turn.up.forward.iphone	2020	14.0	11.0	14.0	7.0	1.0	devices	pickups		arrow.turn.up.forward.iphone.fill	arrow.turn.up.forward.iphone	
arrow.turn.up.forward.iphone.fill	2020	14.0	11.0	14.0	7.0	1.0	devices	pickups			arrow.turn.up.forward.iphone	fill
arrow.turn.up.left	2019	13.0	10.15	13.0	6.0	1.0	arrows,maps				arrow.turn.up.left	
arrow.turn.up.right	2019	13.0	10.15	13.0	6.0	1.0	arrows,maps				arrow.turn.up.right	
arrow.up	2019	13.0	10.15	13.0	6.0	1.0	arrows				arrow.up	
arrow.up.and.down	2019	13.0	10.15	13.0	6.0	1.0	arrows				arrow.up.and.down	
arrow.up.and.down.and.arrow.left.and.right	2020	14.0	11.0	14.0	7.0	1.0	accessibility,arrows,maps	cardinal,directions,move			arrow.up.and.down.and.arrow.left.and.right	
arrow.up.and.down.and.sparkles	2022	16.0	13.0	16.0	9.0	1.0	accessibility,devices				arrow.up.and.down.and.sparkles	
arrow.up.and.down.circle	2019	13.0	10.15	13.0	6.0	1.0	arrows,variable			arrow.up.and.down.circle.fill	arrow.up.and.down	circle
arrow.up.and.down.circle.fill	2019	13.0	10.15	13.0	6.0	1.0	arrows,multicolor				arrow.up.and.down	circle,fill
arrow.up.and.down.square	2019	13.0	10.15	13.0	6.0	1.0	arrows			arrow.up.and.down.square.fill	arrow.up.and.down	square
arrow.up.and.down.square.fill	2019	13.0	10.15	13.0	6.0	1.0	arrows,multicolor				arrow.up.and.down	square,fill
arrow.up.and.down.text.horizontal	2022	16.0	13.0	16.0	9.0	1.0	textformatting	line spacing			arrow.up.and.down.text.horizontal	
arrow.up.and.line.horizontal.and.arrow.down	2022	16.0	13.0	16.0	9.0	1.0	arrows	middle			arrow.up.and.line.horizontal.and.arrow.down	
arrow.up.and.person.rectangle.portrait	2020	14.0	11.0	14.0	7.0	1.0	human	people			arrow.up.and.person.rectangle.portrait	
arrow.up.and.person.rectangle.turn.left	2020	14.0	11.0	14.0	7.0	1.0	human	people			arrow.up.and.person.rectangle.turn.left	
arrow.up.and.person.rectangle.turn.right	2020	14.0	11.0	14.0	7.0	1.0	human	people			arrow.up.and.person.rectangle.turn.right	
arrow.up.arrow.down	2019	13.0	10.15	13.0	6.0	1.0	arrows	sort			arrow.up.arrow.down	
arrow.up.arrow.down.circle	2019	13.0	10.15	13.0	6.0	1.0	arrows,variable	sort		arrow.up.arrow.down.circle.fill	arrow.up.arrow.down	circle
arrow.up.arrow.down.circle.fill	2019	13.0	10.15	13.0	6.0	1.0	arrows,multicolor	sort			arrow.up.arrow.down	circle,fill
arrow.up.arrow.down.square	2019	13.0	10.15	13.0	6.0	1.0	arrows	sort		arrow.up.arrow.down.square.fill	arrow.up.arrow.down	square
arrow.up.arrow.down.square.fill	2019	13.0	10.15	13.0	6.0	1.0	arrows,multicolor	sort			arrow.up.arrow.down	square,fill
arrow.up.backward	2020	14.0	11.0	14.0	7.0	1.0	arrows	left			arrow.up.backward	
arrow.up.backward.and.arrow.down.forward	2020	14.0	11.0	14.0	7.0	1.0	arrows,cameraandphotos				arrow.up.backward.and.arrow.down.forward	
arrow.up.backward.and.arrow.down.forward.circle	2020	14.0	11.0	14.0	7.0	1.0	arrows,cameraandphotos,variable			arrow.up.backward.and.arrow.down.forward.circle.fill	arrow.up.backward.and.arrow.down.forward	circle
arrow.up.backward.and.arrow.down.forward.circle.fill	2020	14.0	11.0	14.0	7.0	1.0	arrows,cameraandphotos,multicolor				arrow.up.backward.and.arrow.down.forward	circle,fill
arrow.up.backward.and.arrow.down.forward.rectangle	2024	18.0	15.0	18.0	11.0	2.0	arrows			arrow.up.backward.and.arrow.down.forward.rectangle.fill	arrow.up.backward.and.arrow.down.forward	rectangle
arrow.up.backward.and.arrow.down.forward.rectangle.fill	2024	18.0	15.0	18.0	11.0	2.0	arrows,multicolor				arrow.up.backward.and.arrow.down.forward	rectangle,fill
arrow.up.backward.and.arrow.down.forward.square	2023	17.0	14.0	17.0	10.0	1.0	arrows,cameraandphotos			arrow.up.backward.and.arrow.down.forward.square.fill	arrow.up.backward.and.arrow.down.forward	square
arrow.up.backward.and.arrow.down.forward.square.fill	2023	17.0	14.0	17.0	10.0	1.0	arrows,cameraandphotos,multicolor				arrow.up.backward.and.arrow.down.forward	square,fill
arrow.up.backward.bottomtrailing.rectangle	2023	17.0	14.0	17.0	10.0	1.0	arrows			arrow.up.backward.bottomtrailing.rectangle.fill	arrow.up.backward.bottomtrailing	rectangle
arrow.up.backward.bottomtrailing.rectangle.fill	2023	17.0	14.0	17.0	10.0	1.0	arrows,multicolor				arrow.up.backward.bottomtrailing	rectangle,fill
arrow.up.backward.circle	2020	14.0	11.0	14.0	7.0	1.0	arrows,variable	left		arrow.up.backward.circle.fill	arrow.up.backward	circle
arrow.up.backward.circle.dotted	2024	18.0	15.0	18.0	11.0	2.0	arrows	left			arrow.up.backward.circle.dotted	
arrow.up.backward.circle.fill	2020	14.0	11.0	14.0	7.0	1.0	arrows,multicolor	left			arrow.up.backward	circle,fill
arrow.up.backward.square	2020	14.0	11.0	14.0	7.0	1.0	arrows	left		arrow.up.backward.square.fill	arrow.up.backward	square
arrow.up.backward.square.fill	2020	14.0	11.0	14.0	7.0	1.0	arrows,multicolor	left			arrow.up.backward	square,fill
arrow.up.bin	2019	13.0	10.15	13.0	6.0	1.0	objectsandtools	mail		arrow.up.bin.fill	arrow.up.bin	
arrow.up.bin.fill	2019	13.0	10.15	13.0	6.0	1.0	multicolor,objectsandtools	mail			arrow.up.bin	fill
arrow.up.circle	2019	13.0	10.15	13.0	6.0	1.0	arrows,variable			arrow.up.circle.fill	arrow.up	circle
arrow.up.circle.badge.clock	2022	16.0	13.0	16.0	9.0	1.0	arrows,multicolor,variable				arrow.up.circle.badge.clock	
arrow.up.circle.dotted	2024	18.0	15.0	18.0	11.0	2.0	arrows				arrow.up.circle.dotted	
arrow.up.circle.fill	2019	13.0	10.15	13.0	6.0	1.0	arrows,multicolor				arrow.up	circle,fill
arrow.up.document	2024	18.0	15.0	18.0	11.0	2.0	objectsandtools			arrow.up.document.fill	arrow.up.document	
arrow.up.document.fill	2024	18.0	15.0	18.0	11.0	2.0	multicolor,objectsandtools				arrow.up.document	fill
arrow.up.folder	2025	26.0	26.0	26.0	26.0	26.0	objectsandtools			arrow.up.folder.fill	arrow.up.folder	
arrow.up.folder.fill	2025	26.0	26.0	26.0	26.0	26.0	multicolor,objectsandtools				arrow.up.folder	fill
arrow.up.forward	2020	14.0	11.0	14.0	7.0	1.0	arrows	right			arrow.up.forward	
arrow.up.forward.and.arrow.down.backward	2023	17.0	14.0	17.0	10.0	1.0	arrows,cameraandphotos				arrow.up.forward.and.arrow.down.backward	
arrow.up.forward.and.arrow.down.backward.circle	2023	17.0	14.0	17.0	10.0	1.0	arrows,cameraandphotos,variable			arrow.up.forward.and.arrow.down.backward.circle.fill	arrow.up.forward.and.arrow.down.backward	circle
arrow.up.forward.and.arrow.down.backward.circle.fill	2023	17.0	14.0	17.0	10.0	1.0	arrows,cameraandphotos,multicolor				arrow.up.forward.and.arrow.down.backward	circle,fill
arrow.up.forward.and.arrow.down.backward.rectangle	2024	18.0	15.0	18.0	11.0	2.0	arrows			arrow.up.forward.and.arrow.down.backward.rectangle.fill	arrow.up.forward.and.arrow.down.backward	rectangle
arrow.up.forward.and.arrow.down.backward.rectangle.fill	2024	18.0	15.0	18.0	11.0	2.0	arrows,multicolor				arrow.up.forward.and.arrow.down.backward	rectangle,fill
arrow.up.forward.and.arrow.down.backward.square	2023	17.0	14.0	17.0	10.0	1.0	arrows,cameraandphotos			arrow.up.forward.and.arrow.down.backward.square.fill	arrow.up.forward.and.arrow.down.backward	square
arrow.up.forward.and.arrow.down.backward.square.fill	2023	17.0	14.0	17.0	10.0	1.0	arrows,cameraandphotos				arrow.up.forward.and.arrow.down.backward	square,fill
arrow.up.forward.app	2020	14.0	11.0	14.0	7.0	1.0	arrows			arrow.up.forward.app.fill	arrow.up.forward.app	
arrow.up.forward.app.fill	2020	14.0	11.0	14.0	7.0	1.0	arrows,multicolor				arrow.up.forward.app	fill
arrow.up.forward.bottomleading.rectangle	2023	17.0	14.0	17.0	10.0	1.0	arrows			arrow.up.forward.bottomleading.rectangle.fill	arrow.up.forward.bottomleading	rectangle
arrow.up.forward.bottomleading.rectangle.fill	2023	17.0	14.0	17.0	10.0	1.0	arrows,multicolor				arrow.up.forward.bottomleading	rectangle,fill
arrow.up.forward.circle	2020	14.0	11.0	14.0	7.0	1.0	arrows,variable	right		arrow.up.forward.circle.fill	arrow.up.forward	circle
arrow.up.forward.circle.dotted	2024	18.0	15.0	18.0	11.0	2.0	arrows	right			arrow.up.forward.circle.dotted	
arrow.up.forward.circle.fill	2020	14.0	11.0	14.0	7.0	1.0	arrows,multicolor	right			arrow.up.forward	circle,fill
arrow.up.forward.square	2020	14.0	11.0	14.0	7.0	1.0	arrows	right		arrow.up.forward.square.fill	arrow.up.forward	square
arrow.up.forward.square.fill	2020	14.0	11.0	14.0	7.0	1.0	arrows,multicolor	right			arrow.up.forward	square,fill
arrow.up.heart	2020	14.0	11.0	14.0	7.0	1.0	arrows			arrow.up.heart.fill	arrow.up.heart	
arrow.up.heart.fill	2020	14.0	11.0	14.0	7.0	1.0	arrows,multicolor				arrow.up.heart	fill
arrow.up.left	2019	13.0	10.15	13.0	6.0	1.0	arrows				arrow.up.left	
arrow.up.left.and.arrow.down.right	2019	13.0	10.15	13.0	6.0	1.0	arrows,cameraandphotos	enter,expand,fullscreen,maximize			arrow.up.left.and.arrow.down.right	
arrow.up.left.and.arrow.down.right.circle	2020	14.0	11.0	14.0	7.0	1.0	arrows,cameraandphotos,variable			arrow.up.left.and.arrow.down.right.circle.fill	arrow.up.left.and.arrow.down.right	circle
arrow.up.left.and.arrow.down.right.circle.fill	2020	14.0	11.0	14.0	7.0	1.0	arrows,cameraandphotos,multicolor				arrow.up.left.and.arrow.down.right	circle,fill
arrow.up.left.and.arrow.down.right.rectangle	2024	18.0	15.0	18.0	11.0	2.0	arrows			arrow.up.left.and.arrow.down.right.rectangle.fill	arrow.up.left.and.arrow.down.right	rectangle
arrow.up.left.and.arrow.down.right.rectangle.fill	2024	18.0	15.0	18.0	11.0	2.0	arrows,multicolor				arrow.up.left.and.arrow.down.right	rectangle,fill
arrow.up.left.and.arrow.down.right.square	2023	17.0	14.0	17.0	10.0	1.0	arrows,cameraandphotos			arrow.up.left.and.arrow.down.right.square.fill	arrow.up.left.and.arrow.down.right	square
arrow.up.left.and.arrow.down.right.square.fill	2023	17.0	14.0	17.0	10.0	1.0	arrows,cameraandphotos,multicolor				arrow.up.left.and.arrow.down.right	square,fill
arrow.up.left.and.down.right.and.arrow.up.right.and.down.left	2020	14.0	11.0	14.0	7.0	1.0	accessibility,arrows,maps	diagonal,directions,move			arrow.up.left.and.down.right.and.arrow.up.right.and.down.left	
arrow.up.left.and.down.right.magnifyingglass	2020	14.0	11.0	14.0	7.0	1.0	objectsandtools	search			arrow.up.left.and.down.right.magnifyingglass	
arrow.up.left.arrow.down.right	2023	17.0	14.0	17.0	10.0	1.0	arrows				arrow.up.left.arrow.down.right	
arrow.up.left.arrow.down.right.circle	2023	17.0	14.0	17.0	10.0	1.0	arrows,variable			arrow.up.left.arrow.down.right.circle.fill	arrow.up.left.arrow.down.right	circle
arrow.up.left.arrow.down.right.circle.fill	2023	17.0	14.0	17.0	10.0	1.0	arrows,multicolor				arrow.up.left.arrow.down.right	circle,fill
arrow.up.left.arrow.down.right.square	2023	17.0	14.0	17.0	10.0	1.0	arrows			arrow.up.left.arrow.down.right.square.fill	arrow.up.left.arrow.down.right	square
arrow.up.left.arrow.down.right.square.fill	2023	17.0	14.0	17.0	10.0	1.0	arrows,multicolor				arrow.up.left.arrow.down.right	square,fill
arrow.up.left.bottomright.rectangle	2023	17.0	14.0	17.0	10.0	1.0	arrows			arrow.up.left.bottomright.rectangle.fill	arrow.up.left.bottomright	rectangle
arrow.up.left.bottomright.rectangle.fill	2023	17.0	14.0	17.0	10.0	1.0	arrows,multicolor				arrow.up.left.bottomright	rectangle,fill
arrow.up.left.circle	2019	13.0	10.15	13.0	6.0	1.0	arrows,variable			arrow.up.left.circle.fill	arrow.up.left	circle
arrow.up.left.circle.dotted	2024	18.0	15.0	18.0	11.0	2.0	arrows				arrow.up.left.circle.dotted	
arrow.up.left.circle.fill	2019	13.0	10.15	13.0	6.0	1.0	arrows,multicolor				arrow.up.left	circle,fill
arrow.up.left.square	2019	13.0	10.15	13.0	6.0	1.0	arrows			arrow.up.left.square.fill	arrow.up.left	square
arrow.up.left.square.fill	2019	13.0	10.15	13.0	6.0	1.0	arrows,multicolor				arrow.up.left	square,fill
arrow.up.message	2020	14.0	11.0	14.0	7.0	1.0	communication		This symbol may not be modified and may only be used to refer to Apple’s Messages app.	arrow.up.message.fill	arrow.up.message	
arrow.up.message.fill	2020	14.0	11.0	14.0	7.0	1.0	communication,multicolor		This symbol may not be modified and may only be used to refer to Apple’s Messages app.		arrow.up.message	fill
arrow.up.page.on.clipboard	2024	18.0	15.0	18.0	11.0	2.0	objectsandtools	clipboard,pasteboard			arrow.up.page.on.clipboard	
arrow.up.right	2019	13.0	10.15	13.0	6.0	1.0	arrows				arrow.up.right	
arrow.up.right.and.arrow.down.left	2023	17.0	14.0	17.0	10.0	1.0	arrows,cameraandphotos				arrow.up.right.and.arrow.down.left	
arrow.up.right.and.arrow.down.left.circle	2023	17.0	14.0	17.0	10.0	1.0	arrows,cameraandphotos,variable			arrow.up.right.and.arrow.down.left.circle.fill	arrow.up.right.and.arrow.down.left	circle
arrow.up.right.and.arrow.down.left.circle.fill	2023	17.0	14.0	17.0	10.0	1.0	arrows,cameraandphotos,multicolor				arrow.up.right.and.arrow.down.left	circle,fill
arrow.up.right.and.arrow.down.left.rectangle	2020	14.0	11.0	14.0	7.0	1.0	arrows	conversations		arrow.up.right.and.arrow.down.left.rectangle.fill	arrow.up.right.and.arrow.down.left	rectangle
arrow.up.right.and.arrow.down.left.rectangle.fill	2020	14.0	11.0	14.0	7.0	1.0	arrows,multicolor	conversations			arrow.up.right.and.arrow.down.left	rectangle,fill
arrow.up.right.and.arrow.down.left.square	2023	17.0	14.0	17.0	10.0	1.0	arrows,cameraandphotos			arrow.up.right.and.arrow.down.left.square.fill	arrow.up.right.and.arrow.down.left	square
arrow.up.right.and.arrow.down.left.square.fill	2023	17.0	14.0	17.0	10.0	1.0	arrows,cameraandphotos,multicolor				arrow.up.right.and.arrow.down.left	square,fill
arrow.up.right.bottomleft.rectangle	2023	17.0	14.0	17.0	10.0	1.0	arrows			arrow.up.right.bottomleft.rectangle.fill	arrow.up.right.bottomleft	rectangle
arrow.up.right.bottomleft.rectangle.fill	2023	17.0	14.0	17.0	10.0	1.0	arrows,multicolor				arrow.up.right.bottomleft	rectangle,fill
arrow.up.right.circle	2019	13.0	10.15	13.0	6.0	1.0	arrows,variable			arrow.up.right.circle.fill	arrow.up.right	circle
arrow.up.right.circle.dotted	2024	18.0	15.0	18.0	11.0	2.0	arrows				arrow.up.right.circle.dotted	
arrow.up.right.circle.fill	2019	13.0	10.15	13.0	6.0	1.0	arrows,multicolor				arrow.up.right	circle,fill
arrow.up.right.square	2019	13.0	10.15	13.0	6.0	1.0	arrows			arrow.up.right.square.fill	arrow.up.right	square
arrow.up.right.square.fill	2019	13.0	10.15	13.0	6.0	1.0	arrows,multicolor				arrow.up.right	square,fill
arrow.up.right.video	2019	13.0	10.15	13.0	6.0	1.0	communication	facetime	This symbol may not be modified and may only be used to refer to Apple’s FaceTime app.	arrow.up.right.video.fill	arrow.up.right.video	
arrow.up.right.video.fill	2019	13.0	10.15	13.0	6.0	1.0	communication,multicolor	facetime	This symbol may not be modified and may only be used to refer to Apple’s FaceTime app.		arrow.up.right.video	fill
arrow.up.square	2019	13.0	10.15	13.0	6.0	1.0	arrows			arrow.up.square.fill	arrow.up	square
arrow.up.square.fill	2019	13.0	10.15	13.0	6.0	1.0	arrows,multicolor				arrow.up	square,fill
arrow.up.to.line	2019	13.0	10.15	13.0	6.0	1.0	arrows,keyboard	home			arrow.up.to.line	
arrow.up.to.line.circle	2021	15.0	12.0	15.0	8.0	1.0	arrows,variable			arrow.up.to.line.circle.fill	arrow.up.to.line	circle
arrow.up.to.line.circle.fill	2021	15.0	12.0	15.0	8.0	1.0	arrows,multicolor				arrow.up.to.line	circle,fill
arrow.up.to.line.compact	2021	15.0	12.0	15.0	8.0	1.0	arrows,keyboard	home			arrow.up.to.line.compact	
arrow.up.to.line.square	2023	17.0	14.0	17.0	10.0	1.0	arrows			arrow.up.to.line.square.fill	arrow.up.to.line	square
arrow.up.to.line.square.fill	2023	17.0	14.0	17.0	10.0	1.0	arrows,multicolor				arrow.up.to.line	square,fill
arrow.up.trash	2023	17.0	14.0	17.0	10.0	1.0	multicolor,objectsandtools			arrow.up.trash.fill	arrow.up.trash	
arrow.up.trash.fill	2023	17.0	14.0	17.0	10.0	1.0	multicolor,objectsandtools				arrow.up.trash	fill
arrow.uturn.backward	2020	14.0	11.0	14.0	7.0	1.0	arrows	left,undo			arrow.uturn.backward	
arrow.uturn.backward.circle	2020	14.0	11.0	14.0	7.0	1.0	arrows,variable	left,undo		arrow.uturn.backward.circle.fill	arrow.uturn.backward	circle
arrow.uturn.backward.circle.badge.ellipsis	2020	14.0	11.0	14.0	7.0	1.0	arrows,multicolor,variable	action,dot.3,extra,left,more,overflow,undo,…			arrow.uturn.backward.circle.badge.ellipsis	
arrow.uturn.backward.circle.fill	2020	14.0	11.0	14.0	7.0	1.0	arrows,multicolor	left,undo			arrow.uturn.backward	circle,fill
arrow.uturn.backward.square	2020	14.0	11.0	14.0	7.0	1.0	arrows	left,undo		arrow.uturn.backward.square.fill	arrow.uturn.backward	square
arrow.uturn.backward.square.fill	2020	14.0	11.0	14.0	7.0	1.0	arrows,multicolor	left,undo			arrow.uturn.backward	square,fill
arrow.uturn.down	2019	13.0	10.15	13.0	6.0	1.0	arrows				arrow.uturn.down	
arrow.uturn.down.circle	2019	13.0	10.15	13.0	6.0	1.0	arrows,variable			arrow.uturn.down.circle.fill	arrow.uturn.down	circle
arrow.uturn.down.circle.fill	2019	13.0	10.15	13.0	6.0	1.0	arrows,multicolor				arrow.uturn.down	circle,fill
arrow.uturn.down.square	2019	13.0	10.15	13.0	6.0	1.0	arrows			arrow.uturn.down.square.fill	arrow.uturn.down	square
arrow.uturn.down.square.fill	2019	13.0	10.15	13.0	6.0	1.0	arrows,multicolor				arrow.uturn.down	square,fill
arrow.uturn.forward	2020	14.0	11.0	14.0	7.0	1.0	arrows	redo,right			arrow.uturn.forward	
arrow.uturn.forward.circle	2020	14.0	11.0	14.0	7.0	1.0	arrows,variable	redo,right		arrow.uturn.forward.circle.fill	arrow.uturn.forward	circle
arrow.uturn.forward.circle.fill	2020	14.0	11.0	14.0	7.0	1.0	arrows,multicolor	redo,right			arrow.uturn.forward	circle,fill
arrow.uturn.forward.square	2020	14.0	11.0	14.0	7.0	1.0	arrows	redo,right		arrow.uturn.forward.square.fill	arrow.uturn.forward	square
arrow.uturn.forward.square.fill	2020	14.0	11.0	14.0	7.0	1.0	arrows,multicolor	redo,right			arrow.uturn.forward	square,fill
arrow.uturn.left	2019	13.0	10.15	13.0	6.0	1.0	arrows				arrow.uturn.left	
arrow.uturn.left.circle	2019	13.0	10.15	13.0	6.0	1.0	arrows,variable			arrow.uturn.left.circle.fill	arrow.uturn.left	circle
arrow.uturn.left.circle.badge.ellipsis	2019.1	13.1	10.15	13.0	6.1	1.0	arrows,multicolor,variable	action,dot.3,extra,more,overflow,…			arrow.uturn.left.circle.badge.ellipsis	
arrow.uturn.left.circle.fill	2019	13.0	10.15	13.0	6.0	1.0	arrows,multicolor				arrow.uturn.left	circle,fill
arrow.uturn.left.square	2019	13.0	10.15	13.0	6.0	1.0	arrows			arrow.uturn.left.square.fill	arrow.uturn.left	square
arrow.uturn.left.square.fill	2019	13.0	10.15	13.0	6.0	1.0	arrows,multicolor				arrow.uturn.left	square,fill
arrow.uturn.right	2019	13.0	10.15	13.0	6.0	1.0	arrows				arrow.uturn.right	
arrow.uturn.right.circle	2019	13.0	10.15	13.0	6.0	1.0	arrows,variable			arrow.uturn.right.circle.fill	arrow.uturn.right	circle
arrow.uturn.right.circle.fill	2019	13.0	10.15	13.0	6.0	1.0	arrows,multicolor				arrow.uturn.right	circle,fill
arrow.uturn.right.square	2019	13.0	10.15	13.0	6.0	1.0	arrows			arrow.uturn.right.square.fill	arrow.uturn.right	square
arrow.uturn.right.square.fill	2019	13.0	10.15	13.0	6.0	1.0	arrows,multicolor				arrow.uturn.right	square,fill
arrow.uturn.up	2019	13.0	10.15	13.0	6.0	1.0	arrows				arrow.uturn.up	
arrow.uturn.up.circle	2019	13.0	10.15	13.0	6.0	1.0	arrows,variable			arrow.uturn.up.circle.fill	arrow.uturn.up	circle
arrow.uturn.up.circle.fill	2019	13.0	10.15	13.0	6.0	1.0	arrows,multicolor				arrow.uturn.up	circle,fill
arrow.uturn.up.square	2019	13.0	10.15	13.0	6.0	1.0	arrows			arrow.uturn.up.square.fill	arrow.uturn.up	square
arrow.uturn.up.square.fill	2019	13.0	10.15	13.0	6.0	1.0	arrows,multicolor				arrow.uturn.up	square,fill
arrowkeys	2023	17.0	14.0	17.0	10.0	1.0	gaming			arrowkeys.fill	arrowkeys	
arrowkeys.down.filled	2023	17.0	14.0	17.0	10.0	1.0	gaming				arrowkeys.down.filled	
arrowkeys.fill	2023	17.0	14.0	17.0	10.0	1.0	gaming				arrowkeys	fill
arrowkeys.left.filled	2023	17.0	14.0	17.0	10.0	1.0	gaming				arrowkeys.left.filled	
arrowkeys.right.filled	2023	17.0	14.0	17.0	10.0	1.0	gaming				arrowkeys.right.filled	
arrowkeys.up.filled	2023	17.0	14.0	17.0	10.0	1.0	gaming				arrowkeys.up.filled	
arrowshape.backward	2022	16.0	13.0	16.0	9.0	1.0	arrows,automotive			arrowshape.backward.fill	arrowshape.backward	
arrowshape.backward.circle	2023	17.0	14.0	17.0	10.0	1.0	arrows,automotive,variable			arrowshape.backward.circle.fill	arrowshape.backward	circle
arrowshape.backward.circle.fill	2023	17.0	14.0	17.0	10.0	1.0	arrows,automotive,multicolor				arrowshape.backward	circle,fill
arrowshape.backward.fill	2022	16.0	13.0	16.0	9.0	1.0	arrows,automotive				arrowshape.backward	fill
arrowshape.bounce.forward	2020	14.0	11.0	14.0	7.0	1.0	arrows			arrowshape.bounce.forward.fill	arrowshape.bounce.forward	
arrowshape.bounce.forward.fill	2020	14.0	11.0	14.0	7.0	1.0	arrows				arrowshape.bounce.forward	fill
arrowshape.bounce.right	2020	14.0	11.0	14.0	7.0	1.0	arrows	mail		arrowshape.bounce.right.fill	arrowshape.bounce.right	
arrowshape.bounce.right.fill	2020	14.0	11.0	14.0	7.0	1.0	arrows	mail			arrowshape.bounce.right	fill
arrowshape.down	2023	17.0	14.0	17.0	10.0	1.0	arrows			arrowshape.down.fill	arrowshape.down	
arrowshape.down.circle	2023	17.0	14.0	17.0	10.0	1.0	arrows,variable			arrowshape.down.circle.fill	arrowshape.down	circle
arrowshape.down.circle.fill	2023	17.0	14.0	17.0	10.0	1.0	arrows,multicolor				arrowshape.down	circle,fill
arrowshape.down.fill	2023	17.0	14.0	17.0	10.0	1.0	arrows				arrowshape.down	fill
arrowshape.forward	2022	16.0	13.0	16.0	9.0	1.0	arrows,automotive			arrowshape.forward.fill	arrowshape.forward	
arrowshape.forward.circle	2023	17.0	14.0	17.0	10.0	1.0	arrows,automotive,variable			arrowshape.forward.circle.fill	arrowshape.forward	circle
arrowshape.forward.circle.fill	2023	17.0	14.0	17.0	10.0	1.0	arrows,automotive,multicolor				arrowshape.forward	circle,fill
arrowshape.forward.fill	2022	16.0	13.0	16.0	9.0	1.0	arrows,automotive				arrowshape.forward	fill
arrowshape.left	2022	16.0	13.0	16.0	9.0	1.0	arrows,automotive			arrowshape.left.fill	arrowshape.left	
arrowshape.left.arrowshape.right	2023	17.0	14.0	17.0	10.0	1.0	arrows,automotive			arrowshape.left.arrowshape.right.fill	arrowshape.left.arrowshape.right	
arrowshape.left.arrowshape.right.fill	2023	17.0	14.0	17.0	10.0	1.0	arrows,automotive				arrowshape.left.arrowshape.right	fill
arrowshape.left.circle	2023	17.0	14.0	17.0	10.0	1.0	arrows,automotive,variable			arrowshape.left.circle.fill	arrowshape.left	circle
arrowshape.left.circle.fill	2023	17.0	14.0	17.0	10.0	1.0	arrows,automotive,multicolor				arrowshape.left	circle,fill
arrowshape.left.fill	2022	16.0	13.0	16.0	9.0	1.0	arrows,automotive				arrowshape.left	fill
arrowshape.right	2022	16.0	13.0	16.0	9.0	1.0	arrows,automotive			arrowshape.right.fill	arrowshape.right	
arrowshape.right.circle	2023	17.0	14.0	17.0	10.0	1.0	arrows,automotive,variable			arrowshape.right.circle.fill	arrowshape.right	circle
arrowshape.right.circle.fill	2023	17.0	14.0	17.0	10.0	1.0	arrows,automotive,multicolor				arrowshape.right	circle,fill
arrowshape.right.fill	2022	16.0	13.0	16.0	9.0	1.0	arrows,automotive				arrowshape.right	fill
arrowshape.turn.up.backward	2020	14.0	11.0	14.0	7.0	1.0	arrows			arrowshape.turn.up.backward.fill	arrowshape.turn.up.backward	
arrowshape.turn.up.backward.2	2020	14.0	11.0	14.0	7.0	1.0	arrows			arrowshape.turn.up.backward.2.fill	arrowshape.turn.up.backward.2	
arrowshape.turn.up.backward.2.circle	2020	14.0	11.0	14.0	7.0	1.0	arrows,variable			arrowshape.turn.up.backward.2.circle.fill	arrowshape.turn.up.backward.2	circle
arrowshape.turn.up.backward.2.circle.fill	2020	14.0	11.0	14.0	7.0	1.0	arrows,multicolor				arrowshape.turn.up.backward.2	circle,fill
arrowshape.turn.up.backward.2.fill	2020	14.0	11.0	14.0	7.0	1.0	arrows				arrowshape.turn.up.backward.2	fill
arrowshape.turn.up.backward.badge.clock	2022	16.0	13.0	16.0	9.0	1.0	arrows,multicolor			arrowshape.turn.up.backward.badge.clock.fill	arrowshape.turn.up.backward.badge.clock	
arrowshape.turn.up.backward.badge.clock.fill	2022	16.0	13.0	16.0	9.0	1.0	arrows,multicolor				arrowshape.turn.up.backward.badge.clock	fill
arrowshape.turn.up.backward.circle	2020	14.0	11.0	14.0	7.0	1.0	arrows,variable			arrowshape.turn.up.backward.circle.fill	arrowshape.turn.up.backward	circle
arrowshape.turn.up.backward.circle.fill	2020	14.0	11.0	14.0	7.0	1.0	arrows,multicolor				arrowshape.turn.up.backward	circle,fill
arrowshape.turn.up.backward.fill	2020	14.0	11.0	14.0	7.0	1.0	arrows				arrowshape.turn.up.backward	fill
arrowshape.turn.up.forward	2020	14.0	11.0	14.0	7.0	1.0	arrows			arrowshape.turn.up.forward.fill	arrowshape.turn.up.forward	
arrowshape.turn.up.forward.circle	2020	14.0	11.0	14.0	7.0	1.0	arrows,variable			arrowshape.turn.up.forward.circle.fill	arrowshape.turn.up.forward	circle
arrowshape.turn.up.forward.circle.fill	2020	14.0	11.0	14.0	7.0	1.0	arrows,multicolor				arrowshape.turn.up.forward	circle,fill
arrowshape.turn.up.forward.fill	2020	14.0	11.0	14.0	7.0	1.0	arrows				arrowshape.turn.up.forward	fill
arrowshape.turn.up.left	2019	13.0	10.15	13.0	6.0	1.0	arrows	mail,reply		arrowshape.turn.up.left.fill	arrowshape.turn.up.left	
arrowshape.turn.up.left.2	2019	13.0	10.15	13.0	6.0	1.0	arrows	mail,reply all		arrowshape.turn.up.left.2.fill	arrowshape.turn.up.left.2	
arrowshape.turn.up.left.2.circle	2020	14.0	11.0	14.0	7.0	1.0	arrows,variable	reply all		arrowshape.turn.up.left.2.circle.fill	arrowshape.turn.up.left.2	circle
arrowshape.turn.up.left.2.circle.fill	2020	14.0	11.0	14.0	7.0	1.0	arrows,multicolor	reply all			arrowshape.turn.up.left.2	circle,fill
arrowshape.turn.up.left.2.fill	2019	13.0	10.15	13.0	6.0	1.0	arrows	mail,reply all			arrowshape.turn.up.left.2	fill
arrowshape.turn.up.left.circle	2019	13.0	10.15	13.0	6.0	1.0	arrows,variable	reply		arrowshape.turn.up.left.circle.fill	arrowshape.turn.up.left	circle
arrowshape.turn.up.left.circle.fill	2019	13.0	10.15	13.0	6.0	1.0	arrows,multicolor	reply			arrowshape.turn.up.left	circle,fill
arrowshape.turn.up.left.fill	2019	13.0	10.15	13.0	6.0	1.0	arrows	mail,reply			arrowshape.turn.up.left	fill
arrowshape.turn.up.right	2019	13.0	10.15	13.0	6.0	1.0	arrows	forward,mail		arrowshape.turn.up.right.fill	arrowshape.turn.up.right	
arrowshape.turn.up.right.circle	2019	13.0	10.15	13.0	6.0	1.0	arrows,variable	forward		arrowshape.turn.up.right.circle.fill	arrowshape.turn.up.right	circle
arrowshape.turn.up.right.circle.fill	2019	13.0	10.15	13.0	6.0	1.0	arrows,multicolor	forward			arrowshape.turn.up.right	circle,fill
arrowshape.turn.up.right.fill	2019	13.0	10.15	13.0	6.0	1.0	arrows	forward,mail			arrowshape.turn.up.right	fill
arrowshape.up	2023	17.0	14.0	17.0	10.0	1.0	arrows			arrowshape.up.fill	arrowshape.up	
arrowshape.up.circle	2023	17.0	14.0	17.0	10.0	1.0	arrows,variable			arrowshape.up.circle.fill	arrowshape.up	circle
arrowshape.up.circle.fill	2023	17.0	14.0	17.0	10.0	1.0	arrows,multicolor				arrowshape.up	circle,fill
arrowshape.up.fill	2023	17.0	14.0	17.0	10.0	1.0	arrows				arrowshape.up	fill
arrowshape.zigzag.forward	2020	14.0	11.0	14.0	7.0	1.0	arrows			arrowshape.zigzag.forward.fill	arrowshape.zigzag.forward	
arrowshape.zigzag.forward.fill	2020	14.0	11.0	14.0	7.0	1.0	arrows				arrowshape.zigzag.forward	fill
arrowshape.zigzag.right	2020	14.0	11.0	14.0	7.0	1.0	arrows	mail		arrowshape.zigzag.right.fill	arrowshape.zigzag.right	
arrowshape.zigzag.right.fill	2020	14.0	11.0	14.0	7.0	1.0	arrows	mail			arrowshape.zigzag.right	fill
arrowtriangle.backward	2020	14.0	11.0	14.0	7.0	1.0	arrows	left		arrowtriangle.backward.fill	arrowtriangle.backward	
arrowtriangle.backward.circle	2020	14.0	11.0	14.0	7.0	1.0	arrows,variable	left		arrowtriangle.backward.circle.fill	arrowtriangle.backward	circle
arrowtriangle.backward.circle.fill	2020	14.0	11.0	14.0	7.0	1.0	arrows,multicolor	left			arrowtriangle.backward	circle,fill
arrowtriangle.backward.fill	2020	14.0	11.0	14.0	7.0	1.0	arrows	left			arrowtriangle.backward	fill
arrowtriangle.backward.inset.filled.leadingthird.rectangle	2026	27.0	27.0	27.0	27.0	27.0					arrowtriangle.backward.inset.filled.leadingthird	rectangle
arrowtriangle.backward.leadingside.rectangle	2026	27.0	27.0	27.0	27.0	27.0	whatsnew				arrowtriangle.backward.leadingside	rectangle
arrowtriangle.backward.square	2020	14.0	11.0	14.0	7.0	1.0	arrows	left		arrowtriangle.backward.square.fill	arrowtriangle.backward	square
arrowtriangle.backward.square.fill	2020	14.0	11.0	14.0	7.0	1.0	arrows,multicolor	left			arrowtriangle.backward	square,fill
arrowtriangle.down	2019	13.0	10.15	13.0	6.0	1.0	arrows			arrowtriangle.down.fill	arrowtriangle.down	
arrowtriangle.down.2	2025.1	26.1	26.1	26.1	26.1	26.1	arrows			arrowtriangle.down.2.fill	arrowtriangle.down.2	
arrowtriangle.down.2.fill	2025.1	26.1	26.1	26.1	26.1	26.1	arrows				arrowtriangle.down.2	fill
arrowtriangle.down.circle	2019	13.0	10.15	13.0	6.0	1.0	arrows,gaming,variable			arrowtriangle.down.circle.fill	arrowtriangle.down	circle
arrowtriangle.down.circle.fill	2019	13.0	10.15	13.0	6.0	1.0	arrows,gaming,multicolor				arrowtriangle.down	circle,fill
arrowtriangle.down.fill	2019	13.0	10.15	13.0	6.0	1.0	arrows				arrowtriangle.down	fill
arrowtriangle.down.square	2019	13.0	10.15	13.0	6.0	1.0	arrows			arrowtriangle.down.square.fill	arrowtriangle.down	square
arrowtriangle.down.square.fill	2019	13.0	10.15	13.0	6.0	1.0	arrows,multicolor				arrowtriangle.down	square,fill
arrowtriangle.forward	2020	14.0	11.0	14.0	7.0	1.0	arrows	right		arrowtriangle.forward.fill	arrowtriangle.forward	
arrowtriangle.forward.circle	2020	14.0	11.0	14.0	7.0	1.0	arrows,variable	right		arrowtriangle.forward.circle.fill	arrowtriangle.forward	circle
arrowtriangle.forward.circle.fill	2020	14.0	11.0	14.0	7.0	1.0	arrows,multicolor	right			arrowtriangle.forward	circle,fill
arrowtriangle.forward.fill	2020	14.0	11.0	14.0	7.0	1.0	arrows	right			arrowtriangle.forward	fill
arrowtriangle.forward.inset.filled.trailingthird.rectangle	2025.1	26.1	26.1	26.1	26.1	26.1					arrowtriangle.forward.inset.filled.trailingthird	rectangle
arrowtriangle.forward.square	2020	14.0	11.0	14.0	7.0	1.0	arrows	right		arrowtriangle.forward.square.fill	arrowtriangle.forward	square
arrowtriangle.forward.square.fill	2020	14.0	11.0	14.0	7.0	1.0	arrows,multicolor	right			arrowtriangle.forward	square,fill
arrowtriangle.forward.trailingside.rectangle	2026	27.0	27.0	27.0	27.0	27.0	whatsnew				arrowtriangle.forward.trailingside	rectangle
arrowtriangle.left	2019	13.0	10.15	13.0	6.0	1.0	arrows			arrowtriangle.left.fill	arrowtriangle.left	
arrowtriangle.left.and.line.vertical.and.arrowtriangle.right	2020	14.0	11.0	14.0	7.0	1.0	arrows			arrowtriangle.left.and.line.vertical.and.arrowtriangle.right.fill	arrowtriangle.left.and.line.vertical.and.arrowtriangle.right	
arrowtriangle.left.and.line.vertical.and.arrowtriangle.right.fill	2021	15.0	12.0	15.0	8.0	1.0	arrows				arrowtriangle.left.and.line.vertical.and.arrowtriangle.right	fill
arrowtriangle.left.circle	2019	13.0	10.15	13.0	6.0	1.0	arrows,gaming,variable			arrowtriangle.left.circle.fill	arrowtriangle.left	circle
arrowtriangle.left.circle.fill	2019	13.0	10.15	13.0	6.0	1.0	arrows,gaming,multicolor				arrowtriangle.left	circle,fill
arrowtriangle.left.fill	2019	13.0	10.15	13.0	6.0	1.0	arrows				arrowtriangle.left	fill
arrowtriangle.left.inset.filled.leftthird.rectangle	2026	27.0	27.0	27.0	27.0	27.0	whatsnew				arrowtriangle.left.inset.filled.leftthird	rectangle
arrowtriangle.left.leftside.rectangle	2026	27.0	27.0	27.0	27.0	27.0	whatsnew				arrowtriangle.left.leftside	rectangle
arrowtriangle.left.square	2019	13.0	10.15	13.0	6.0	1.0	arrows			arrowtriangle.left.square.fill	arrowtriangle.left	square
arrowtriangle.left.square.fill	2019	13.0	10.15	13.0	6.0	1.0	arrows,multicolor				arrowtriangle.left	square,fill
arrowtriangle.right	2019	13.0	10.15	13.0	6.0	1.0	arrows			arrowtriangle.right.fill	arrowtriangle.right	
arrowtriangle.right.and.line.vertical.and.arrowtriangle.left	2020	14.0	11.0	14.0	7.0	1.0	arrows			arrowtriangle.right.and.line.vertical.and.arrowtriangle.left.fill	arrowtriangle.right.and.line.vertical.and.arrowtriangle.left	
arrowtriangle.right.and.line.vertical.and.arrowtriangle.left.fill	2021	15.0	12.0	15.0	8.0	1.0	arrows				arrowtriangle.right.and.line.vertical.and.arrowtriangle.left	fill
arrowtriangle.right.circle	2019	13.0	10.15	13.0	6.0	1.0	arrows,gaming,variable			arrowtriangle.right.circle.fill	arrowtriangle.right	circle
arrowtriangle.right.circle.fill	2019	13.0	10.15	13.0	6.0	1.0	arrows,gaming,multicolor				arrowtriangle.right	circle,fill
arrowtriangle.right.fill	2019	13.0	10.15	13.0	6.0	1.0	arrows				arrowtriangle.right	fill
arrowtriangle.right.inset.filled.rightthird.rectangle	2026	27.0	27.0	27.0	27.0	27.0	whatsnew				arrowtriangle.right.inset.filled.rightthird	rectangle
arrowtriangle.right.rightside.rectangle	2026	27.0	27.0	27.0	27.0	27.0	whatsnew				arrowtriangle.right.rightside	rectangle
arrowtriangle.right.square	2019	13.0	10.15	13.0	6.0	1.0	arrows			arrowtriangle.right.square.fill	arrowtriangle.right	square
arrowtriangle.right.square.fill	2019	13.0	10.15	13.0	6.0	1.0	arrows,multicolor				arrowtriangle.right	square,fill
arrowtriangle.up	2019	13.0	10.15	13.0	6.0	1.0	arrows			arrowtriangle.up.fill	arrowtriangle.up	
arrowtriangle.up.2	2025.1	26.1	26.1	26.1	26.1	26.1	arrows			arrowtriangle.up.2.fill	arrowtriangle.up.2	
arrowtriangle.up.2.fill	2025.1	26.1	26.1	26.1	26.1	26.1	arrows				arrowtriangle.up.2	fill
arrowtriangle.up.arrowtriangle.down.window.left	2023	17.0	14.0	17.0	10.0	1.0	automotive				arrowtriangle.up.arrowtriangle.down.window.left	
arrowtriangle.up.arrowtriangle.down.window.right	2023	17.0	14.0	17.0	10.0	1.0	automotive				arrowtriangle.up.arrowtriangle.down.window.right	
arrowtriangle.up.circle	2019	13.0	10.15	13.0	6.0	1.0	arrows,gaming,variable			arrowtriangle.up.circle.fill	arrowtriangle.up	circle
arrowtriangle.up.circle.fill	2019	13.0	10.15	13.0	6.0	1.0	arrows,gaming,multicolor				arrowtriangle.up	circle,fill
arrowtriangle.up.fill	2019	13.0	10.15	13.0	6.0	1.0	arrows				arrowtriangle.up	fill
arrowtriangle.up.square	2019	13.0	10.15	13.0	6.0	1.0	arrows			arrowtriangle.up.square.fill	arrowtriangle.up	square
arrowtriangle.up.square.fill	2019	13.0	10.15	13.0	6.0	1.0	arrows,multicolor				arrowtriangle.up	square,fill
aspectratio	2019.1	13.1	10.15	13.0	6.1	1.0	editing			aspectratio.fill	aspectratio	
aspectratio.fill	2019.1	13.1	10.15	13.0	6.1	1.0	editing				aspectratio	fill
asterisk	2021	15.0	12.0	15.0	8.0	1.0		*			asterisk	
asterisk.circle	2019	13.0	10.15	13.0	6.0	1.0	variable	*		asterisk.circle.fill	asterisk	circle
asterisk.circle.fill	2019	13.0	10.15	13.0	6.0	1.0	multicolor	*			asterisk	circle,fill
at	2019	13.0	10.15	13.0	6.0	1.0	multicolor	@			at	
at.badge.minus	2019	13.0	10.15	13.0	6.0	1.0	multicolor	-,@,remove			at.badge.minus	
at.badge.plus	2019	13.0	10.15	13.0	6.0	1.0	multicolor	+,@,add			at.badge.plus	
at.circle	2020	14.0	11.0	14.0	7.0	1.0	multicolor,variable	@		at.circle.fill	at	circle
at.circle.fill	2020	14.0	11.0	14.0	7.0	1.0	multicolor	@			at	circle,fill
atom	2020	14.0	11.0	14.0	7.0	1.0	nature	science			atom	
audio.jack.mono	2023.3	17.4	14.4	17.4	10.4	1.1	devices				audio.jack.mono	
audio.jack.stereo	2023.3	17.4	14.4	17.4	10.4	1.1	devices				audio.jack.stereo	
australian.football	2024	18.0	15.0	18.0	11.0	2.0	fitness,objectsandtools	sports		australian.football.fill	australian.football	
australian.football.circle	2024	18.0	15.0	18.0	11.0	2.0	fitness,objectsandtools,variable	sports		australian.football.circle.fill	australian.football	circle
australian.football.circle.fill	2024	18.0	15.0	18.0	11.0	2.0	fitness,multicolor,objectsandtools	sports			australian.football	circle,fill
australian.football.fill	2024	18.0	15.0	18.0	11.0	2.0	fitness,objectsandtools	sports			australian.football	fill
australiandollarsign	2023	17.0	14.0	17.0	10.0	1.0	commerce,indices	currencies,currency			australiandollarsign	
australiandollarsign.arrow.trianglehead.counterclockwise.rotate.90	2024	18.0	15.0	18.0	11.0	2.0	arrows,commerce	currencies,currency			australiandollarsign.arrow.trianglehead.counterclockwise.rotate.90	
australiandollarsign.building.classical	2026	27.0	27.0	27.0	27.0	27.0	commerce,objectsandtools	currencies,currency		australiandollarsign.building.classical.fill	australiandollarsign.building.classical	
australiandollarsign.building.classical.fill	2026	27.0	27.0	27.0	27.0	27.0	commerce,multicolor,objectsandtools	currencies,currency			australiandollarsign.building.classical	fill
australiandollarsign.circle	2023	17.0	14.0	17.0	10.0	1.0	commerce,indices,variable	currencies,currency		australiandollarsign.circle.fill	australiandollarsign	circle
australiandollarsign.circle.fill	2023	17.0	14.0	17.0	10.0	1.0	commerce,indices,multicolor	currencies,currency			australiandollarsign	circle,fill
australiandollarsign.gauge.chart.lefthalf.righthalf	2024	18.0	15.0	18.0	11.0	2.0	commerce,home,variable				australiandollarsign.gauge.chart.lefthalf.righthalf	
australiandollarsign.gauge.chart.leftthird.topthird.rightthird	2024	18.0	15.0	18.0	11.0	2.0	commerce,home,variable				australiandollarsign.gauge.chart.leftthird.topthird.rightthird	
australiandollarsign.ring	2024	18.0	15.0	18.0	11.0	2.0	commerce,home				australiandollarsign.ring	
australiandollarsign.ring.dashed	2024	18.0	15.0	18.0	11.0	2.0	commerce,home,variable				australiandollarsign.ring.dashed	
australiandollarsign.square	2023	17.0	14.0	17.0	10.0	1.0	commerce,indices	currencies,currency		australiandollarsign.square.fill	australiandollarsign	square
australiandollarsign.square.fill	2023	17.0	14.0	17.0	10.0	1.0	commerce,indices,multicolor	currencies,currency			australiandollarsign	square,fill
australsign	2022	16.0	13.0	16.0	9.0	1.0	commerce,indices	currencies,currency			australsign	
australsign.arrow.trianglehead.counterclockwise.rotate.90	2024	18.0	15.0	18.0	11.0	2.0	arrows,commerce	currencies,currency			australsign.arrow.trianglehead.counterclockwise.rotate.90	
australsign.building.classical	2026	27.0	27.0	27.0	27.0	27.0	commerce,objectsandtools	currencies,currency		australsign.building.classical.fill	australsign.building.classical	
australsign.building.classical.fill	2026	27.0	27.0	27.0	27.0	27.0	commerce,multicolor,objectsandtools	currencies,currency			australsign.building.classical	fill
australsign.circle	2019	13.0	10.15	13.0	6.0	1.0	commerce,indices,variable	currencies,currency		australsign.circle.fill	australsign	circle
australsign.circle.fill	2019	13.0	10.15	13.0	6.0	1.0	commerce,indices,multicolor	currencies,currency			australsign	circle,fill
australsign.gauge.chart.lefthalf.righthalf	2024	18.0	15.0	18.0	11.0	2.0	commerce,home,variable				australsign.gauge.chart.lefthalf.righthalf	
australsign.gauge.chart.leftthird.topthird.rightthird	2024	18.0	15.0	18.0	11.0	2.0	commerce,home,variable				australsign.gauge.chart.leftthird.topthird.rightthird	
australsign.ring	2024	18.0	15.0	18.0	11.0	2.0	commerce,home				australsign.ring	
australsign.ring.dashed	2024	18.0	15.0	18.0	11.0	2.0	commerce,home,variable				australsign.ring.dashed	
australsign.square	2019	13.0	10.15	13.0	6.0	1.0	commerce,indices	currencies,currency		australsign.square.fill	australsign	square
australsign.square.fill	2019	13.0	10.15	13.0	6.0	1.0	commerce,indices,multicolor	currencies,currency			australsign	square,fill
automatic.brakesignal	2023	17.0	14.0	17.0	10.0	1.0	automotive				automatic.brakesignal	
automatic.headlight.high.beam	2023	17.0	14.0	17.0	10.0	1.0	automotive,multicolor			automatic.headlight.high.beam.fill	automatic.headlight.high.beam	
automatic.headlight.high.beam.fill	2023	17.0	14.0	17.0	10.0	1.0	automotive,multicolor				automatic.headlight.high.beam	fill
automatic.headlight.low.beam	2023	17.0	14.0	17.0	10.0	1.0	automotive,multicolor			automatic.headlight.low.beam.fill	automatic.headlight.low.beam	
automatic.headlight.low.beam.fill	2023	17.0	14.0	17.0	10.0	1.0	automotive,multicolor				automatic.headlight.low.beam	fill
autostartstop	2022.1	16.1	13.0	16.1	9.1	1.0	automotive,multicolor				autostartstop	
autostartstop.slash	2022.1	16.1	13.0	16.1	9.1	1.0	automotive,multicolor				autostartstop	slash
autostartstop.trianglebadge.exclamationmark	2022.1	16.1	13.0	16.1	9.1	1.0	automotive,multicolor	!,warning			autostartstop.trianglebadge.exclamationmark	
av.remote	2022	16.0	13.0	16.0	9.0	1.0	devices,home			av.remote.fill	av.remote	
av.remote.fill	2022	16.0	13.0	16.0	9.0	1.0	devices,home				av.remote	fill
axle.2	2022.2	16.4	13.3	16.4	9.4	1.0	automotive				axle.2	
axle.2.driveshaft.disengaged	2023	17.0	14.0	17.0	10.0	1.0	automotive				axle.2.driveshaft.disengaged	
axle.2.front.and.rear.engaged	2022.2	16.4	13.3	16.4	9.4	1.0	automotive				axle.2.front.and.rear.engaged	
axle.2.front.disengaged	2023	17.0	14.0	17.0	10.0	1.0	automotive				axle.2.front.disengaged	
axle.2.front.engaged	2022.2	16.4	13.3	16.4	9.4	1.0	automotive				axle.2.front.engaged	
axle.2.rear.disengaged	2023	17.0	14.0	17.0	10.0	1.0	automotive				axle.2.rear.disengaged	
axle.2.rear.engaged	2022.2	16.4	13.3	16.4	9.4	1.0	automotive				axle.2.rear.engaged	
axle.2.rear.lock	2023	17.0	14.0	17.0	10.0	1.0	automotive				axle.2.rear.lock	
b.circle	2019	13.0	10.15	13.0	6.0	1.0	gaming,indices,variable			b.circle.fill	b	circle
b.circle.fill	2019	13.0	10.15	13.0	6.0	1.0	gaming,indices,multicolor				b	circle,fill
b.square	2019	13.0	10.15	13.0	6.0	1.0	indices			b.square.fill	b	square
b.square.fill	2019	13.0	10.15	13.0	6.0	1.0	indices,multicolor				b	square,fill
backpack	2022	16.0	13.0	16.0	9.0	1.0	objectsandtools	camping		backpack.fill	backpack	
backpack.circle	2022.1	16.1	13.0	16.1	9.1	1.0	objectsandtools,variable	camping		backpack.circle.fill	backpack	circle
backpack.circle.fill	2022.1	16.1	13.0	16.1	9.1	1.0	multicolor,objectsandtools	camping			backpack	circle,fill
backpack.fill	2022	16.0	13.0	16.0	9.0	1.0	objectsandtools	camping			backpack	fill
backpack.sensor.tag.radiowaves.left.and.right	2025	26.0	26.0	26.0	26.0	26.0	devices,objectsandtools,variable			backpack.sensor.tag.radiowaves.left.and.right.fill	backpack.sensor.tag.radiowaves.left.and.right	
backpack.sensor.tag.radiowaves.left.and.right.fill	2025	26.0	26.0	26.0	26.0	26.0	devices,multicolor,objectsandtools,variable				backpack.sensor.tag.radiowaves.left.and.right	fill
backward	2019	13.0	10.15	13.0	6.0	1.0	media			backward.fill	backward	
backward.bubble	2026	27.0	27.0	27.0	27.0	27.0	communication,whatsnew			backward.bubble.fill	backward.bubble	
backward.bubble.fill	2026	27.0	27.0	27.0	27.0	27.0	communication,multicolor,whatsnew				backward.bubble	fill
backward.circle	2021	15.0	12.0	15.0	8.0	1.0	media,variable			backward.circle.fill	backward	circle
backward.circle.fill	2021	15.0	12.0	15.0	8.0	1.0	media,multicolor				backward	circle,fill
backward.end	2019	13.0	10.15	13.0	6.0	1.0	media			backward.end.fill	backward.end	
backward.end.alt	2019	13.0	10.15	13.0	6.0	1.0	media			backward.end.alt.fill	backward.end.alt	
backward.end.alt.fill	2019	13.0	10.15	13.0	6.0	1.0	media				backward.end.alt	fill
backward.end.circle	2022	16.0	13.0	16.0	9.0	1.0	media,variable			backward.end.circle.fill	backward.end	circle
backward.end.circle.fill	2022	16.0	13.0	16.0	9.0	1.0	media,multicolor				backward.end	circle,fill
backward.end.fill	2019	13.0	10.15	13.0	6.0	1.0	media				backward.end	fill
backward.fill	2019	13.0	10.15	13.0	6.0	1.0	media				backward	fill
backward.frame	2020	14.0	11.0	14.0	7.0	1.0	media			backward.frame.fill	backward.frame	
backward.frame.fill	2020	14.0	11.0	14.0	7.0	1.0	media				backward.frame	fill
badge.plus.radiowaves.forward	2020	14.0	11.0	14.0	7.0	1.0	multicolor,variable	+,add,right			badge.plus.radiowaves.forward	
badge.plus.radiowaves.right	2019	13.0	10.15	13.0	6.0	1.0	multicolor,variable	+,add			badge.plus.radiowaves.right	
bag	2019	13.0	10.15	13.0	6.0	1.0	commerce,objectsandtools			bag.fill	bag	
bag.badge.minus	2019	13.0	10.15	13.0	6.0	1.0	commerce,multicolor,objectsandtools	remove		bag.fill.badge.minus	bag.badge.minus	
bag.badge.plus	2019	13.0	10.15	13.0	6.0	1.0	commerce,multicolor,objectsandtools	add		bag.fill.badge.plus	bag.badge.plus	
bag.badge.questionmark	2022	16.0	13.0	16.0	9.0	1.0	commerce,multicolor,objectsandtools			bag.fill.badge.questionmark	bag.badge.questionmark	
bag.circle	2020	14.0	11.0	14.0	7.0	1.0	commerce,objectsandtools,variable			bag.circle.fill	bag	circle
bag.circle.fill	2020	14.0	11.0	14.0	7.0	1.0	commerce,multicolor,objectsandtools				bag	circle,fill
bag.fill	2019	13.0	10.15	13.0	6.0	1.0	commerce,objectsandtools				bag	fill
bag.fill.badge.minus	2019	13.0	10.15	13.0	6.0	1.0	commerce,multicolor,objectsandtools	remove			bag.fill.badge.minus	
bag.fill.badge.plus	2019	13.0	10.15	13.0	6.0	1.0	commerce,multicolor,objectsandtools	add			bag.fill.badge.plus	
bag.fill.badge.questionmark	2022	16.0	13.0	16.0	9.0	1.0	commerce,multicolor,objectsandtools				bag.fill.badge.questionmark	
bahtsign	2022	16.0	13.0	16.0	9.0	1.0	commerce,indices	currencies,currency			bahtsign	
bahtsign.arrow.trianglehead.counterclockwise.rotate.90	2024	18.0	15.0	18.0	11.0	2.0	arrows,commerce	currencies,currency			bahtsign.arrow.trianglehead.counterclockwise.rotate.90	
bahtsign.building.classical	2026	27.0	27.0	27.0	27.0	27.0	commerce,objectsandtools	currencies,currency		bahtsign.building.classical.fill	bahtsign.building.classical	
bahtsign.building.classical.fill	2026	27.0	27.0	27.0	27.0	27.0	commerce,multicolor,objectsandtools	currencies,currency			bahtsign.building.classical	fill
bahtsign.circle	2019	13.0	10.15	13.0	6.0	1.0	commerce,indices,variable	currencies,currency		bahtsign.circle.fill	bahtsign	circle
bahtsign.circle.fill	2019	13.0	10.15	13.0	6.0	1.0	commerce,indices,multicolor	currencies,currency			bahtsign	circle,fill
bahtsign.gauge.chart.lefthalf.righthalf	2024	18.0	15.0	18.0	11.0	2.0	commerce,home,variable				bahtsign.gauge.chart.lefthalf.righthalf	
bahtsign.gauge.chart.leftthird.topthird.rightthird	2024	18.0	15.0	18.0	11.0	2.0	commerce,home,variable				bahtsign.gauge.chart.leftthird.topthird.rightthird	
bahtsign.ring	2024	18.0	15.0	18.0	11.0	2.0	commerce,home				bahtsign.ring	
bahtsign.ring.dashed	2024	18.0	15.0	18.0	11.0	2.0	commerce,home,variable				bahtsign.ring.dashed	
bahtsign.square	2019	13.0	10.15	13.0	6.0	1.0	commerce,indices	currencies,currency		bahtsign.square.fill	bahtsign	square
bahtsign.square.fill	2019	13.0	10.15	13.0	6.0	1.0	commerce,indices,multicolor	currencies,currency			bahtsign	square,fill
balloon	2022	16.0	13.0	16.0	9.0	1.0	home,objectsandtools	party		balloon.fill	balloon	
balloon.2	2022	16.0	13.0	16.0	9.0	1.0	home,objectsandtools	party		balloon.2.fill	balloon.2	
balloon.2.fill	2022	16.0	13.0	16.0	9.0	1.0	home,objectsandtools	party			balloon.2	fill
balloon.fill	2022	16.0	13.0	16.0	9.0	1.0	home,objectsandtools	party			balloon	fill
bandage	2019	13.0	10.15	13.0	6.0	1.0	editing,health,objectsandtools	medical		bandage.fill	bandage	
bandage.fill	2019	13.0	10.15	13.0	6.0	1.0	editing,health,objectsandtools	medical			bandage	fill
banknote	2020	14.0	11.0	14.0	7.0	1.0	commerce			banknote.fill	banknote	
banknote.fill	2020	14.0	11.0	14.0	7.0	1.0	commerce				banknote	fill
barcode	2019	13.0	10.15	13.0	6.0	1.0					barcode	
barcode.viewfinder	2019	13.0	10.15	13.0	6.0	1.0		scan bar code			barcode.viewfinder	
barometer	2020	14.0	11.0	14.0	7.0	1.0	objectsandtools	high,medium			barometer	
base.unit	2024	18.0	15.0	18.0	11.0	2.0	maps	distance,measure,scale			base.unit	
baseball	2022	16.0	13.0	16.0	9.0	1.0	fitness,objectsandtools	sports		baseball.fill	baseball	
baseball.circle	2022	16.0	13.0	16.0	9.0	1.0	fitness,objectsandtools,variable	sports		baseball.circle.fill	baseball	circle
baseball.circle.fill	2022	16.0	13.0	16.0	9.0	1.0	fitness,multicolor,objectsandtools	sports			baseball	circle,fill
baseball.diamond.bases	2022	16.0	13.0	16.0	9.0	1.0	fitness	sports			baseball.diamond.bases	
baseball.diamond.bases.outs.indicator	2024	18.0	15.0	18.0	11.0	2.0	fitness	sports			baseball.diamond.bases.outs.indicator	
baseball.fill	2022	16.0	13.0	16.0	9.0	1.0	fitness,objectsandtools	sports			baseball	fill
basket	2022	16.0	13.0	16.0	9.0	1.0	commerce,objectsandtools			basket.fill	basket	
basket.fill	2022	16.0	13.0	16.0	9.0	1.0	commerce,objectsandtools				basket	fill
basketball	2022	16.0	13.0	16.0	9.0	1.0	fitness,objectsandtools	sports		basketball.fill	basketball	
basketball.circle	2022	16.0	13.0	16.0	9.0	1.0	fitness,objectsandtools,variable	sports		basketball.circle.fill	basketball	circle
basketball.circle.fill	2022	16.0	13.0	16.0	9.0	1.0	fitness,multicolor,objectsandtools	sports			basketball	circle,fill
basketball.fill	2022	16.0	13.0	16.0	9.0	1.0	fitness,objectsandtools	sports			basketball	fill
bathtub	2022	16.0	13.0	16.0	9.0	1.0	home,objectsandtools			bathtub.fill	bathtub	
bathtub.fill	2022	16.0	13.0	16.0	9.0	1.0	home,objectsandtools				bathtub	fill
battery.0percent	2023	17.0	14.0	17.0	10.0	1.0	multicolor,objectsandtools				battery.0percent	
battery.100percent	2023	17.0	14.0	17.0	10.0	1.0	multicolor,objectsandtools				battery.100percent	
battery.100percent.bolt	2023	17.0	14.0	17.0	10.0	1.0	multicolor,objectsandtools				battery.100percent.bolt	
battery.100percent.circle	2023	17.0	14.0	17.0	10.0	1.0	multicolor,objectsandtools,variable			battery.100percent.circle.fill	battery.100percent	circle
battery.100percent.circle.fill	2023	17.0	14.0	17.0	10.0	1.0	multicolor,objectsandtools				battery.100percent	circle,fill
battery.25percent	2023	17.0	14.0	17.0	10.0	1.0	multicolor,objectsandtools				battery.25percent	
battery.50percent	2023	17.0	14.0	17.0	10.0	1.0	multicolor,objectsandtools				battery.50percent	
battery.75percent	2023	17.0	14.0	17.0	10.0	1.0	multicolor,objectsandtools				battery.75percent	
batteryblock	2022.1	16.1	13.0	16.1	9.1	1.0	automotive,objectsandtools			batteryblock.fill	batteryblock	
batteryblock.fill	2022.1	16.1	13.0	16.1	9.1	1.0	automotive,objectsandtools				batteryblock	fill
batteryblock.slash	2022.1	16.1	13.0	16.1	9.1	1.0	automotive,objectsandtools			batteryblock.slash.fill	batteryblock	slash
batteryblock.slash.fill	2022.1	16.1	13.0	16.1	9.1	1.0	automotive,objectsandtools				batteryblock	slash,fill
batteryblock.stack	2024	18.0	15.0	18.0	11.0	2.0	automotive,objectsandtools			batteryblock.stack.fill	batteryblock.stack	
batteryblock.stack.badge.snowflake	2024	18.0	15.0	18.0	11.0	2.0	automotive,objectsandtools			batteryblock.stack.badge.snowflake.fill	batteryblock.stack.badge.snowflake	
batteryblock.stack.badge.snowflake.fill	2024	18.0	15.0	18.0	11.0	2.0	automotive,objectsandtools				batteryblock.stack.badge.snowflake	fill
batteryblock.stack.fill	2024	18.0	15.0	18.0	11.0	2.0	automotive,objectsandtools				batteryblock.stack	fill
batteryblock.stack.trianglebadge.exclamationmark	2024	18.0	15.0	18.0	11.0	2.0	automotive,multicolor,objectsandtools			batteryblock.stack.trianglebadge.exclamationmark.fill	batteryblock.stack.trianglebadge.exclamationmark	
batteryblock.stack.trianglebadge.exclamationmark.fill	2024	18.0	15.0	18.0	11.0	2.0	automotive,multicolor,objectsandtools				batteryblock.stack.trianglebadge.exclamationmark	fill
beach.umbrella	2022	16.0	13.0	16.0	9.0	1.0	objectsandtools			beach.umbrella.fill	beach.umbrella	
beach.umbrella.fill	2022	16.0	13.0	16.0	9.0	1.0	objectsandtools				beach.umbrella	fill
beats.earphones	2021	15.0	12.0	15.0	8.0	1.0	devices	audio,sound,speaker	This symbol may not be modified and may only be used to refer to Beats earphones.		beats.earphones	
beats.fitpro	2023	17.0	14.0	17.0	10.0	1.0	devices	audio,sound,speaker	This symbol may not be modified and may only be used to refer to Beats Fit Pro.		beats.fitpro	
beats.fitpro.chargingcase	2023	17.0	14.0	17.0	10.0	1.0	devices	audio,sound,speaker	This symbol may not be modified and may only be used to refer to Beats Fit Pro case.	beats.fitpro.chargingcase.fill	beats.fitpro.chargingcase	
beats.fitpro.chargingcase.fill	2023	17.0	14.0	17.0	10.0	1.0	devices	audio,sound,speaker	This symbol may not be modified and may only be used to refer to Beats Fit Pro case.		beats.fitpro.chargingcase	fill
beats.fitpro.left	2023	17.0	14.0	17.0	10.0	1.0	devices	audio,sound,speaker	This symbol may not be modified and may only be used to refer to Beats Fit Pro.		beats.fitpro.left	
beats.fitpro.right	2023	17.0	14.0	17.0	10.0	1.0	devices	audio,sound,speaker	This symbol may not be modified and may only be used to refer to Beats Fit Pro.		beats.fitpro.right	
beats.headphones	2021	15.0	12.0	15.0	8.0	1.0	devices,objectsandtools	audio,sound,speaker	This symbol may not be modified and may only be used to refer to Beats headphones.		beats.headphones	
beats.pill	2023.4	17.6	14.6	17.6	10.6	1.3	devices	audio,sound,speaker	This symbol may not be modified and may only be used to refer to Beats Pill.	beats.pill.fill	beats.pill	
beats.pill.fill	2023.4	17.6	14.6	17.6	10.6	1.3	devices	audio,sound,speaker	This symbol may not be modified and may only be used to refer to Beats Pill.		beats.pill	fill
beats.powerbeats	2021	15.0	12.0	15.0	8.0	1.0	devices	audio,sound,speaker	This symbol may not be modified and may only be used to refer to Beats Powerbeats.		beats.powerbeats	
beats.powerbeats.left	2022.2	16.4	13.3	16.4	9.4	1.0	devices	audio,sound,speaker	This symbol may not be modified and may only be used to refer to Beats Powerbeats.		beats.powerbeats.left	
beats.powerbeats.pro	2024	18.0	15.0	18.0	11.0	2.0	devices	audio,sound,speaker	This symbol may not be modified and may only be used to refer to Beats Powerbeats Pro.		beats.powerbeats.pro	
beats.powerbeats.pro.2	2024.4	18.5	15.5	18.5	11.5	2.5	devices	audio,sound,speaker	This symbol may not be modified and may only be used to refer to Beats Powerbeats Pro 2.		beats.powerbeats.pro.2	
beats.powerbeats.pro.2.chargingcase	2024.4	18.5	15.5	18.5	11.5	2.5	devices	audio	This symbol may not be modified and may only be used to refer to Beats Powerbeats Pro 2 case.	beats.powerbeats.pro.2.chargingcase.fill	beats.powerbeats.pro.2.chargingcase	
beats.powerbeats.pro.2.chargingcase.fill	2024.4	18.5	15.5	18.5	11.5	2.5	devices	audio	This symbol may not be modified and may only be used to refer to Beats Powerbeats Pro 2 case.		beats.powerbeats.pro.2.chargingcase	fill
beats.powerbeats.pro.2.left	2024.4	18.5	15.5	18.5	11.5	2.5	devices	audio,sound,speaker	This symbol may not be modified and may only be used to refer to Beats Powerbeats Pro 2.		beats.powerbeats.pro.2.left	
beats.powerbeats.pro.2.right	2024.4	18.5	15.5	18.5	11.5	2.5	devices	audio,sound,speaker	This symbol may not be modified and may only be used to refer to Beats Powerbeats Pro 2.		beats.powerbeats.pro.2.right	
beats.powerbeats.pro.chargingcase	2024	18.0	15.0	18.0	11.0	2.0	devices	audio	This symbol may not be modified and may only be used to refer to Beats Powerbeats Pro case.	beats.powerbeats.pro.chargingcase.fill	beats.powerbeats.pro.chargingcase	
beats.powerbeats.pro.chargingcase.fill	2024	18.0	15.0	18.0	11.0	2.0	devices	audio	This symbol may not be modified and may only be used to refer to Beats Powerbeats Pro case.		beats.powerbeats.pro.chargingcase	fill
beats.powerbeats.pro.left	2024	18.0	15.0	18.0	11.0	2.0	devices	audio,sound,speaker	This symbol may not be modified and may only be used to refer to Beats Powerbeats Pro.		beats.powerbeats.pro.left	
beats.powerbeats.pro.right	2024	18.0	15.0	18.0	11.0	2.0	devices	audio,sound,speaker	This symbol may not be modified and may only be used to refer to Beats Powerbeats Pro.		beats.powerbeats.pro.right	
beats.powerbeats.right	2022.2	16.4	13.3	16.4	9.4	1.0	devices	audio,sound,speaker	This symbol may not be modified and may only be used to refer to Beats Powerbeats.		beats.powerbeats.right	
beats.powerbeats3	2021	15.0	12.0	15.0	8.0	1.0	devices	audio,sound,speaker	This symbol may not be modified and may only be used to refer to Beats Powerbeats3.		beats.powerbeats3	
beats.powerbeats3.left	2022.2	16.4	13.3	16.4	9.4	1.0	devices	audio,sound,speaker	This symbol may not be modified and may only be used to refer to Beats Powerbeats3.		beats.powerbeats3.left	
beats.powerbeats3.right	2022.2	16.4	13.3	16.4	9.4	1.0	devices	audio,sound,speaker	This symbol may not be modified and may only be used to refer to Beats Powerbeats3.		beats.powerbeats3.right	
beats.solobuds	2023.4	17.6	14.6	17.6	10.6	1.3	devices	audio,sound,speaker	This symbol may not be modified and may only be used to refer to Beats Solo Buds.		beats.solobuds	
beats.solobuds.chargingcase	2023.4	17.6	14.6	17.6	10.6	1.3	devices	audio,sound,speaker	This symbol may not be modified and may only be used to refer to Beats Solo Buds case.	beats.solobuds.chargingcase.fill	beats.solobuds.chargingcase	
beats.solobuds.chargingcase.fill	2023.4	17.6	14.6	17.6	10.6	1.3	devices	audio,sound,speaker	This symbol may not be modified and may only be used to refer to Beats Solo Buds case.		beats.solobuds.chargingcase	fill
beats.solobuds.left	2023.4	17.6	14.6	17.6	10.6	1.3	devices	audio,sound,speaker	This symbol may not be modified and may only be used to refer to Beats Solo Buds.		beats.solobuds.left	
beats.solobuds.right	2023.4	17.6	14.6	17.6	10.6	1.3	devices	audio,sound,speaker	This symbol may not be modified and may only be used to refer to Beats Solo Buds.		beats.solobuds.right	
beats.studiobuds	2021	15.0	12.0	15.0	8.0	1.0	devices	audio,sound,speaker	This symbol may not be modified and may only be used to refer to Beats Studio Buds.		beats.studiobuds	
beats.studiobuds.chargingcase	2021	15.0	12.0	15.0	8.0	1.0	devices	audio,sound,speaker	This symbol may not be modified and may only be used to refer to Beats Studio Buds case.	beats.studiobuds.chargingcase.fill	beats.studiobuds.chargingcase	
beats.studiobuds.chargingcase.fill	2021	15.0	12.0	15.0	8.0	1.0	devices	audio,sound,speaker	This symbol may not be modified and may only be used to refer to Beats Studio Buds case.		beats.studiobuds.chargingcase	fill
beats.studiobuds.left	2024	18.0	15.0	18.0	11.0	2.0	devices	audio,sound,speaker	This symbol may not be modified and may only be used to refer to Beats Studio Buds.		beats.studiobuds.left	
beats.studiobuds.plus	2024	18.0	15.0	18.0	11.0	2.0	devices	audio,sound,speaker	This symbol may not be modified and may only be used to refer to Beats Studio Buds Plus.		beats.studiobuds.plus	
beats.studiobuds.plus.chargingcase	2024	18.0	15.0	18.0	11.0	2.0	devices	audio,sound,speaker	This symbol may not be modified and may only be used to refer to Beats Studio Buds Plus case.	beats.studiobuds.plus.chargingcase.fill	beats.studiobuds.plus.chargingcase	
beats.studiobuds.plus.chargingcase.fill	2024	18.0	15.0	18.0	11.0	2.0	devices	audio,sound,speaker	This symbol may not be modified and may only be used to refer to Beats Studio Buds Plus case.		beats.studiobuds.plus.chargingcase	fill
beats.studiobuds.plus.left	2024	18.0	15.0	18.0	11.0	2.0	devices	audio,sound,speaker	This symbol may not be modified and may only be used to refer to Beats Studio Buds Plus.		beats.studiobuds.plus.left	
beats.studiobuds.plus.right	2024	18.0	15.0	18.0	11.0	2.0	devices	audio,sound,speaker	This symbol may not be modified and may only be used to refer to Beats Studio Buds Plus.		beats.studiobuds.plus.right	
beats.studiobuds.right	2024	18.0	15.0	18.0	11.0	2.0	devices	audio,sound,speaker	This symbol may not be modified and may only be used to refer to Beats Studio Buds.		beats.studiobuds.right	
bed.double	2019	13.0	10.15	13.0	6.0	1.0	health,home,multicolor,objectsandtools	medical,sleep		bed.double.fill	bed.double	
bed.double.badge.checkmark	2025	26.0	26.0	26.0	26.0	26.0	health,home,multicolor,objectsandtools	medical,sleep		bed.double.badge.checkmark.fill	bed.double.badge.checkmark	
bed.double.badge.checkmark.fill	2025	26.0	26.0	26.0	26.0	26.0	health,home,multicolor,objectsandtools	medical,sleep			bed.double.badge.checkmark	fill
bed.double.circle	2021	15.0	12.0	15.0	8.0	1.0	health,home,multicolor,objectsandtools,variable	medical,sleep		bed.double.circle.fill	bed.double	circle
bed.double.circle.fill	2021	15.0	12.0	15.0	8.0	1.0	health,home,multicolor,objectsandtools	medical,sleep			bed.double	circle,fill
bed.double.fill	2019	13.0	10.15	13.0	6.0	1.0	health,home,multicolor,objectsandtools	medical,sleep			bed.double	fill
bell	2019	13.0	10.15	13.0	6.0	1.0	multicolor,objectsandtools	mail,notify		bell.fill	bell	
bell.and.waves.left.and.right	2022	16.0	13.0	16.0	9.0	1.0	objectsandtools,variable			bell.and.waves.left.and.right.fill	bell.and.waves.left.and.right	
bell.and.waves.left.and.right.fill	2022	16.0	13.0	16.0	9.0	1.0	objectsandtools,variable				bell.and.waves.left.and.right	fill
bell.badge	2020	14.0	11.0	14.0	7.0	1.0	multicolor,objectsandtools	notifications		bell.badge.fill	bell.badge	
bell.badge.circle	2021	15.0	12.0	15.0	8.0	1.0	multicolor,objectsandtools,variable			bell.badge.circle.fill	bell.badge	circle
bell.badge.circle.fill	2021	15.0	12.0	15.0	8.0	1.0	multicolor,objectsandtools				bell.badge	circle,fill
bell.badge.fill	2020	14.0	11.0	14.0	7.0	1.0	multicolor,objectsandtools	notifications			bell.badge	fill
bell.badge.slash	2023	17.0	14.0	17.0	10.0	1.0	objectsandtools			bell.badge.slash.fill	bell.badge	slash
bell.badge.slash.fill	2023	17.0	14.0	17.0	10.0	1.0	objectsandtools				bell.badge	slash,fill
bell.badge.waveform	2023	17.0	14.0	17.0	10.0	1.0	objectsandtools,variable			bell.badge.waveform.fill	bell.badge.waveform	
bell.badge.waveform.fill	2023	17.0	14.0	17.0	10.0	1.0	objectsandtools,variable				bell.badge.waveform	fill
bell.badge.waveform.slash	2025	26.0	26.0	26.0	26.0	26.0	objectsandtools			bell.badge.waveform.slash.fill	bell.badge.waveform	slash
bell.badge.waveform.slash.fill	2025	26.0	26.0	26.0	26.0	26.0	objectsandtools				bell.badge.waveform	slash,fill
bell.circle	2019	13.0	10.15	13.0	6.0	1.0	multicolor,objectsandtools,variable	mail,notify		bell.circle.fill	bell	circle
bell.circle.fill	2019	13.0	10.15	13.0	6.0	1.0	multicolor,objectsandtools	mail,notify			bell	circle,fill
bell.fill	2019	13.0	10.15	13.0	6.0	1.0	multicolor,objectsandtools	mail,notify			bell	fill
bell.slash	2019	13.0	10.15	13.0	6.0	1.0	multicolor,objectsandtools	mail,remove		bell.slash.fill	bell	slash
bell.slash.circle	2020	14.0	11.0	14.0	7.0	1.0	multicolor,objectsandtools,variable	remove		bell.slash.circle.fill	bell	slash,circle
bell.slash.circle.fill	2020	14.0	11.0	14.0	7.0	1.0	multicolor,objectsandtools	remove			bell	slash,circle,fill
bell.slash.fill	2019	13.0	10.15	13.0	6.0	1.0	multicolor,objectsandtools	mail,remove			bell	slash,fill
bell.square	2021	15.0	12.0	15.0	8.0	1.0	multicolor,objectsandtools	notify		bell.square.fill	bell	square
bell.square.fill	2021	15.0	12.0	15.0	8.0	1.0	multicolor,objectsandtools	notify			bell	square,fill
beziercurve	2024	18.0	15.0	18.0	11.0	2.0	editing				beziercurve	
bicycle	2020	14.0	11.0	14.0	7.0	1.0	maps,transportation	bike			bicycle	
bicycle.circle	2020	14.0	11.0	14.0	7.0	1.0	maps,transportation,variable	bike		bicycle.circle.fill	bicycle	circle
bicycle.circle.fill	2020	14.0	11.0	14.0	7.0	1.0	maps,multicolor,transportation	bike			bicycle	circle,fill
bicycle.sensor.tag.radiowaves.left.and.right	2025	26.0	26.0	26.0	26.0	26.0	devices,objectsandtools,variable			bicycle.sensor.tag.radiowaves.left.and.right.fill	bicycle.sensor.tag.radiowaves.left.and.right	
bicycle.sensor.tag.radiowaves.left.and.right.fill	2025	26.0	26.0	26.0	26.0	26.0	devices,multicolor,objectsandtools,variable				bicycle.sensor.tag.radiowaves.left.and.right	fill
binoculars	2020	14.0	11.0	14.0	7.0	1.0	maps,objectsandtools			binoculars.fill	binoculars	
binoculars.circle	2023	17.0	14.0	17.0	10.0	1.0	maps,objectsandtools,variable			binoculars.circle.fill	binoculars	circle
binoculars.circle.fill	2023	17.0	14.0	17.0	10.0	1.0	maps,multicolor,objectsandtools				binoculars	circle,fill
binoculars.fill	2020	14.0	11.0	14.0	7.0	1.0	maps,objectsandtools				binoculars	fill
bird	2022	16.0	13.0	16.0	9.0	1.0	nature	animals		bird.fill	bird	
bird.circle	2023	17.0	14.0	17.0	10.0	1.0	nature,variable	animals		bird.circle.fill	bird	circle
bird.circle.fill	2023	17.0	14.0	17.0	10.0	1.0	multicolor,nature	animals			bird	circle,fill
bird.fill	2022	16.0	13.0	16.0	9.0	1.0	nature	animals			bird	fill
birthday.cake	2022	16.0	13.0	16.0	9.0	1.0	objectsandtools	baking,food		birthday.cake.fill	birthday.cake	
birthday.cake.fill	2022	16.0	13.0	16.0	9.0	1.0	objectsandtools	baking,food			birthday.cake	fill
bitcoinsign	2022	16.0	13.0	16.0	9.0	1.0	commerce,indices	currencies,currency			bitcoinsign	
bitcoinsign.arrow.trianglehead.counterclockwise.rotate.90	2024	18.0	15.0	18.0	11.0	2.0	arrows,commerce	currencies,currency			bitcoinsign.arrow.trianglehead.counterclockwise.rotate.90	
bitcoinsign.building.classical	2026	27.0	27.0	27.0	27.0	27.0	commerce,objectsandtools	currencies,currency		bitcoinsign.building.classical.fill	bitcoinsign.building.classical	
bitcoinsign.building.classical.fill	2026	27.0	27.0	27.0	27.0	27.0	commerce,multicolor,objectsandtools	currencies,currency			bitcoinsign.building.classical	fill
bitcoinsign.circle	2019	13.0	10.15	13.0	6.0	1.0	commerce,indices,variable	currencies,currency		bitcoinsign.circle.fill	bitcoinsign	circle
bitcoinsign.circle.fill	2019	13.0	10.15	13.0	6.0	1.0	commerce,indices,multicolor	currencies,currency			bitcoinsign	circle,fill
bitcoinsign.gauge.chart.lefthalf.righthalf	2024	18.0	15.0	18.0	11.0	2.0	commerce,home,variable				bitcoinsign.gauge.chart.lefthalf.righthalf	
bitcoinsign.gauge.chart.leftthird.topthird.rightthird	2024	18.0	15.0	18.0	11.0	2.0	commerce,home,variable				bitcoinsign.gauge.chart.leftthird.topthird.rightthird	
bitcoinsign.ring	2024	18.0	15.0	18.0	11.0	2.0	commerce,home				bitcoinsign.ring	
bitcoinsign.ring.dashed	2024	18.0	15.0	18.0	11.0	2.0	commerce,home,variable				bitcoinsign.ring.dashed	
bitcoinsign.square	2019	13.0	10.15	13.0	6.0	1.0	commerce,indices	currencies,currency		bitcoinsign.square.fill	bitcoinsign	square
bitcoinsign.square.fill	2019	13.0	10.15	13.0	6.0	1.0	commerce,indices,multicolor	currencies,currency			bitcoinsign	square,fill
blinds.horizontal.closed	2022	16.0	13.0	16.0	9.0	1.0	home				blinds.horizontal.closed	
blinds.horizontal.open	2022	16.0	13.0	16.0	9.0	1.0	home				blinds.horizontal.open	
blinds.vertical.closed	2022	16.0	13.0	16.0	9.0	1.0	home				blinds.vertical.closed	
blinds.vertical.open	2022	16.0	13.0	16.0	9.0	1.0	home				blinds.vertical.open	
blood.pressure.cuff	2025	26.0	26.0	26.0	26.0	26.0	health,objectsandtools			blood.pressure.cuff.fill	blood.pressure.cuff	
blood.pressure.cuff.badge.gauge.with.needle	2025	26.0	26.0	26.0	26.0	26.0	health,multicolor,objectsandtools			blood.pressure.cuff.badge.gauge.with.needle.fill	blood.pressure.cuff.badge.gauge.with.needle	
blood.pressure.cuff.badge.gauge.with.needle.fill	2025	26.0	26.0	26.0	26.0	26.0	health,multicolor,objectsandtools				blood.pressure.cuff.badge.gauge.with.needle	fill
blood.pressure.cuff.fill	2025	26.0	26.0	26.0	26.0	26.0	health,objectsandtools				blood.pressure.cuff	fill
bold	2019	13.0	10.15	13.0	6.0	1.0	multicolor,textformatting	b			bold	
bold.italic.underline	2019	13.0	10.15	13.0	6.0	1.0	multicolor,textformatting				bold.italic.underline	
bold.underline	2019	13.0	10.15	13.0	6.0	1.0	multicolor,textformatting				bold.underline	
bolt	2019	13.0	10.15	13.0	6.0	1.0	cameraandphotos,multicolor,nature	camera,energy,power		bolt.fill	bolt	
bolt.badge.automatic	2023	17.0	14.0	17.0	10.0	1.0	cameraandphotos,multicolor,nature	camera		bolt.badge.automatic.fill	bolt.badge.automatic	
bolt.badge.automatic.fill	2023	17.0	14.0	17.0	10.0	1.0	cameraandphotos,multicolor,nature	camera			bolt.badge.automatic	fill
bolt.badge.checkmark	2023	17.0	14.0	17.0	10.0	1.0	cameraandphotos,multicolor,nature			bolt.badge.checkmark.fill	bolt.badge.checkmark	
bolt.badge.checkmark.fill	2023	17.0	14.0	17.0	10.0	1.0	cameraandphotos,multicolor,nature				bolt.badge.checkmark	fill
bolt.badge.clock	2022	16.0	13.0	16.0	9.0	1.0	cameraandphotos,multicolor,nature			bolt.badge.clock.fill	bolt.badge.clock	
bolt.badge.clock.fill	2022	16.0	13.0	16.0	9.0	1.0	cameraandphotos,multicolor,nature				bolt.badge.clock	fill
bolt.badge.xmark	2023	17.0	14.0	17.0	10.0	1.0	cameraandphotos,multicolor,nature			bolt.badge.xmark.fill	bolt.badge.xmark	
bolt.badge.xmark.fill	2023	17.0	14.0	17.0	10.0	1.0	cameraandphotos,multicolor,nature				bolt.badge.xmark	fill
bolt.batteryblock	2021	15.0	12.0	15.0	8.0	1.0	automotive,objectsandtools			bolt.batteryblock.fill	bolt.batteryblock	
bolt.batteryblock.fill	2021	15.0	12.0	15.0	8.0	1.0	automotive,objectsandtools				bolt.batteryblock	fill
bolt.brakesignal	2022	16.0	13.0	16.0	9.0	1.0	automotive,multicolor				bolt.brakesignal	
bolt.car	2020	14.0	11.0	14.0	7.0	1.0	automotive,devices,multicolor,transportation			bolt.car.fill	bolt.car	
bolt.car.circle	2021	15.0	12.0	15.0	8.0	1.0	automotive,devices,multicolor,transportation,variable			bolt.car.circle.fill	bolt.car	circle
bolt.car.circle.fill	2021	15.0	12.0	15.0	8.0	1.0	automotive,devices,multicolor,transportation				bolt.car	circle,fill
bolt.car.fill	2020	14.0	11.0	14.0	7.0	1.0	automotive,devices,multicolor,transportation				bolt.car	fill
bolt.circle	2019	13.0	10.15	13.0	6.0	1.0	cameraandphotos,multicolor,nature,variable	camera,energy,power		bolt.circle.fill	bolt	circle
bolt.circle.fill	2019	13.0	10.15	13.0	6.0	1.0	cameraandphotos,multicolor,nature	camera,energy,power			bolt	circle,fill
bolt.fill	2019	13.0	10.15	13.0	6.0	1.0	cameraandphotos,multicolor,nature	camera,energy,power			bolt	fill
bolt.heart	2020	14.0	11.0	14.0	7.0	1.0	health,variable	medical		bolt.heart.fill	bolt.heart	
bolt.heart.fill	2020	14.0	11.0	14.0	7.0	1.0	health,multicolor	medical			bolt.heart	fill
bolt.horizontal	2019	13.0	10.15	13.0	6.0	1.0	connectivity			bolt.horizontal.fill	bolt.horizontal	
bolt.horizontal.circle	2019	13.0	10.15	13.0	6.0	1.0	connectivity,variable			bolt.horizontal.circle.fill	bolt.horizontal	circle
bolt.horizontal.circle.fill	2019	13.0	10.15	13.0	6.0	1.0	connectivity,multicolor				bolt.horizontal	circle,fill
bolt.horizontal.fill	2019	13.0	10.15	13.0	6.0	1.0	connectivity				bolt.horizontal	fill
bolt.horizontal.icloud	2019	13.0	10.15	13.0	6.0	1.0	connectivity		This symbol may not be modified and may only be used to refer to Apple’s iCloud service.	bolt.horizontal.icloud.fill	bolt.horizontal.icloud	
bolt.horizontal.icloud.fill	2019	13.0	10.15	13.0	6.0	1.0	connectivity,multicolor		This symbol may not be modified and may only be used to refer to Apple’s iCloud service.		bolt.horizontal.icloud	fill
bolt.house	2024.1	18.1	15.1	18.1	11.1	2.1		home,house		bolt.house.fill	bolt.house	
bolt.house.fill	2024.1	18.1	15.1	18.1	11.1	2.1	multicolor	home,house			bolt.house	fill
bolt.ring.closed	2021.1	15.1	12.0	15.1	8.1	1.0		energy,power			bolt.ring.closed	
bolt.shield	2021	15.0	12.0	15.0	8.0	1.0	nature,objectsandtools			bolt.shield.fill	bolt.shield	
bolt.shield.fill	2021	15.0	12.0	15.0	8.0	1.0	multicolor,nature,objectsandtools				bolt.shield	fill
bolt.slash	2019	13.0	10.15	13.0	6.0	1.0	cameraandphotos,multicolor,nature	camera,energy,power,remove		bolt.slash.fill	bolt	slash
bolt.slash.circle	2020	14.0	11.0	14.0	7.0	1.0	cameraandphotos,multicolor,nature,variable	camera,energy,power,remove		bolt.slash.circle.fill	bolt	slash,circle
bolt.slash.circle.fill	2020	14.0	11.0	14.0	7.0	1.0	cameraandphotos,multicolor,nature	camera,energy,power,remove			bolt	slash,circle,fill
bolt.slash.fill	2019	13.0	10.15	13.0	6.0	1.0	cameraandphotos,multicolor,nature	camera,energy,power,remove			bolt	slash,fill
bolt.square	2021	15.0	12.0	15.0	8.0	1.0	cameraandphotos,multicolor,nature	camera,energy,power		bolt.square.fill	bolt	square
bolt.square.fill	2021	15.0	12.0	15.0	8.0	1.0	cameraandphotos,multicolor,nature	camera,energy,power			bolt	square,fill
bolt.trianglebadge.exclamationmark	2022.1	16.1	13.0	16.1	9.1	1.0	cameraandphotos,multicolor,nature	!,warning		bolt.trianglebadge.exclamationmark.fill	bolt.trianglebadge.exclamationmark	
bolt.trianglebadge.exclamationmark.fill	2022.1	16.1	13.0	16.1	9.1	1.0	cameraandphotos,multicolor,nature	!,warning			bolt.trianglebadge.exclamationmark	fill
bonjour	2020	14.0	11.0	14.0	7.0	1.0	connectivity,multicolor		This symbol may not be modified and may only be used to refer to Apple’s Bonjour networking.		bonjour	
book	2019	13.0	10.15	13.0	6.0	1.0	objectsandtools	bookmark		book.fill	book	
book.and.wrench	2023	17.0	14.0	17.0	10.0	1.0	automotive,objectsandtools			book.and.wrench.fill	book.and.wrench	
book.and.wrench.fill	2023	17.0	14.0	17.0	10.0	1.0	automotive,objectsandtools				book.and.wrench	fill
book.badge.plus	2025	26.0	26.0	26.0	26.0	26.0	multicolor,objectsandtools			book.badge.plus.fill	book.badge.plus	
book.badge.plus.fill	2025	26.0	26.0	26.0	26.0	26.0	multicolor,objectsandtools				book.badge.plus	fill
book.circle	2019	13.0	10.15	13.0	6.0	1.0	objectsandtools,variable	bookmark		book.circle.fill	book	circle
book.circle.fill	2019	13.0	10.15	13.0	6.0	1.0	multicolor,objectsandtools	bookmark			book	circle,fill
book.closed	2020	14.0	11.0	14.0	7.0	1.0	objectsandtools			book.closed.fill	book.closed	
book.closed.circle	2021	15.0	12.0	15.0	8.0	1.0	objectsandtools,variable			book.closed.circle.fill	book.closed	circle
book.closed.circle.fill	2021	15.0	12.0	15.0	8.0	1.0	multicolor,objectsandtools				book.closed	circle,fill
book.closed.fill	2020	14.0	11.0	14.0	7.0	1.0	objectsandtools				book.closed	fill
book.fill	2019	13.0	10.15	13.0	6.0	1.0	objectsandtools	bookmark			book	fill
book.pages	2023	17.0	14.0	17.0	10.0	1.0		sample		book.pages.fill	book.pages	
book.pages.fill	2023	17.0	14.0	17.0	10.0	1.0	multicolor	sample			book.pages	fill
bookmark	2019	13.0	10.15	13.0	6.0	1.0	multicolor,objectsandtools	bookmark		bookmark.fill	bookmark	
bookmark.circle	2020	14.0	11.0	14.0	7.0	1.0	multicolor,objectsandtools,variable	bookmark		bookmark.circle.fill	bookmark	circle
bookmark.circle.fill	2020	14.0	11.0	14.0	7.0	1.0	multicolor,objectsandtools	bookmark			bookmark	circle,fill
bookmark.fill	2019	13.0	10.15	13.0	6.0	1.0	multicolor,objectsandtools	bookmark			bookmark	fill
bookmark.slash	2020	14.0	11.0	14.0	7.0	1.0	multicolor,objectsandtools	remove		bookmark.slash.fill	bookmark	slash
bookmark.slash.fill	2020	14.0	11.0	14.0	7.0	1.0	multicolor,objectsandtools	remove			bookmark	slash,fill
bookmark.square	2021	15.0	12.0	15.0	8.0	1.0	multicolor,objectsandtools			bookmark.square.fill	bookmark	square
bookmark.square.fill	2021	15.0	12.0	15.0	8.0	1.0	multicolor,objectsandtools				bookmark	square,fill
books.vertical	2020	14.0	11.0	14.0	7.0	1.0	objectsandtools			books.vertical.fill	books.vertical	
books.vertical.circle	2021	15.0	12.0	15.0	8.0	1.0	objectsandtools,variable			books.vertical.circle.fill	books.vertical	circle
books.vertical.circle.fill	2021	15.0	12.0	15.0	8.0	1.0	multicolor,objectsandtools				books.vertical	circle,fill
books.vertical.fill	2020	14.0	11.0	14.0	7.0	1.0	objectsandtools				books.vertical	fill
brain	2021	15.0	12.0	15.0	8.0	1.0	health,human			brain.fill	brain	
brain.fill	2023	17.0	14.0	17.0	10.0	1.0	health,human				brain	fill
brain.filled.head.profile	2023	17.0	14.0	17.0	10.0	1.0	health,human				brain.filled.head.profile	
brain.head.profile	2021	15.0	12.0	15.0	8.0	1.0	health,human			brain.head.profile.fill	brain.head.profile	
brain.head.profile.fill	2023	17.0	14.0	17.0	10.0	1.0	health,human				brain.head.profile	fill
brakesignal	2022	16.0	13.0	16.0	9.0	1.0	automotive				brakesignal	
brakesignal.dashed	2022	16.0	13.0	16.0	9.0	1.0	automotive				brakesignal.dashed	
brazilianrealsign	2022	16.0	13.0	16.0	9.0	1.0	commerce,indices	currencies,currency			brazilianrealsign	
brazilianrealsign.arrow.trianglehead.counterclockwise.rotate.90	2024	18.0	15.0	18.0	11.0	2.0	arrows,commerce	currencies,currency			brazilianrealsign.arrow.trianglehead.counterclockwise.rotate.90	
brazilianrealsign.building.classical	2026	27.0	27.0	27.0	27.0	27.0	commerce,objectsandtools	currencies,currency		brazilianrealsign.building.classical.fill	brazilianrealsign.building.classical	
brazilianrealsign.building.classical.fill	2026	27.0	27.0	27.0	27.0	27.0	commerce,multicolor,objectsandtools	currencies,currency			brazilianrealsign.building.classical	fill
brazilianrealsign.circle	2020.1	14.2	11.0	14.2	7.1	1.0	commerce,indices,variable	currencies,currency		brazilianrealsign.circle.fill	brazilianrealsign	circle
brazilianrealsign.circle.fill	2020.1	14.2	11.0	14.2	7.1	1.0	commerce,indices,multicolor	currencies,currency			brazilianrealsign	circle,fill
brazilianrealsign.gauge.chart.lefthalf.righthalf	2024	18.0	15.0	18.0	11.0	2.0	commerce,home,variable				brazilianrealsign.gauge.chart.lefthalf.righthalf	
brazilianrealsign.gauge.chart.leftthird.topthird.rightthird	2024	18.0	15.0	18.0	11.0	2.0	commerce,home,variable				brazilianrealsign.gauge.chart.leftthird.topthird.rightthird	
brazilianrealsign.ring	2024	18.0	15.0	18.0	11.0	2.0	commerce,home				brazilianrealsign.ring	
brazilianrealsign.ring.dashed	2024	18.0	15.0	18.0	11.0	2.0	commerce,home,variable				brazilianrealsign.ring.dashed	
brazilianrealsign.square	2020.1	14.2	11.0	14.2	7.1	1.0	commerce,indices	currencies,currency		brazilianrealsign.square.fill	brazilianrealsign	square
brazilianrealsign.square.fill	2020.1	14.2	11.0	14.2	7.1	1.0	commerce,indices,multicolor	currencies,currency			brazilianrealsign	square,fill
briefcase	2019	13.0	10.15	13.0	6.0	1.0	multicolor,objectsandtools			briefcase.fill	briefcase	
briefcase.circle	2021	15.0	12.0	15.0	8.0	1.0	multicolor,objectsandtools,variable			briefcase.circle.fill	briefcase	circle
briefcase.circle.fill	2021	15.0	12.0	15.0	8.0	1.0	multicolor,objectsandtools				briefcase	circle,fill
briefcase.fill	2019	13.0	10.15	13.0	6.0	1.0	multicolor,objectsandtools				briefcase	fill
briefcase.sensor.tag.radiowaves.left.and.right	2025	26.0	26.0	26.0	26.0	26.0	devices,objectsandtools,variable			briefcase.sensor.tag.radiowaves.left.and.right.fill	briefcase.sensor.tag.radiowaves.left.and.right	
briefcase.sensor.tag.radiowaves.left.and.right.fill	2025	26.0	26.0	26.0	26.0	26.0	devices,multicolor,objectsandtools,variable				briefcase.sensor.tag.radiowaves.left.and.right	fill
bubble	2023	17.0	14.0	17.0	10.0	1.0	communication			bubble.fill	bubble	
bubble.and.pencil	2024	18.0	15.0	18.0	11.0	2.0	communication,editing	write,writing			bubble.and.pencil	
bubble.circle	2023	17.0	14.0	17.0	10.0	1.0	communication,variable			bubble.circle.fill	bubble	circle
bubble.circle.fill	2023	17.0	14.0	17.0	10.0	1.0	communication,multicolor				bubble	circle,fill
bubble.fill	2023	17.0	14.0	17.0	10.0	1.0	communication				bubble	fill
bubble.left	2019	13.0	10.15	13.0	6.0	1.0	communication			bubble.left.fill	bubble.left	
bubble.left.and.bubble.right	2019	13.0	10.15	13.0	6.0	1.0	communication			bubble.left.and.bubble.right.fill	bubble.left.and.bubble.right	
bubble.left.and.bubble.right.fill	2019	13.0	10.15	13.0	6.0	1.0	communication				bubble.left.and.bubble.right	fill
bubble.left.and.exclamationmark.bubble.right	2021	15.0	12.0	15.0	8.0	1.0	communication,privacyandsecurity	!,warning		bubble.left.and.exclamationmark.bubble.right.fill	bubble.left.and.exclamationmark.bubble.right	
bubble.left.and.exclamationmark.bubble.right.fill	2021	15.0	12.0	15.0	8.0	1.0	communication,privacyandsecurity	!,warning			bubble.left.and.exclamationmark.bubble.right	fill
bubble.left.and.heart.bubble.right	2026	27.0	27.0	27.0	27.0	27.0	communication,whatsnew			bubble.left.and.heart.bubble.right.fill	bubble.left.and.heart.bubble.right	
bubble.left.and.heart.bubble.right.fill	2026	27.0	27.0	27.0	27.0	27.0	communication,whatsnew				bubble.left.and.heart.bubble.right	fill
bubble.left.and.text.bubble.right	2023	17.0	14.0	17.0	10.0	1.0	communication	speech		bubble.left.and.text.bubble.right.fill	bubble.left.and.text.bubble.right	
bubble.left.and.text.bubble.right.fill	2023	17.0	14.0	17.0	10.0	1.0	communication	speech			bubble.left.and.text.bubble.right	fill
bubble.left.circle	2021	15.0	12.0	15.0	8.0	1.0	communication,variable			bubble.left.circle.fill	bubble.left	circle
bubble.left.circle.fill	2021	15.0	12.0	15.0	8.0	1.0	communication,multicolor				bubble.left	circle,fill
bubble.left.fill	2019	13.0	10.15	13.0	6.0	1.0	communication				bubble.left	fill
bubble.middle.bottom	2019	13.0	10.15	13.0	6.0	1.0	communication			bubble.middle.bottom.fill	bubble.middle.bottom	
bubble.middle.bottom.fill	2019	13.0	10.15	13.0	6.0	1.0	communication				bubble.middle.bottom	fill
bubble.middle.top	2019	13.0	10.15	13.0	6.0	1.0	communication			bubble.middle.top.fill	bubble.middle.top	
bubble.middle.top.fill	2019	13.0	10.15	13.0	6.0	1.0	communication				bubble.middle.top	fill
bubble.right	2019	13.0	10.15	13.0	6.0	1.0	communication			bubble.right.fill	bubble.right	
bubble.right.circle	2021	15.0	12.0	15.0	8.0	1.0	communication,variable			bubble.right.circle.fill	bubble.right	circle
bubble.right.circle.fill	2021	15.0	12.0	15.0	8.0	1.0	communication,multicolor				bubble.right	circle,fill
bubble.right.fill	2019	13.0	10.15	13.0	6.0	1.0	communication				bubble.right	fill
bubbles.and.sparkles	2022	16.0	13.0	16.0	9.0	1.0	health	COVID,deep cleaning		bubbles.and.sparkles.fill	bubbles.and.sparkles	
bubbles.and.sparkles.fill	2022	16.0	13.0	16.0	9.0	1.0	health	COVID,deep cleaning			bubbles.and.sparkles	fill
building	2020	14.0	11.0	14.0	7.0	1.0	objectsandtools			building.fill	building	
building.2	2020	14.0	11.0	14.0	7.0	1.0	objectsandtools			building.2.fill	building.2	
building.2.crop.circle	2020	14.0	11.0	14.0	7.0	1.0	objectsandtools			building.2.crop.circle.fill	building.2.crop	circle
building.2.crop.circle.fill	2020	14.0	11.0	14.0	7.0	1.0	multicolor,objectsandtools				building.2.crop	circle,fill
building.2.fill	2020	14.0	11.0	14.0	7.0	1.0	objectsandtools				building.2	fill
building.classical.columns	2026	27.0	27.0	27.0	27.0	27.0		library		building.classical.columns.fill	building.classical.columns	
building.classical.columns.circle	2026	27.0	27.0	27.0	27.0	27.0	variable	library		building.columns.circle.fill	building.classical.columns	circle
building.classical.columns.fill	2026	27.0	27.0	27.0	27.0	27.0		library			building.classical.columns	fill
building.columns.circle.fill	2021	15.0	12.0	15.0	8.0	1.0	multicolor	library			building.columns	circle,fill
building.fill	2020	14.0	11.0	14.0	7.0	1.0	objectsandtools				building	fill
burn	2019	13.0	10.15	13.0	6.0	1.0					burn	
burst	2019	13.0	10.15	13.0	6.0	1.0				burst.fill	burst	
burst.fill	2019	13.0	10.15	13.0	6.0	1.0					burst	fill
bus	2020	14.0	11.0	14.0	7.0	1.0	maps,transportation			bus.fill	bus	
bus.doubledecker	2020	14.0	11.0	14.0	7.0	1.0	maps,transportation			bus.doubledecker.fill	bus.doubledecker	
bus.doubledecker.fill	2020	14.0	11.0	14.0	7.0	1.0	maps,transportation				bus.doubledecker	fill
bus.fill	2020	14.0	11.0	14.0	7.0	1.0	maps,transportation				bus	fill
button.angledbottom.horizontal.left	2023	17.0	14.0	17.0	10.0	1.0	gaming,shapes			button.angledbottom.horizontal.left.fill	button.angledbottom.horizontal.left	
button.angledbottom.horizontal.left.fill	2023	17.0	14.0	17.0	10.0	1.0	gaming,shapes				button.angledbottom.horizontal.left	fill
button.angledbottom.horizontal.right	2023	17.0	14.0	17.0	10.0	1.0	gaming,shapes			button.angledbottom.horizontal.right.fill	button.angledbottom.horizontal.right	
button.angledbottom.horizontal.right.fill	2023	17.0	14.0	17.0	10.0	1.0	gaming,shapes				button.angledbottom.horizontal.right	fill
button.angledtop.vertical.left	2023	17.0	14.0	17.0	10.0	1.0	gaming,shapes			button.angledtop.vertical.left.fill	button.angledtop.vertical.left	
button.angledtop.vertical.left.fill	2023	17.0	14.0	17.0	10.0	1.0	gaming,shapes				button.angledtop.vertical.left	fill
button.angledtop.vertical.right	2023	17.0	14.0	17.0	10.0	1.0	gaming,shapes			button.angledtop.vertical.right.fill	button.angledtop.vertical.right	
button.angledtop.vertical.right.fill	2023	17.0	14.0	17.0	10.0	1.0	gaming,shapes				button.angledtop.vertical.right	fill
button.horizontal	2023	17.0	14.0	17.0	10.0	1.0	gaming,shapes			button.horizontal.fill	button.horizontal	
button.horizontal.fill	2023	17.0	14.0	17.0	10.0	1.0	gaming,shapes				button.horizontal	fill
button.horizontal.top	2025.1	26.1	26.1	26.1	26.1	26.1	devices			button.horizontal.top.fill	button.horizontal.top	
button.horizontal.top.fill	2025.1	26.1	26.1	26.1	26.1	26.1	devices				button.horizontal.top	fill
button.horizontal.top.press	2023	17.0	14.0	17.0	10.0	1.0	devices			button.horizontal.top.press.fill	button.horizontal.top.press	
button.horizontal.top.press.fill	2023	17.0	14.0	17.0	10.0	1.0	devices				button.horizontal.top.press	fill
button.programmable	2022	16.0	13.0	16.0	9.0	1.0	home				button.programmable	
button.programmable.square	2022	16.0	13.0	16.0	9.0	1.0	home			button.programmable.square.fill	button.programmable	square
button.programmable.square.fill	2022	16.0	13.0	16.0	9.0	1.0	home,multicolor				button.programmable	square,fill
button.roundedbottom.horizontal	2023	17.0	14.0	17.0	10.0	1.0	gaming,shapes			button.roundedbottom.horizontal.fill	button.roundedbottom.horizontal	
button.roundedbottom.horizontal.fill	2023	17.0	14.0	17.0	10.0	1.0	gaming,shapes				button.roundedbottom.horizontal	fill
button.roundedtop.horizontal	2023	17.0	14.0	17.0	10.0	1.0	gaming,shapes			button.roundedtop.horizontal.fill	button.roundedtop.horizontal	
button.roundedtop.horizontal.fill	2023	17.0	14.0	17.0	10.0	1.0	gaming,shapes				button.roundedtop.horizontal	fill
button.vertical.left	2025.1	26.1	26.1	26.1	26.1	26.1	devices			button.vertical.left.fill	button.vertical.left	
button.vertical.left.fill	2025.1	26.1	26.1	26.1	26.1	26.1	devices				button.vertical.left	fill
button.vertical.left.press	2023	17.0	14.0	17.0	10.0	1.0	devices			button.vertical.left.press.fill	button.vertical.left.press	
button.vertical.left.press.fill	2023	17.0	14.0	17.0	10.0	1.0	devices				button.vertical.left.press	fill
button.vertical.right	2025.1	26.1	26.1	26.1	26.1	26.1	devices			button.vertical.right.fill	button.vertical.right	
button.vertical.right.fill	2025.1	26.1	26.1	26.1	26.1	26.1	devices				button.vertical.right	fill
button.vertical.right.press	2023	17.0	14.0	17.0	10.0	1.0	devices			button.vertical.right.press.fill	button.vertical.right.press	
button.vertical.right.press.fill	2023	17.0	14.0	17.0	10.0	1.0	devices				button.vertical.right.press	fill
c.circle	2019	13.0	10.15	13.0	6.0	1.0	gaming,indices,variable			c.circle.fill	c	circle
c.circle.fill	2019	13.0	10.15	13.0	6.0	1.0	gaming,indices,multicolor				c	circle,fill
c.square	2019	13.0	10.15	13.0	6.0	1.0	indices			c.square.fill	c	square
c.square.fill	2019	13.0	10.15	13.0	6.0	1.0	indices,multicolor				c	square,fill
cabinet	2022	16.0	13.0	16.0	9.0	1.0	home,objectsandtools			cabinet.fill	cabinet	
cabinet.fill	2022	16.0	13.0	16.0	9.0	1.0	home,objectsandtools				cabinet	fill
cable.coaxial	2023	17.0	14.0	17.0	10.0	1.0	devices				cable.coaxial	
cable.connector	2021	15.0	12.0	15.0	8.0	1.0	devices				cable.connector	
cable.connector.horizontal	2021	15.0	12.0	15.0	8.0	1.0	devices				cable.connector.horizontal	
cable.connector.slash	2023	17.0	14.0	17.0	10.0	1.0	devices				cable.connector	slash
cable.connector.video	2024.1	18.1	15.1	18.1	11.1	2.1	devices				cable.connector.video	
cablecar	2021	15.0	12.0	15.0	8.0	1.0	transportation			cablecar.fill	cablecar	
cablecar.fill	2021	15.0	12.0	15.0	8.0	1.0	transportation				cablecar	fill
calendar	2019	13.0	10.15	13.0	6.0	1.0	multicolor,objectsandtools	calendar,date			calendar	
calendar.and.person	2024	18.0	15.0	18.0	11.0	2.0	human,multicolor,objectsandtools	date,date of birth			calendar.and.person	
calendar.badge	2025	26.0	26.0	26.0	26.0	26.0	multicolor,objectsandtools	calendar,date			calendar.badge	
calendar.badge.checkmark	2023	17.0	14.0	17.0	10.0	1.0	multicolor,objectsandtools	date			calendar.badge.checkmark	
calendar.badge.clock	2020	14.0	11.0	14.0	7.0	1.0	multicolor,objectsandtools	date,date and time			calendar.badge.clock	
calendar.badge.exclamationmark	2020	14.0	11.0	14.0	7.0	1.0	multicolor,objectsandtools	date,warning			calendar.badge.exclamationmark	
calendar.badge.lock	2025	26.0	26.0	26.0	26.0	26.0	multicolor,objectsandtools	date			calendar.badge.lock	
calendar.badge.minus	2019	13.0	10.15	13.0	6.0	1.0	multicolor,objectsandtools	date,remove			calendar.badge.minus	
calendar.badge.plus	2019	13.0	10.15	13.0	6.0	1.0	multicolor,objectsandtools	+,add,create,date,new			calendar.badge.plus	
calendar.circle	2019	13.0	10.15	13.0	6.0	1.0	multicolor,objectsandtools,variable	calendar,date		calendar.circle.fill	calendar	circle
calendar.circle.fill	2019	13.0	10.15	13.0	6.0	1.0	multicolor,objectsandtools	calendar,date			calendar	circle,fill
calendar.day	2026	27.0	27.0	27.0	27.0	27.0	multicolor,objectsandtools,whatsnew	date			calendar.day	
calendar.day.timeline.leading	2021	15.0	12.0	15.0	8.0	1.0	multicolor	date			calendar.day.timeline.leading	
calendar.day.timeline.leading.circle	2025	26.0	26.0	26.0	26.0	26.0	variable	date		calendar.day.timeline.leading.circle.fill	calendar.day.timeline.leading	circle
calendar.day.timeline.leading.circle.fill	2025	26.0	26.0	26.0	26.0	26.0	multicolor	date			calendar.day.timeline.leading	circle,fill
calendar.day.timeline.left	2021	15.0	12.0	15.0	8.0	1.0	multicolor	date			calendar.day.timeline.left	
calendar.day.timeline.left.circle	2025	26.0	26.0	26.0	26.0	26.0	variable	date		calendar.day.timeline.left.circle.fill	calendar.day.timeline.left	circle
calendar.day.timeline.left.circle.fill	2025	26.0	26.0	26.0	26.0	26.0	multicolor	date			calendar.day.timeline.left	circle,fill
calendar.day.timeline.right	2021	15.0	12.0	15.0	8.0	1.0	multicolor	date			calendar.day.timeline.right	
calendar.day.timeline.right.circle	2025	26.0	26.0	26.0	26.0	26.0	variable	date		calendar.day.timeline.right.circle.fill	calendar.day.timeline.right	circle
calendar.day.timeline.right.circle.fill	2025	26.0	26.0	26.0	26.0	26.0	multicolor	date			calendar.day.timeline.right	circle,fill
calendar.day.timeline.trailing	2021	15.0	12.0	15.0	8.0	1.0	multicolor	date			calendar.day.timeline.trailing	
calendar.day.timeline.trailing.circle	2025	26.0	26.0	26.0	26.0	26.0	variable	date		calendar.day.timeline.trailing.circle.fill	calendar.day.timeline.trailing	circle
calendar.day.timeline.trailing.circle.fill	2025	26.0	26.0	26.0	26.0	26.0	multicolor	date			calendar.day.timeline.trailing	circle,fill
camera	2019	13.0	10.15	13.0	6.0	1.0	cameraandphotos,objectsandtools			camera.fill	camera	
camera.aperture	2020	14.0	11.0	14.0	7.0	1.0	cameraandphotos				camera.aperture	
camera.badge.clock	2023	17.0	14.0	17.0	10.0	1.0	cameraandphotos,multicolor,objectsandtools			camera.badge.clock.fill	camera.badge.clock	
camera.badge.clock.fill	2023	17.0	14.0	17.0	10.0	1.0	cameraandphotos,multicolor,objectsandtools				camera.badge.clock	fill
camera.badge.ellipsis	2020	14.0	11.0	14.0	7.0	1.0	cameraandphotos,multicolor,objectsandtools	action,dot.3,extra,more,overflow,…		camera.badge.ellipsis.fill	camera.badge.ellipsis	
camera.badge.ellipsis.fill	2023	17.0	14.0	17.0	10.0	1.0	cameraandphotos,multicolor,objectsandtools	action,dot.3,extra,more,overflow,…			camera.badge.ellipsis	fill
camera.circle	2019	13.0	10.15	13.0	6.0	1.0	cameraandphotos,objectsandtools,variable			camera.circle.fill	camera	circle
camera.circle.fill	2019	13.0	10.15	13.0	6.0	1.0	cameraandphotos,multicolor,objectsandtools				camera	circle,fill
camera.fill	2019	13.0	10.15	13.0	6.0	1.0	cameraandphotos,objectsandtools				camera	fill
camera.filters	2020	14.0	11.0	14.0	7.0	1.0	cameraandphotos,editing,editing,objectsandtools				camera.filters	
camera.macro	2021.3	15.4	12.3	15.4	8.5	1.0	cameraandphotos,nature	macro			camera.macro	
camera.macro.circle	2021.3	15.4	12.3	15.4	8.5	1.0	cameraandphotos,nature,variable	macro		camera.macro.circle.fill	camera.macro	circle
camera.macro.circle.fill	2021.3	15.4	12.3	15.4	8.5	1.0	cameraandphotos,multicolor,nature	macro			camera.macro	circle,fill
camera.macro.slash	2024	18.0	15.0	18.0	11.0	2.0	cameraandphotos,nature	macro			camera.macro	slash
camera.macro.slash.circle	2024	18.0	15.0	18.0	11.0	2.0	cameraandphotos,nature,variable	macro		camera.macro.slash.circle.fill	camera.macro	slash,circle
camera.macro.slash.circle.fill	2024	18.0	15.0	18.0	11.0	2.0	cameraandphotos,multicolor,nature	macro			camera.macro	slash,circle,fill
camera.metering.center.weighted	2020	14.0	11.0	14.0	7.0	1.0	cameraandphotos,variable				camera.metering.center.weighted	
camera.metering.center.weighted.average	2020	14.0	11.0	14.0	7.0	1.0	cameraandphotos				camera.metering.center.weighted.average	
camera.metering.matrix	2020	14.0	11.0	14.0	7.0	1.0	cameraandphotos,variable				camera.metering.matrix	
camera.metering.multispot	2020	14.0	11.0	14.0	7.0	1.0	cameraandphotos,variable				camera.metering.multispot	
camera.metering.none	2020	14.0	11.0	14.0	7.0	1.0	cameraandphotos				camera.metering.none	
camera.metering.partial	2020	14.0	11.0	14.0	7.0	1.0	cameraandphotos				camera.metering.partial	
camera.metering.spot	2020	14.0	11.0	14.0	7.0	1.0	cameraandphotos				camera.metering.spot	
camera.metering.unknown	2020	14.0	11.0	14.0	7.0	1.0	cameraandphotos				camera.metering.unknown	
camera.on.rectangle	2019	13.0	10.15	13.0	6.0	1.0	cameraandphotos,objectsandtools			camera.on.rectangle.fill	camera.on	rectangle
camera.on.rectangle.fill	2019	13.0	10.15	13.0	6.0	1.0	cameraandphotos,objectsandtools				camera.on	rectangle,fill
camera.sensor.tag.radiowaves.left.and.right	2025	26.0	26.0	26.0	26.0	26.0	devices,objectsandtools,variable			camera.sensor.tag.radiowaves.left.and.right.fill	camera.sensor.tag.radiowaves.left.and.right	
camera.sensor.tag.radiowaves.left.and.right.fill	2025	26.0	26.0	26.0	26.0	26.0	devices,multicolor,objectsandtools,variable				camera.sensor.tag.radiowaves.left.and.right	fill
camera.shutter.button	2021	15.0	12.0	15.0	8.0	1.0	cameraandphotos,objectsandtools			camera.shutter.button.fill	camera.shutter.button	
camera.shutter.button.fill	2021	15.0	12.0	15.0	8.0	1.0	cameraandphotos,objectsandtools				camera.shutter.button	fill
camera.viewfinder	2019	13.0	10.15	13.0	6.0	1.0	cameraandphotos,objectsandtools				camera.viewfinder	
camera.viewfinder.badge.automatic	2025.1	26.1	26.1	26.1	26.1	26.1	cameraandphotos,multicolor,objectsandtools				camera.viewfinder.badge.automatic	
candybarphone	2020	14.0	11.0	14.0	7.0	1.0	devices				candybarphone	
capslock	2019	13.0	10.15	13.0	6.0	1.0	keyboard			capslock.fill	capslock	
capslock.fill	2019	13.0	10.15	13.0	6.0	1.0	keyboard				capslock	fill
capsule	2019	13.0	10.15	13.0	6.0	1.0	shapes			capsule.fill	capsule	
capsule.bottomhalf.filled	2021	15.0	12.0	15.0	8.0	1.0					capsule.bottomhalf.filled	
capsule.fill	2019	13.0	10.15	13.0	6.0	1.0	shapes				capsule	fill
capsule.lefthalf.filled	2021	15.0	12.0	15.0	8.0	1.0					capsule.lefthalf.filled	
capsule.on.capsule	2024	18.0	15.0	18.0	11.0	2.0				capsule.on.capsule.fill	capsule.on.capsule	
capsule.on.capsule.fill	2024	18.0	15.0	18.0	11.0	2.0					capsule.on.capsule	fill
capsule.on.rectangle	2024	18.0	15.0	18.0	11.0	2.0				capsule.on.rectangle.fill	capsule.on	rectangle
capsule.on.rectangle.fill	2024	18.0	15.0	18.0	11.0	2.0					capsule.on	rectangle,fill
capsule.on.rectangle.liquid.glass	2026	27.0	27.0	27.0	27.0	27.0	whatsnew			capsule.on.rectangle.liquid.glass.fill	capsule.on.rectangle.liquid.glass	
capsule.on.rectangle.liquid.glass.fill	2026	27.0	27.0	27.0	27.0	27.0	whatsnew				capsule.on.rectangle.liquid.glass	fill
capsule.portrait	2020	14.0	11.0	14.0	7.0	1.0	shapes			capsule.portrait.fill	capsule.portrait	
capsule.portrait.bottomhalf.filled	2021	15.0	12.0	15.0	8.0	1.0					capsule.portrait.bottomhalf.filled	
capsule.portrait.fill	2020	14.0	11.0	14.0	7.0	1.0	shapes				capsule.portrait	fill
capsule.portrait.lefthalf.filled	2021	15.0	12.0	15.0	8.0	1.0					capsule.portrait.lefthalf.filled	
capsule.portrait.righthalf.filled	2021	15.0	12.0	15.0	8.0	1.0					capsule.portrait.righthalf.filled	
capsule.portrait.tophalf.filled	2021	15.0	12.0	15.0	8.0	1.0					capsule.portrait.tophalf.filled	
capsule.righthalf.filled	2021	15.0	12.0	15.0	8.0	1.0					capsule.righthalf.filled	
capsule.tophalf.filled	2021	15.0	12.0	15.0	8.0	1.0					capsule.tophalf.filled	
captions.bubble	2019	13.0	10.15	13.0	6.0	1.0	accessibility,communication			captions.bubble.fill	captions.bubble	
captions.bubble.fill	2019	13.0	10.15	13.0	6.0	1.0	accessibility,communication				captions.bubble	fill
car	2019.1	13.1	10.15	13.0	6.1	1.0	automotive,devices,maps,multicolor,transportation			car.fill	car	
car.2	2020	14.0	11.0	14.0	7.0	1.0	automotive,devices,transportation			car.2.fill	car.2	
car.2.fill	2020	14.0	11.0	14.0	7.0	1.0	automotive,devices,transportation				car.2	fill
car.badge.gearshape	2024	18.0	15.0	18.0	11.0	2.0	automotive,devices,transportation			car.badge.gearshape.fill	car.badge.gearshape	
car.badge.gearshape.fill	2024	18.0	15.0	18.0	11.0	2.0	automotive,devices,transportation				car.badge.gearshape	fill
car.card	2026	27.0	27.0	27.0	27.0	27.0	transportation,whatsnew			car.card.fill	car.card	
car.card.fill	2026	27.0	27.0	27.0	27.0	27.0	multicolor,transportation,whatsnew				car.card	fill
car.circle	2020	14.0	11.0	14.0	7.0	1.0	automotive,devices,maps,multicolor,transportation,variable			car.circle.fill	car	circle
car.circle.fill	2020	14.0	11.0	14.0	7.0	1.0	automotive,devices,maps,multicolor,transportation				car	circle,fill
car.ferry	2021	15.0	12.0	15.0	8.0	1.0	transportation			car.ferry.fill	car.ferry	
car.ferry.fill	2021	15.0	12.0	15.0	8.0	1.0	transportation				car.ferry	fill
car.fill	2019	13.0	10.15	13.0	6.0	1.0	automotive,devices,maps,multicolor,transportation				car	fill
car.front.waves.down	2023	17.0	14.0	17.0	10.0	1.0	automotive,devices,transportation,variable			car.front.waves.down.fill	car.front.waves.down	
car.front.waves.down.fill	2023	17.0	14.0	17.0	10.0	1.0	automotive,devices,transportation,variable				car.front.waves.down	fill
car.front.waves.left.and.right.and.up	2024	18.0	15.0	18.0	11.0	2.0	automotive,devices,transportation,variable			car.front.waves.left.and.right.and.up.fill	car.front.waves.left.and.right.and.up	
car.front.waves.left.and.right.and.up.fill	2024	18.0	15.0	18.0	11.0	2.0	automotive,devices,transportation,variable				car.front.waves.left.and.right.and.up	fill
car.front.waves.up	2022.1	16.1	13.0	16.1	9.1	1.0	automotive,devices,transportation,variable			car.front.waves.up.fill	car.front.waves.up	
car.front.waves.up.fill	2022.1	16.1	13.0	16.1	9.1	1.0	automotive,devices,transportation,variable				car.front.waves.up	fill
car.rear	2022.1	16.1	13.0	16.1	9.1	1.0	automotive,devices,transportation			car.rear.fill	car.rear	
car.rear.and.collision.road.lane	2023	17.0	14.0	17.0	10.0	1.0	automotive,multicolor				car.rear.and.collision.road.lane	
car.rear.and.collision.road.lane.slash	2023	17.0	14.0	17.0	10.0	1.0	automotive,multicolor				car.rear.and.collision.road.lane	slash
car.rear.and.tire.marks	2022.1	16.1	13.0	16.1	9.1	1.0	automotive,multicolor	traction,traction control			car.rear.and.tire.marks	
car.rear.and.tire.marks.off	2024	18.0	15.0	18.0	11.0	2.0	automotive				car.rear.and.tire.marks.off	
car.rear.and.tire.marks.slash	2022.1	16.1	13.0	16.1	9.1	1.0	automotive,multicolor				car.rear.and.tire.marks	slash
car.rear.fill	2022.1	16.1	13.0	16.1	9.1	1.0	automotive,devices,transportation				car.rear	fill
car.rear.hazardsign	2024	18.0	15.0	18.0	11.0	2.0	automotive			car.rear.hazardsign.fill	car.rear.hazardsign	
car.rear.hazardsign.fill	2024	18.0	15.0	18.0	11.0	2.0	automotive,multicolor				car.rear.hazardsign	fill
car.rear.road.lane	2022.1	16.1	13.0	16.1	9.1	1.0	automotive				car.rear.road.lane	
car.rear.road.lane.dashed	2022.1	16.1	13.0	16.1	9.1	1.0	automotive				car.rear.road.lane.dashed	
car.rear.road.lane.dashed.arrowtriangle.2.outward	2025	26.0	26.0	26.0	26.0	26.0	automotive				car.rear.road.lane.dashed.arrowtriangle.2.outward	
car.rear.road.lane.distance.1	2024	18.0	15.0	18.0	11.0	2.0	automotive,variable				car.rear.road.lane.distance.1	
car.rear.road.lane.distance.1.and.gauge.open.with.lines.needle.67percent.and.arrowtriangle	2024	18.0	15.0	18.0	11.0	2.0	automotive,variable				car.rear.road.lane.distance.1.and.gauge.open.with.lines.needle.67percent.and.arrowtriangle	
car.rear.road.lane.distance.2	2024	18.0	15.0	18.0	11.0	2.0	automotive,variable				car.rear.road.lane.distance.2	
car.rear.road.lane.distance.2.and.gauge.open.with.lines.needle.67percent.and.arrowtriangle	2024	18.0	15.0	18.0	11.0	2.0	automotive,variable				car.rear.road.lane.distance.2.and.gauge.open.with.lines.needle.67percent.and.arrowtriangle	
car.rear.road.lane.distance.3	2024	18.0	15.0	18.0	11.0	2.0	automotive,variable				car.rear.road.lane.distance.3	
car.rear.road.lane.distance.3.and.gauge.open.with.lines.needle.67percent.and.arrowtriangle	2024	18.0	15.0	18.0	11.0	2.0	automotive,variable				car.rear.road.lane.distance.3.and.gauge.open.with.lines.needle.67percent.and.arrowtriangle	
car.rear.road.lane.distance.4	2024	18.0	15.0	18.0	11.0	2.0	automotive,variable				car.rear.road.lane.distance.4	
car.rear.road.lane.distance.4.and.gauge.open.with.lines.needle.67percent.and.arrowtriangle	2024	18.0	15.0	18.0	11.0	2.0	automotive,variable				car.rear.road.lane.distance.4.and.gauge.open.with.lines.needle.67percent.and.arrowtriangle	
car.rear.road.lane.distance.5	2024	18.0	15.0	18.0	11.0	2.0	automotive,variable				car.rear.road.lane.distance.5	
car.rear.road.lane.distance.5.and.gauge.open.with.lines.needle.67percent.and.arrowtriangle	2024	18.0	15.0	18.0	11.0	2.0	automotive,variable				car.rear.road.lane.distance.5.and.gauge.open.with.lines.needle.67percent.and.arrowtriangle	
car.rear.road.lane.off	2024	18.0	15.0	18.0	11.0	2.0	automotive				car.rear.road.lane.off	
car.rear.road.lane.wave.up	2024	18.0	15.0	18.0	11.0	2.0	automotive,variable				car.rear.road.lane.wave.up	
car.rear.tilt.road.lanes.curved.right	2024	18.0	15.0	18.0	11.0	2.0	automotive				car.rear.tilt.road.lanes.curved.right	
car.rear.waves.up	2022.1	16.1	13.0	16.1	9.1	1.0	automotive,variable			car.rear.waves.up.fill	car.rear.waves.up	
car.rear.waves.up.fill	2022.1	16.1	13.0	16.1	9.1	1.0	automotive,variable				car.rear.waves.up	fill
car.side	2022.1	16.1	13.0	16.1	9.1	1.0	automotive			car.side.fill	car.side	
car.side.air.circulate	2022.1	16.1	13.0	16.1	9.1	1.0	automotive			car.side.air.circulate.fill	car.side.air.circulate	
car.side.air.circulate.fill	2022.1	16.1	13.0	16.1	9.1	1.0	automotive,multicolor				car.side.air.circulate	fill
car.side.air.fresh	2022.1	16.1	13.0	16.1	9.1	1.0	automotive			car.side.air.fresh.fill	car.side.air.fresh	
car.side.air.fresh.fill	2022.1	16.1	13.0	16.1	9.1	1.0	automotive				car.side.air.fresh	fill
car.side.and.exclamationmark	2022.1	16.1	13.0	16.1	9.1	1.0	automotive,multicolor	!,warning		car.side.and.exclamationmark.fill	car.side.and.exclamationmark	
car.side.and.exclamationmark.fill	2022.1	16.1	13.0	16.1	9.1	1.0	automotive,multicolor	!,warning			car.side.and.exclamationmark	fill
car.side.arrow.left.and.right	2024.3	18.4	15.4	18.4	11.4	2.4	automotive			car.side.arrow.left.and.right.fill	car.side.arrow.left.and.right	
car.side.arrow.left.and.right.fill	2024.3	18.4	15.4	18.4	11.4	2.4	automotive				car.side.arrow.left.and.right	fill
car.side.arrowtriangle.down	2022.1	16.1	13.0	16.1	9.1	1.0	automotive			car.side.arrowtriangle.down.fill	car.side.arrowtriangle.down	
car.side.arrowtriangle.down.fill	2022.1	16.1	13.0	16.1	9.1	1.0	automotive				car.side.arrowtriangle.down	fill
car.side.arrowtriangle.up	2022.1	16.1	13.0	16.1	9.1	1.0	automotive			car.side.arrowtriangle.up.fill	car.side.arrowtriangle.up	
car.side.arrowtriangle.up.arrowtriangle.down	2022.1	16.1	13.0	16.1	9.1	1.0	automotive			car.side.arrowtriangle.up.arrowtriangle.down.fill	car.side.arrowtriangle.up.arrowtriangle.down	
car.side.arrowtriangle.up.arrowtriangle.down.fill	2022.1	16.1	13.0	16.1	9.1	1.0	automotive				car.side.arrowtriangle.up.arrowtriangle.down	fill
car.side.arrowtriangle.up.fill	2022.1	16.1	13.0	16.1	9.1	1.0	automotive				car.side.arrowtriangle.up	fill
car.side.fill	2022.1	16.1	13.0	16.1	9.1	1.0	automotive				car.side	fill
car.side.front.open	2022.1	16.1	13.0	16.1	9.1	1.0	automotive,multicolor			car.side.front.open.fill	car.side.front.open	
car.side.front.open.crop	2024	18.0	15.0	18.0	11.0	2.0	automotive			car.side.front.open.crop.fill	car.side.front.open.crop	
car.side.front.open.crop.fill	2024	18.0	15.0	18.0	11.0	2.0	automotive				car.side.front.open.crop	fill
car.side.front.open.fill	2022.1	16.1	13.0	16.1	9.1	1.0	automotive,multicolor				car.side.front.open	fill
car.side.hill.descent.control	2024	18.0	15.0	18.0	11.0	2.0	automotive	DSR		car.side.hill.descent.control.fill	car.side.hill.descent.control	
car.side.hill.descent.control.fill	2024	18.0	15.0	18.0	11.0	2.0	automotive	DSR			car.side.hill.descent.control	fill
car.side.hill.down	2023	17.0	14.0	17.0	10.0	1.0	automotive			car.side.hill.down.fill	car.side.hill.down	
car.side.hill.down.and.gauge.open.with.lines.needle.25percent.and.arrowtriangle	2024.3	18.4	15.4	18.4	11.4	2.4	automotive			car.side.hill.down.and.gauge.open.with.lines.needle.25percent.and.arrowtriangle.fill	car.side.hill.down.and.gauge.open.with.lines.needle.25percent.and.arrowtriangle	
car.side.hill.down.and.gauge.open.with.lines.needle.25percent.and.arrowtriangle.fill	2024.3	18.4	15.4	18.4	11.4	2.4	automotive				car.side.hill.down.and.gauge.open.with.lines.needle.25percent.and.arrowtriangle	fill
car.side.hill.down.fill	2023	17.0	14.0	17.0	10.0	1.0	automotive				car.side.hill.down	fill
car.side.hill.up	2023	17.0	14.0	17.0	10.0	1.0	automotive			car.side.hill.up.fill	car.side.hill.up	
car.side.hill.up.fill	2023	17.0	14.0	17.0	10.0	1.0	automotive				car.side.hill.up	fill
car.side.lock	2023	17.0	14.0	17.0	10.0	1.0	automotive	padlock		car.side.lock.fill	car.side.lock	
car.side.lock.fill	2023	17.0	14.0	17.0	10.0	1.0	automotive	padlock			car.side.lock	fill
car.side.lock.open	2023	17.0	14.0	17.0	10.0	1.0	automotive	padlock,unlock		car.side.lock.open.fill	car.side.lock.open	
car.side.lock.open.fill	2023	17.0	14.0	17.0	10.0	1.0	automotive	padlock,unlock			car.side.lock.open	fill
car.side.rear.and.collision.and.car.side.front	2023	17.0	14.0	17.0	10.0	1.0	automotive				car.side.rear.and.collision.and.car.side.front	
car.side.rear.and.collision.and.car.side.front.and.arrow.forward	2024.3	18.4	15.4	18.4	11.4	2.4	automotive				car.side.rear.and.collision.and.car.side.front.and.arrow.forward	
car.side.rear.and.collision.and.car.side.front.and.steeringwheel	2024.3	18.4	15.4	18.4	11.4	2.4	automotive				car.side.rear.and.collision.and.car.side.front.and.steeringwheel	
car.side.rear.and.collision.and.car.side.front.slash	2023	17.0	14.0	17.0	10.0	1.0	automotive				car.side.rear.and.collision.and.car.side.front	slash
car.side.rear.and.exclamationmark.and.car.side.front	2023	17.0	14.0	17.0	10.0	1.0	automotive	!,warning			car.side.rear.and.exclamationmark.and.car.side.front	
car.side.rear.and.exclamationmark.and.car.side.front.off	2024	18.0	15.0	18.0	11.0	2.0	automotive				car.side.rear.and.exclamationmark.and.car.side.front.off	
car.side.rear.and.wave.3.and.car.side.front	2023	17.0	14.0	17.0	10.0	1.0	automotive,variable				car.side.rear.and.wave.3.and.car.side.front	
car.side.rear.crop.trunk.partition	2024	18.0	15.0	18.0	11.0	2.0	automotive			car.side.rear.crop.trunk.partition.fill	car.side.rear.crop.trunk.partition	
car.side.rear.crop.trunk.partition.fill	2024	18.0	15.0	18.0	11.0	2.0	automotive				car.side.rear.crop.trunk.partition	fill
car.side.rear.open	2022.1	16.1	13.0	16.1	9.1	1.0	automotive,multicolor			car.side.rear.open.fill	car.side.rear.open	
car.side.rear.open.crop	2024	18.0	15.0	18.0	11.0	2.0	automotive			car.side.rear.open.crop.fill	car.side.rear.open.crop	
car.side.rear.open.crop.fill	2024	18.0	15.0	18.0	11.0	2.0	automotive				car.side.rear.open.crop	fill
car.side.rear.open.fill	2022.1	16.1	13.0	16.1	9.1	1.0	automotive,multicolor				car.side.rear.open	fill
car.side.rear.tow.hitch	2024	18.0	15.0	18.0	11.0	2.0	automotive			car.side.rear.tow.hitch.fill	car.side.rear.tow.hitch	
car.side.rear.tow.hitch.fill	2024	18.0	15.0	18.0	11.0	2.0	automotive				car.side.rear.tow.hitch	fill
car.side.roof.cargo.carrier	2024	18.0	15.0	18.0	11.0	2.0	automotive			car.side.roof.cargo.carrier.fill	car.side.roof.cargo.carrier	
car.side.roof.cargo.carrier.fill	2024	18.0	15.0	18.0	11.0	2.0	automotive				car.side.roof.cargo.carrier	fill
car.side.roof.cargo.carrier.slash	2024	18.0	15.0	18.0	11.0	2.0	automotive			car.side.roof.cargo.carrier.slash.fill	car.side.roof.cargo.carrier	slash
car.side.roof.cargo.carrier.slash.fill	2024	18.0	15.0	18.0	11.0	2.0	automotive				car.side.roof.cargo.carrier	slash,fill
car.top.arrowtriangle.front.left	2024	18.0	15.0	18.0	11.0	2.0	automotive			car.top.arrowtriangle.front.left.fill	car.top.arrowtriangle.front.left	
car.top.arrowtriangle.front.left.fill	2024	18.0	15.0	18.0	11.0	2.0	automotive				car.top.arrowtriangle.front.left	fill
car.top.arrowtriangle.front.right	2024	18.0	15.0	18.0	11.0	2.0	automotive			car.top.arrowtriangle.front.right.fill	car.top.arrowtriangle.front.right	
car.top.arrowtriangle.front.right.fill	2024	18.0	15.0	18.0	11.0	2.0	automotive				car.top.arrowtriangle.front.right	fill
car.top.arrowtriangle.rear.left	2024	18.0	15.0	18.0	11.0	2.0	automotive			car.top.arrowtriangle.rear.left.fill	car.top.arrowtriangle.rear.left	
car.top.arrowtriangle.rear.left.fill	2024	18.0	15.0	18.0	11.0	2.0	automotive				car.top.arrowtriangle.rear.left	fill
car.top.arrowtriangle.rear.right	2024	18.0	15.0	18.0	11.0	2.0	automotive			car.top.arrowtriangle.rear.right.fill	car.top.arrowtriangle.rear.right	
car.top.arrowtriangle.rear.right.fill	2024	18.0	15.0	18.0	11.0	2.0	automotive				car.top.arrowtriangle.rear.right	fill
car.top.door.front.left.and.front.right.and.rear.left.and.rear.right.open	2022.1	16.1	13.0	16.1	9.1	1.0	automotive,multicolor			car.top.door.front.left.and.front.right.and.rear.left.and.rear.right.open.fill	car.top.door.front.left.and.front.right.and.rear.left.and.rear.right.open	
car.top.door.front.left.and.front.right.and.rear.left.and.rear.right.open.fill	2022.1	16.1	13.0	16.1	9.1	1.0	automotive,multicolor				car.top.door.front.left.and.front.right.and.rear.left.and.rear.right.open	fill
car.top.door.front.left.and.front.right.and.rear.left.open	2022.1	16.1	13.0	16.1	9.1	1.0	automotive,multicolor			car.top.door.front.left.and.front.right.and.rear.left.open.fill	car.top.door.front.left.and.front.right.and.rear.left.open	
car.top.door.front.left.and.front.right.and.rear.left.open.fill	2022.1	16.1	13.0	16.1	9.1	1.0	automotive,multicolor				car.top.door.front.left.and.front.right.and.rear.left.open	fill
car.top.door.front.left.and.front.right.and.rear.right.open	2022.1	16.1	13.0	16.1	9.1	1.0	automotive,multicolor			car.top.door.front.left.and.front.right.and.rear.right.open.fill	car.top.door.front.left.and.front.right.and.rear.right.open	
car.top.door.front.left.and.front.right.and.rear.right.open.fill	2022.1	16.1	13.0	16.1	9.1	1.0	automotive,multicolor				car.top.door.front.left.and.front.right.and.rear.right.open	fill
car.top.door.front.left.and.front.right.open	2022.1	16.1	13.0	16.1	9.1	1.0	automotive,multicolor			car.top.door.front.left.and.front.right.open.fill	car.top.door.front.left.and.front.right.open	
car.top.door.front.left.and.front.right.open.fill	2022.1	16.1	13.0	16.1	9.1	1.0	automotive,multicolor				car.top.door.front.left.and.front.right.open	fill
car.top.door.front.left.and.rear.left.and.rear.right.open	2022.1	16.1	13.0	16.1	9.1	1.0	automotive,multicolor			car.top.door.front.left.and.rear.left.and.rear.right.open.fill	car.top.door.front.left.and.rear.left.and.rear.right.open	
car.top.door.front.left.and.rear.left.and.rear.right.open.fill	2022.1	16.1	13.0	16.1	9.1	1.0	automotive,multicolor				car.top.door.front.left.and.rear.left.and.rear.right.open	fill
car.top.door.front.left.and.rear.left.open	2022.1	16.1	13.0	16.1	9.1	1.0	automotive,multicolor			car.top.door.front.left.and.rear.left.open.fill	car.top.door.front.left.and.rear.left.open	
car.top.door.front.left.and.rear.left.open.fill	2022.1	16.1	13.0	16.1	9.1	1.0	automotive,multicolor				car.top.door.front.left.and.rear.left.open	fill
car.top.door.front.left.and.rear.right.open	2022.1	16.1	13.0	16.1	9.1	1.0	automotive,multicolor			car.top.door.front.left.and.rear.right.open.fill	car.top.door.front.left.and.rear.right.open	
car.top.door.front.left.and.rear.right.open.fill	2022.1	16.1	13.0	16.1	9.1	1.0	automotive,multicolor				car.top.door.front.left.and.rear.right.open	fill
car.top.door.front.left.open	2022.1	16.1	13.0	16.1	9.1	1.0	automotive,multicolor			car.top.door.front.left.open.fill	car.top.door.front.left.open	
car.top.door.front.left.open.fill	2022.1	16.1	13.0	16.1	9.1	1.0	automotive,multicolor				car.top.door.front.left.open	fill
car.top.door.front.right.and.rear.left.and.rear.right.open	2022.1	16.1	13.0	16.1	9.1	1.0	automotive,multicolor			car.top.door.front.right.and.rear.left.and.rear.right.open.fill	car.top.door.front.right.and.rear.left.and.rear.right.open	
car.top.door.front.right.and.rear.left.and.rear.right.open.fill	2022.1	16.1	13.0	16.1	9.1	1.0	automotive,multicolor				car.top.door.front.right.and.rear.left.and.rear.right.open	fill
car.top.door.front.right.and.rear.left.open	2022.1	16.1	13.0	16.1	9.1	1.0	automotive,multicolor			car.top.door.front.right.and.rear.left.open.fill	car.top.door.front.right.and.rear.left.open	
car.top.door.front.right.and.rear.left.open.fill	2022.1	16.1	13.0	16.1	9.1	1.0	automotive,multicolor				car.top.door.front.right.and.rear.left.open	fill
car.top.door.front.right.and.rear.right.open	2022.1	16.1	13.0	16.1	9.1	1.0	automotive,multicolor			car.top.door.front.right.and.rear.right.open.fill	car.top.door.front.right.and.rear.right.open	
car.top.door.front.right.and.rear.right.open.fill	2022.1	16.1	13.0	16.1	9.1	1.0	automotive,multicolor				car.top.door.front.right.and.rear.right.open	fill
car.top.door.front.right.open	2022.1	16.1	13.0	16.1	9.1	1.0	automotive,multicolor			car.top.door.front.right.open.fill	car.top.door.front.right.open	
car.top.door.front.right.open.fill	2022.1	16.1	13.0	16.1	9.1	1.0	automotive,multicolor				car.top.door.front.right.open	fill
car.top.door.rear.left.and.rear.right.open	2022.1	16.1	13.0	16.1	9.1	1.0	automotive,multicolor			car.top.door.rear.left.and.rear.right.open.fill	car.top.door.rear.left.and.rear.right.open	
car.top.door.rear.left.and.rear.right.open.fill	2022.1	16.1	13.0	16.1	9.1	1.0	automotive,multicolor				car.top.door.rear.left.and.rear.right.open	fill
car.top.door.rear.left.open	2022.1	16.1	13.0	16.1	9.1	1.0	automotive,multicolor			car.top.door.rear.left.open.fill	car.top.door.rear.left.open	
car.top.door.rear.left.open.fill	2022.1	16.1	13.0	16.1	9.1	1.0	automotive,multicolor				car.top.door.rear.left.open	fill
car.top.door.rear.right.open	2022.1	16.1	13.0	16.1	9.1	1.0	automotive,multicolor			car.top.door.rear.right.open.fill	car.top.door.rear.right.open	
car.top.door.rear.right.open.fill	2022.1	16.1	13.0	16.1	9.1	1.0	automotive,multicolor				car.top.door.rear.right.open	fill
car.top.door.sliding.left.open	2023	17.0	14.0	17.0	10.0	1.0	automotive,multicolor			car.top.door.sliding.left.open.fill	car.top.door.sliding.left.open	
car.top.door.sliding.left.open.fill	2023	17.0	14.0	17.0	10.0	1.0	automotive,multicolor				car.top.door.sliding.left.open	fill
car.top.door.sliding.right.open	2023	17.0	14.0	17.0	10.0	1.0	automotive,multicolor			car.top.door.sliding.right.open.fill	car.top.door.sliding.right.open	
car.top.door.sliding.right.open.fill	2023	17.0	14.0	17.0	10.0	1.0	automotive,multicolor				car.top.door.sliding.right.open	fill
car.top.front.radiowaves.front.left.and.front.and.front.right	2024	18.0	15.0	18.0	11.0	2.0	automotive,variable			car.top.front.radiowaves.front.left.and.front.and.front.right.fill	car.top.front.radiowaves.front.left.and.front.and.front.right	
car.top.front.radiowaves.front.left.and.front.and.front.right.fill	2024	18.0	15.0	18.0	11.0	2.0	automotive,variable				car.top.front.radiowaves.front.left.and.front.and.front.right	fill
car.top.lane.dashed.arrowtriangle.inward	2022.1	16.1	13.0	16.1	9.1	1.0	automotive			car.top.lane.dashed.arrowtriangle.inward.fill	car.top.lane.dashed.arrowtriangle.inward	
car.top.lane.dashed.arrowtriangle.inward.fill	2022.1	16.1	13.0	16.1	9.1	1.0	automotive				car.top.lane.dashed.arrowtriangle.inward	fill
car.top.lane.dashed.badge.steeringwheel	2022.1	16.1	13.0	16.1	9.1	1.0	automotive			car.top.lane.dashed.badge.steeringwheel.fill	car.top.lane.dashed.badge.steeringwheel	
car.top.lane.dashed.badge.steeringwheel.fill	2022.1	16.1	13.0	16.1	9.1	1.0	automotive				car.top.lane.dashed.badge.steeringwheel	fill
car.top.lane.dashed.departure.left	2022.1	16.1	13.0	16.1	9.1	1.0	automotive			car.top.lane.dashed.departure.left.fill	car.top.lane.dashed.departure.left	
car.top.lane.dashed.departure.left.fill	2022.1	16.1	13.0	16.1	9.1	1.0	automotive				car.top.lane.dashed.departure.left	fill
car.top.lane.dashed.departure.left.slash	2024.3	18.4	15.4	18.4	11.4	2.4	automotive			car.top.lane.dashed.departure.left.slash.fill	car.top.lane.dashed.departure.left	slash
car.top.lane.dashed.departure.left.slash.fill	2024.3	18.4	15.4	18.4	11.4	2.4	automotive				car.top.lane.dashed.departure.left	slash,fill
car.top.lane.dashed.departure.right	2022.1	16.1	13.0	16.1	9.1	1.0	automotive			car.top.lane.dashed.departure.right.fill	car.top.lane.dashed.departure.right	
car.top.lane.dashed.departure.right.fill	2022.1	16.1	13.0	16.1	9.1	1.0	automotive				car.top.lane.dashed.departure.right	fill
car.top.lane.dashed.departure.right.slash	2024.3	18.4	15.4	18.4	11.4	2.4	automotive			car.top.lane.dashed.departure.right.slash.fill	car.top.lane.dashed.departure.right	slash
car.top.lane.dashed.departure.right.slash.fill	2024.3	18.4	15.4	18.4	11.4	2.4	automotive				car.top.lane.dashed.departure.right	slash,fill
car.top.radiowaves.2.front.left.front.front.right	2024.1	18.1	15.1	18.1	11.1	2.1	automotive,variable			car.top.radiowaves.2.front.left.front.front.right.fill	car.top.radiowaves.2.front.left.front.front.right	
car.top.radiowaves.2.front.left.front.front.right.fill	2024.1	18.1	15.1	18.1	11.1	2.1	automotive,variable				car.top.radiowaves.2.front.left.front.front.right	fill
car.top.radiowaves.2.rear.left.rear.rear.right	2024.1	18.1	15.1	18.1	11.1	2.1	automotive,variable			car.top.radiowaves.2.rear.left.rear.rear.right.fill	car.top.radiowaves.2.rear.left.rear.rear.right	
car.top.radiowaves.2.rear.left.rear.rear.right.fill	2024.1	18.1	15.1	18.1	11.1	2.1	automotive,variable				car.top.radiowaves.2.rear.left.rear.rear.right	fill
car.top.radiowaves.front	2022.1	16.1	13.0	16.1	9.1	1.0	automotive,variable			car.top.radiowaves.front.fill	car.top.radiowaves.front	
car.top.radiowaves.front.fill	2022.1	16.1	13.0	16.1	9.1	1.0	automotive,variable				car.top.radiowaves.front	fill
car.top.radiowaves.rear	2022.1	16.1	13.0	16.1	9.1	1.0	automotive,variable			car.top.radiowaves.rear.fill	car.top.radiowaves.rear	
car.top.radiowaves.rear.fill	2022.1	16.1	13.0	16.1	9.1	1.0	automotive,variable				car.top.radiowaves.rear	fill
car.top.radiowaves.rear.left	2022.1	16.1	13.0	16.1	9.1	1.0	automotive,variable			car.top.radiowaves.rear.left.fill	car.top.radiowaves.rear.left	
car.top.radiowaves.rear.left.and.rear.right	2022.1	16.1	13.0	16.1	9.1	1.0	automotive,variable			car.top.radiowaves.rear.left.and.rear.right.fill	car.top.radiowaves.rear.left.and.rear.right	
car.top.radiowaves.rear.left.and.rear.right.fill	2022.1	16.1	13.0	16.1	9.1	1.0	automotive,variable				car.top.radiowaves.rear.left.and.rear.right	fill
car.top.radiowaves.rear.left.car.top.front	2024	18.0	15.0	18.0	11.0	2.0	automotive,variable			car.top.radiowaves.rear.left.car.top.front.fill	car.top.radiowaves.rear.left.car.top.front	
car.top.radiowaves.rear.left.car.top.front.fill	2024	18.0	15.0	18.0	11.0	2.0	automotive,variable				car.top.radiowaves.rear.left.car.top.front	fill
car.top.radiowaves.rear.left.fill	2022.1	16.1	13.0	16.1	9.1	1.0	automotive,variable				car.top.radiowaves.rear.left	fill
car.top.radiowaves.rear.right	2022.1	16.1	13.0	16.1	9.1	1.0	automotive,variable			car.top.radiowaves.rear.right.fill	car.top.radiowaves.rear.right	
car.top.radiowaves.rear.right.badge.exclamationmark	2023	17.0	14.0	17.0	10.0	1.0	automotive,multicolor,variable			car.top.radiowaves.rear.right.badge.exclamationmark.fill	car.top.radiowaves.rear.right.badge.exclamationmark	
car.top.radiowaves.rear.right.badge.exclamationmark.fill	2023	17.0	14.0	17.0	10.0	1.0	automotive,multicolor,variable				car.top.radiowaves.rear.right.badge.exclamationmark	fill
car.top.radiowaves.rear.right.badge.xmark	2023	17.0	14.0	17.0	10.0	1.0	automotive,multicolor,variable			car.top.radiowaves.rear.right.badge.xmark.fill	car.top.radiowaves.rear.right.badge.xmark	
car.top.radiowaves.rear.right.badge.xmark.fill	2023	17.0	14.0	17.0	10.0	1.0	automotive,multicolor,variable				car.top.radiowaves.rear.right.badge.xmark	fill
car.top.radiowaves.rear.right.car.top.front	2024	18.0	15.0	18.0	11.0	2.0	automotive,variable			car.top.radiowaves.rear.right.car.top.front.fill	car.top.radiowaves.rear.right.car.top.front	
car.top.radiowaves.rear.right.car.top.front.fill	2024	18.0	15.0	18.0	11.0	2.0	automotive,variable				car.top.radiowaves.rear.right.car.top.front	fill
car.top.radiowaves.rear.right.fill	2022.1	16.1	13.0	16.1	9.1	1.0	automotive,variable				car.top.radiowaves.rear.right	fill
car.top.rear.radiowaves.rear.left.and.rear.and.rear.right	2024	18.0	15.0	18.0	11.0	2.0	automotive,variable			car.top.rear.radiowaves.rear.left.and.rear.and.rear.right.fill	car.top.rear.radiowaves.rear.left.and.rear.and.rear.right	
car.top.rear.radiowaves.rear.left.and.rear.and.rear.right.fill	2024	18.0	15.0	18.0	11.0	2.0	automotive,variable				car.top.rear.radiowaves.rear.left.and.rear.and.rear.right	fill
car.top.video.rear.left	2024	18.0	15.0	18.0	11.0	2.0	automotive			car.top.video.rear.left.fill	car.top.video.rear.left	
car.top.video.rear.left.fill	2024	18.0	15.0	18.0	11.0	2.0	automotive				car.top.video.rear.left	fill
car.top.video.rear.right	2024	18.0	15.0	18.0	11.0	2.0	automotive			car.top.video.rear.right.fill	car.top.video.rear.right	
car.top.video.rear.right.fill	2024	18.0	15.0	18.0	11.0	2.0	automotive				car.top.video.rear.right	fill
car.window.left	2023	17.0	14.0	17.0	10.0	1.0	automotive				car.window.left	
car.window.left.badge.exclamationmark	2023	17.0	14.0	17.0	10.0	1.0	automotive,multicolor	!,warning			car.window.left.badge.exclamationmark	
car.window.left.badge.lock	2025	26.0	26.0	26.0	26.0	26.0	automotive				car.window.left.badge.lock	
car.window.left.badge.xmark	2023	17.0	14.0	17.0	10.0	1.0	automotive,multicolor				car.window.left.badge.xmark	
car.window.left.exclamationmark	2023	17.0	14.0	17.0	10.0	1.0	automotive	!,warning			car.window.left.exclamationmark	
car.window.left.xmark	2023	17.0	14.0	17.0	10.0	1.0	automotive				car.window.left.xmark	
car.window.right	2023	17.0	14.0	17.0	10.0	1.0	automotive				car.window.right	
car.window.right.badge.exclamationmark	2023	17.0	14.0	17.0	10.0	1.0	automotive,multicolor	!,warning			car.window.right.badge.exclamationmark	
car.window.right.badge.lock	2025	26.0	26.0	26.0	26.0	26.0	automotive				car.window.right.badge.lock	
car.window.right.badge.xmark	2023	17.0	14.0	17.0	10.0	1.0	automotive,multicolor				car.window.right.badge.xmark	
car.window.right.exclamationmark	2023	17.0	14.0	17.0	10.0	1.0	automotive	!,warning			car.window.right.exclamationmark	
car.window.right.xmark	2023	17.0	14.0	17.0	10.0	1.0	automotive				car.window.right.xmark	
carbon.dioxide.cloud	2022	16.0	13.0	16.0	9.0	1.0	home,weather	co2		carbon.dioxide.cloud.fill	carbon.dioxide.cloud	
carbon.dioxide.cloud.fill	2022	16.0	13.0	16.0	9.0	1.0	home,weather	co2			carbon.dioxide.cloud	fill
carbon.monoxide.cloud	2022	16.0	13.0	16.0	9.0	1.0	home,weather	co		carbon.monoxide.cloud.fill	carbon.monoxide.cloud	
carbon.monoxide.cloud.fill	2022	16.0	13.0	16.0	9.0	1.0	home,weather	co			carbon.monoxide.cloud	fill
carrot	2022	16.0	13.0	16.0	9.0	1.0	nature,objectsandtools	food		carrot.fill	carrot	
carrot.fill	2022	16.0	13.0	16.0	9.0	1.0	nature,objectsandtools	food			carrot	fill
carseat.left	2023	17.0	14.0	17.0	10.0	1.0	automotive			carseat.left.fill	carseat.left	
carseat.left.1	2023	17.0	14.0	17.0	10.0	1.0	automotive			carseat.left.1.fill	carseat.left.1	
carseat.left.1.fill	2023	17.0	14.0	17.0	10.0	1.0	automotive				carseat.left.1	fill
carseat.left.2	2023	17.0	14.0	17.0	10.0	1.0	automotive			carseat.left.2.fill	carseat.left.2	
carseat.left.2.fill	2023	17.0	14.0	17.0	10.0	1.0	automotive				carseat.left.2	fill
carseat.left.3	2023	17.0	14.0	17.0	10.0	1.0	automotive			carseat.left.3.fill	carseat.left.3	
carseat.left.3.fill	2023	17.0	14.0	17.0	10.0	1.0	automotive				carseat.left.3	fill
carseat.left.and.heat.waves	2023	17.0	14.0	17.0	10.0	1.0	automotive			carseat.left.and.heat.waves.fill	carseat.left.and.heat.waves	
carseat.left.and.heat.waves.fill	2023	17.0	14.0	17.0	10.0	1.0	automotive				carseat.left.and.heat.waves	fill
carseat.left.backrest.up.and.down	2023	17.0	14.0	17.0	10.0	1.0	automotive			carseat.left.backrest.up.and.down.fill	carseat.left.backrest.up.and.down	
carseat.left.backrest.up.and.down.fill	2023	17.0	14.0	17.0	10.0	1.0	automotive				carseat.left.backrest.up.and.down	fill
carseat.left.fan	2023	17.0	14.0	17.0	10.0	1.0	automotive			carseat.left.fan.fill	carseat.left.fan	
carseat.left.fan.fill	2023	17.0	14.0	17.0	10.0	1.0	automotive				carseat.left.fan	fill
carseat.left.fill	2023	17.0	14.0	17.0	10.0	1.0	automotive				carseat.left	fill
carseat.left.forward.and.backward	2023	17.0	14.0	17.0	10.0	1.0	automotive			carseat.left.forward.and.backward.fill	carseat.left.forward.and.backward	
carseat.left.forward.and.backward.fill	2023	17.0	14.0	17.0	10.0	1.0	automotive				carseat.left.forward.and.backward	fill
carseat.left.massage	2023	17.0	14.0	17.0	10.0	1.0	automotive			carseat.left.massage.fill	carseat.left.massage	
carseat.left.massage.fill	2023	17.0	14.0	17.0	10.0	1.0	automotive				carseat.left.massage	fill
carseat.left.up.and.down	2023	17.0	14.0	17.0	10.0	1.0	automotive			carseat.left.up.and.down.fill	carseat.left.up.and.down	
carseat.left.up.and.down.fill	2023	17.0	14.0	17.0	10.0	1.0	automotive				carseat.left.up.and.down	fill
carseat.right	2023	17.0	14.0	17.0	10.0	1.0	automotive			carseat.right.fill	carseat.right	
carseat.right.1	2023	17.0	14.0	17.0	10.0	1.0	automotive			carseat.right.1.fill	carseat.right.1	
carseat.right.1.fill	2023	17.0	14.0	17.0	10.0	1.0	automotive				carseat.right.1	fill
carseat.right.2	2023	17.0	14.0	17.0	10.0	1.0	automotive			carseat.right.2.fill	carseat.right.2	
carseat.right.2.fill	2023	17.0	14.0	17.0	10.0	1.0	automotive				carseat.right.2	fill
carseat.right.3	2023	17.0	14.0	17.0	10.0	1.0	automotive			carseat.right.3.fill	carseat.right.3	
carseat.right.3.fill	2023	17.0	14.0	17.0	10.0	1.0	automotive				carseat.right.3	fill
carseat.right.and.heat.waves	2023	17.0	14.0	17.0	10.0	1.0	automotive			carseat.right.and.heat.waves.fill	carseat.right.and.heat.waves	
carseat.right.and.heat.waves.fill	2023	17.0	14.0	17.0	10.0	1.0	automotive				carseat.right.and.heat.waves	fill
carseat.right.backrest.up.and.down	2023	17.0	14.0	17.0	10.0	1.0	automotive			carseat.right.backrest.up.and.down.fill	carseat.right.backrest.up.and.down	
carseat.right.backrest.up.and.down.fill	2023	17.0	14.0	17.0	10.0	1.0	automotive				carseat.right.backrest.up.and.down	fill
carseat.right.fan	2023	17.0	14.0	17.0	10.0	1.0	automotive			carseat.right.fan.fill	carseat.right.fan	
carseat.right.fan.fill	2023	17.0	14.0	17.0	10.0	1.0	automotive				carseat.right.fan	fill
carseat.right.fill	2023	17.0	14.0	17.0	10.0	1.0	automotive				carseat.right	fill
carseat.right.forward.and.backward	2023	17.0	14.0	17.0	10.0	1.0	automotive			carseat.right.forward.and.backward.fill	carseat.right.forward.and.backward	
carseat.right.forward.and.backward.fill	2023	17.0	14.0	17.0	10.0	1.0	automotive				carseat.right.forward.and.backward	fill
carseat.right.massage	2023	17.0	14.0	17.0	10.0	1.0	automotive			carseat.right.massage.fill	carseat.right.massage	
carseat.right.massage.fill	2023	17.0	14.0	17.0	10.0	1.0	automotive				carseat.right.massage	fill
carseat.right.up.and.down	2023	17.0	14.0	17.0	10.0	1.0	automotive			carseat.right.up.and.down.fill	carseat.right.up.and.down	
carseat.right.up.and.down.fill	2023	17.0	14.0	17.0	10.0	1.0	automotive				carseat.right.up.and.down	fill
cart	2019	13.0	10.15	13.0	6.0	1.0	commerce,objectsandtools			cart.fill	cart	
cart.badge.clock	2024	18.0	15.0	18.0	11.0	2.0	commerce,multicolor,objectsandtools			cart.badge.clock.fill	cart.badge.clock	
cart.badge.clock.fill	2024	18.0	15.0	18.0	11.0	2.0	commerce,multicolor,objectsandtools				cart.badge.clock	fill
cart.badge.minus	2019	13.0	10.15	13.0	6.0	1.0	commerce,multicolor,objectsandtools	remove		cart.fill.badge.minus	cart.badge.minus	
cart.badge.plus	2019	13.0	10.15	13.0	6.0	1.0	commerce,multicolor,objectsandtools	add		cart.fill.badge.plus	cart.badge.plus	
cart.badge.questionmark	2022	16.0	13.0	16.0	9.0	1.0	commerce,multicolor,objectsandtools			cart.fill.badge.questionmark	cart.badge.questionmark	
cart.circle	2020.1	14.2	11.0	14.2	7.1	1.0	commerce,objectsandtools,variable			cart.circle.fill	cart	circle
cart.circle.fill	2020.1	14.2	11.0	14.2	7.1	1.0	commerce,multicolor,objectsandtools				cart	circle,fill
cart.fill	2019	13.0	10.15	13.0	6.0	1.0	commerce,objectsandtools				cart	fill
cart.fill.badge.minus	2019	13.0	10.15	13.0	6.0	1.0	commerce,multicolor,objectsandtools	remove			cart.fill.badge.minus	
cart.fill.badge.plus	2019	13.0	10.15	13.0	6.0	1.0	commerce,multicolor,objectsandtools	add			cart.fill.badge.plus	
cart.fill.badge.questionmark	2022	16.0	13.0	16.0	9.0	1.0	commerce,multicolor,objectsandtools				cart.fill.badge.questionmark	
case	2020	14.0	11.0	14.0	7.0	1.0	objectsandtools			case.fill	case	
case.fill	2020	14.0	11.0	14.0	7.0	1.0	objectsandtools				case	fill
cat	2023	17.0	14.0	17.0	10.0	1.0	nature	animals		cat.fill	cat	
cat.circle	2023	17.0	14.0	17.0	10.0	1.0	nature,variable	animals		cat.circle.fill	cat	circle
cat.circle.fill	2023	17.0	14.0	17.0	10.0	1.0	multicolor,nature	animals			cat	circle,fill
cat.fill	2023	17.0	14.0	17.0	10.0	1.0	nature	animals			cat	fill
cedisign	2022	16.0	13.0	16.0	9.0	1.0	commerce,indices	currencies,currency			cedisign	
cedisign.arrow.trianglehead.counterclockwise.rotate.90	2024	18.0	15.0	18.0	11.0	2.0	arrows,commerce	currencies,currency			cedisign.arrow.trianglehead.counterclockwise.rotate.90	
cedisign.building.classical	2026	27.0	27.0	27.0	27.0	27.0	commerce,objectsandtools	currencies,currency		cedisign.building.classical.fill	cedisign.building.classical	
cedisign.building.classical.fill	2026	27.0	27.0	27.0	27.0	27.0	commerce,multicolor,objectsandtools	currencies,currency			cedisign.building.classical	fill
cedisign.circle	2019	13.0	10.15	13.0	6.0	1.0	commerce,indices,variable	currencies,currency		cedisign.circle.fill	cedisign	circle
cedisign.circle.fill	2019	13.0	10.15	13.0	6.0	1.0	commerce,indices,multicolor	currencies,currency			cedisign	circle,fill
cedisign.gauge.chart.lefthalf.righthalf	2024	18.0	15.0	18.0	11.0	2.0	commerce,home,variable				cedisign.gauge.chart.lefthalf.righthalf	
cedisign.gauge.chart.leftthird.topthird.rightthird	2024	18.0	15.0	18.0	11.0	2.0	commerce,home,variable				cedisign.gauge.chart.leftthird.topthird.rightthird	
cedisign.ring	2024	18.0	15.0	18.0	11.0	2.0	commerce,home				cedisign.ring	
cedisign.ring.dashed	2024	18.0	15.0	18.0	11.0	2.0	commerce,home,variable				cedisign.ring.dashed	
cedisign.square	2019	13.0	10.15	13.0	6.0	1.0	commerce,indices	currencies,currency		cedisign.square.fill	cedisign	square
cedisign.square.fill	2019	13.0	10.15	13.0	6.0	1.0	commerce,indices,multicolor	currencies,currency			cedisign	square,fill
cellularbars	2022	16.0	13.0	16.0	9.0	1.0	connectivity,variable				cellularbars	
cellularbars.circle	2025	26.0	26.0	26.0	26.0	26.0	connectivity,variable			cellularbars.circle.fill	cellularbars	circle
cellularbars.circle.fill	2025	26.0	26.0	26.0	26.0	26.0	connectivity,multicolor,variable				cellularbars	circle,fill
cellularbars.short.cellularbars	2026	27.0	27.0	27.0	27.0	27.0	connectivity,whatsnew				cellularbars.short.cellularbars	
centsign	2022	16.0	13.0	16.0	9.0	1.0	commerce,indices	currencies,currency			centsign	
centsign.arrow.trianglehead.counterclockwise.rotate.90	2024	18.0	15.0	18.0	11.0	2.0	arrows,commerce	currencies,currency			centsign.arrow.trianglehead.counterclockwise.rotate.90	
centsign.building.classical	2026	27.0	27.0	27.0	27.0	27.0	commerce,objectsandtools	currencies,currency		centsign.building.classical.fill	centsign.building.classical	
centsign.building.classical.fill	2026	27.0	27.0	27.0	27.0	27.0	commerce,multicolor,objectsandtools	currencies,currency			centsign.building.classical	fill
centsign.circle	2019	13.0	10.15	13.0	6.0	1.0	commerce,indices,variable	currencies,currency		centsign.circle.fill	centsign	circle
centsign.circle.fill	2019	13.0	10.15	13.0	6.0	1.0	commerce,indices,multicolor	currencies,currency			centsign	circle,fill
centsign.gauge.chart.lefthalf.righthalf	2024	18.0	15.0	18.0	11.0	2.0	commerce,home,variable				centsign.gauge.chart.lefthalf.righthalf	
centsign.gauge.chart.leftthird.topthird.rightthird	2024	18.0	15.0	18.0	11.0	2.0	commerce,home,variable				centsign.gauge.chart.leftthird.topthird.rightthird	
centsign.ring	2024	18.0	15.0	18.0	11.0	2.0	commerce,home				centsign.ring	
centsign.ring.dashed	2024	18.0	15.0	18.0	11.0	2.0	commerce,home,variable				centsign.ring.dashed	
centsign.square	2019	13.0	10.15	13.0	6.0	1.0	commerce,indices	currencies,currency		centsign.square.fill	centsign	square
centsign.square.fill	2019	13.0	10.15	13.0	6.0	1.0	commerce,indices,multicolor	currencies,currency			centsign	square,fill
chair	2022	16.0	13.0	16.0	9.0	1.0	home,objectsandtools			chair.fill	chair	
chair.fill	2022	16.0	13.0	16.0	9.0	1.0	home,objectsandtools				chair	fill
chair.lounge	2022	16.0	13.0	16.0	9.0	1.0	home,objectsandtools			chair.lounge.fill	chair.lounge	
chair.lounge.fill	2022	16.0	13.0	16.0	9.0	1.0	home,objectsandtools				chair.lounge	fill
chandelier	2022	16.0	13.0	16.0	9.0	1.0	home,objectsandtools	light		chandelier.fill	chandelier	
chandelier.fill	2022	16.0	13.0	16.0	9.0	1.0	home,objectsandtools	light			chandelier	fill
character	2020.1	14.2	11.0	14.2	7.1	1.0	textformatting	a			character	
character.book.closed	2020.1	14.2	11.0	14.2	7.1	1.0	objectsandtools	dictionary		character.book.closed.fill	character.book.closed	
character.book.closed.fill	2020.1	14.2	11.0	14.2	7.1	1.0	objectsandtools	dictionary			character.book.closed	fill
character.bubble	2020.2	14.5	11.3	14.5	7.4	1.0	communication	a		character.bubble.fill	character.bubble	
character.bubble.fill	2020.2	14.5	11.3	14.5	7.4	1.0	communication,multicolor	a			character.bubble	fill
character.circle	2024	18.0	15.0	18.0	11.0	2.0	textformatting,variable	a		character.circle.fill	character	circle
character.circle.fill	2024	18.0	15.0	18.0	11.0	2.0	multicolor,textformatting	a			character	circle,fill
character.cursor.ibeam	2020.2	14.5	11.3	14.5	7.4	1.0	textformatting	a			character.cursor.ibeam	
character.duployan	2022	16.0	13.0	16.0	9.0	1.0	accessibility,textformatting				character.duployan	
character.magnify	2023	17.0	14.0	17.0	10.0	1.0	accessibility,textformatting	a			character.magnify	
character.phonetic	2022	16.0	13.0	16.0	9.0	1.0	textformatting				character.phonetic	
character.square	2024	18.0	15.0	18.0	11.0	2.0	textformatting	a		character.square.fill	character	square
character.square.fill	2024	18.0	15.0	18.0	11.0	2.0	multicolor,textformatting	a			character	square,fill
character.sutton	2022	16.0	13.0	16.0	9.0	1.0	textformatting				character.sutton	
character.text.justify	2025	26.0	26.0	26.0	26.0	26.0	textformatting				character.text.justify	
character.textbox	2020.2	14.5	11.3	14.5	7.4	1.0	textformatting	a			character.textbox	
character.textbox.badge.sparkles	2024.3	18.4	15.4	18.4	11.4	2.4	textformatting				character.textbox.badge.sparkles	
characters.lowercase	2024	18.0	15.0	18.0	11.0	2.0	textformatting				characters.lowercase	
characters.uppercase	2024	18.0	15.0	18.0	11.0	2.0	textformatting				characters.uppercase	
chart.bar	2019	13.0	10.15	13.0	6.0	1.0	variable			chart.bar.fill	chart.bar	
chart.bar.fill	2019	13.0	10.15	13.0	6.0	1.0	variable				chart.bar	fill
chart.bar.horizontal.page	2024	18.0	15.0	18.0	11.0	2.0	variable			chart.bar.horizontal.page.fill	chart.bar.horizontal.page	
chart.bar.horizontal.page.fill	2024	18.0	15.0	18.0	11.0	2.0	multicolor,variable				chart.bar.horizontal.page	fill
chart.bar.xaxis	2020	14.0	11.0	14.0	7.0	1.0	variable				chart.bar.xaxis	
chart.bar.xaxis.ascending	2023	17.0	14.0	17.0	10.0	1.0	variable				chart.bar.xaxis.ascending	
chart.bar.xaxis.ascending.badge.clock	2023	17.0	14.0	17.0	10.0	1.0	multicolor,variable				chart.bar.xaxis.ascending.badge.clock	
chart.bar.xaxis.descending	2025	26.0	26.0	26.0	26.0	26.0	variable				chart.bar.xaxis.descending	
chart.bar.yaxis	2024	18.0	15.0	18.0	11.0	2.0	variable				chart.bar.yaxis	
chart.dots.scatter	2022.1	16.1	13.0	16.1	9.1	1.0	variable				chart.dots.scatter	
chart.line.downtrend.xyaxis	2022	16.0	13.0	16.0	9.0	1.0					chart.line.downtrend.xyaxis	
chart.line.downtrend.xyaxis.circle	2022	16.0	13.0	16.0	9.0	1.0	variable			chart.line.downtrend.xyaxis.circle.fill	chart.line.downtrend.xyaxis	circle
chart.line.downtrend.xyaxis.circle.fill	2022	16.0	13.0	16.0	9.0	1.0	multicolor				chart.line.downtrend.xyaxis	circle,fill
chart.line.flattrend.xyaxis	2022	16.0	13.0	16.0	9.0	1.0					chart.line.flattrend.xyaxis	
chart.line.flattrend.xyaxis.circle	2022	16.0	13.0	16.0	9.0	1.0	variable			chart.line.flattrend.xyaxis.circle.fill	chart.line.flattrend.xyaxis	circle
chart.line.flattrend.xyaxis.circle.fill	2022	16.0	13.0	16.0	9.0	1.0	multicolor				chart.line.flattrend.xyaxis	circle,fill
chart.line.text.clipboard	2024	18.0	15.0	18.0	11.0	2.0	health,objectsandtools	notes		chart.line.text.clipboard.fill	chart.line.text.clipboard	
chart.line.text.clipboard.fill	2024	18.0	15.0	18.0	11.0	2.0	health,objectsandtools	notes			chart.line.text.clipboard	fill
chart.line.uptrend.xyaxis	2021	15.0	12.0	15.0	8.0	1.0					chart.line.uptrend.xyaxis	
chart.line.uptrend.xyaxis.circle	2021	15.0	12.0	15.0	8.0	1.0	variable			chart.line.uptrend.xyaxis.circle.fill	chart.line.uptrend.xyaxis	circle
chart.line.uptrend.xyaxis.circle.fill	2021	15.0	12.0	15.0	8.0	1.0	multicolor				chart.line.uptrend.xyaxis	circle,fill
chart.pie	2019	13.0	10.15	13.0	6.0	1.0				chart.pie.fill	chart.pie	
chart.pie.fill	2019	13.0	10.15	13.0	6.0	1.0					chart.pie	fill
chart.xyaxis.line	2021	15.0	12.0	15.0	8.0	1.0	objectsandtools				chart.xyaxis.line	
checklist	2021	15.0	12.0	15.0	8.0	1.0	textformatting				checklist	
checklist.checked	2022	16.0	13.0	16.0	9.0	1.0	textformatting				checklist.checked	
checklist.unchecked	2022	16.0	13.0	16.0	9.0	1.0	textformatting				checklist.unchecked	
checkmark	2019	13.0	10.15	13.0	6.0	1.0	multicolor,privacyandsecurity				checkmark	
checkmark.app	2025	26.0	26.0	26.0	26.0	26.0				checkmark.app.fill	checkmark.app	
checkmark.app.fill	2025	26.0	26.0	26.0	26.0	26.0	multicolor				checkmark.app	fill
checkmark.applewatch	2023	17.0	14.0	17.0	10.0	1.0	devices		This symbol may not be modified and may only be used to refer to Apple Watch.		checkmark.applewatch	
checkmark.arrow.trianglehead.clockwise	2025	26.0	26.0	26.0	26.0	26.0					checkmark.arrow.trianglehead.clockwise	
checkmark.arrow.trianglehead.counterclockwise	2024	18.0	15.0	18.0	11.0	2.0	arrows,media				checkmark.arrow.trianglehead.counterclockwise	
checkmark.bubble	2021	15.0	12.0	15.0	8.0	1.0	communication			checkmark.bubble.fill	checkmark.bubble	
checkmark.bubble.fill	2021	15.0	12.0	15.0	8.0	1.0	communication				checkmark.bubble	fill
checkmark.circle	2019	13.0	10.15	13.0	6.0	1.0	multicolor,privacyandsecurity,variable	select		checkmark.circle.fill	checkmark	circle
checkmark.circle.badge.airplane	2025	26.0	26.0	26.0	26.0	26.0	maps,transportation			checkmark.circle.badge.airplane.fill	checkmark.circle.badge.airplane	
checkmark.circle.badge.airplane.fill	2025	26.0	26.0	26.0	26.0	26.0	maps,transportation				checkmark.circle.badge.airplane	fill
checkmark.circle.badge.plus	2025	26.0	26.0	26.0	26.0	26.0	multicolor,privacyandsecurity,variable			checkmark.circle.badge.plus.fill	checkmark.circle.badge.plus	
checkmark.circle.badge.plus.fill	2025	26.0	26.0	26.0	26.0	26.0	multicolor,privacyandsecurity				checkmark.circle.badge.plus	fill
checkmark.circle.badge.questionmark	2022	16.0	13.0	16.0	9.0	1.0	multicolor,privacyandsecurity,variable			checkmark.circle.badge.questionmark.fill	checkmark.circle.badge.questionmark	
checkmark.circle.badge.questionmark.fill	2022	16.0	13.0	16.0	9.0	1.0	multicolor,privacyandsecurity				checkmark.circle.badge.questionmark	fill
checkmark.circle.badge.xmark	2022	16.0	13.0	16.0	9.0	1.0	multicolor,privacyandsecurity,variable			checkmark.circle.badge.xmark.fill	checkmark.circle.badge.xmark	
checkmark.circle.badge.xmark.fill	2022	16.0	13.0	16.0	9.0	1.0	multicolor,privacyandsecurity				checkmark.circle.badge.xmark	fill
checkmark.circle.dotted	2025	26.0	26.0	26.0	26.0	26.0	privacyandsecurity				checkmark.circle.dotted	
checkmark.circle.fill	2019	13.0	10.15	13.0	6.0	1.0	multicolor,privacyandsecurity	select			checkmark	circle,fill
checkmark.circle.trianglebadge.exclamationmark	2021	15.0	12.0	15.0	8.0	1.0	multicolor,privacyandsecurity,variable	warning		checkmark.circle.trianglebadge.exclamationmark.fill	checkmark.circle.trianglebadge.exclamationmark	
checkmark.circle.trianglebadge.exclamationmark.fill	2025	26.0	26.0	26.0	26.0	26.0	multicolor,privacyandsecurity				checkmark.circle.trianglebadge.exclamationmark	fill
checkmark.diamond	2021	15.0	12.0	15.0	8.0	1.0	multicolor,privacyandsecurity			checkmark.diamond.fill	checkmark.diamond	
checkmark.diamond.fill	2021	15.0	12.0	15.0	8.0	1.0	multicolor,privacyandsecurity				checkmark.diamond	fill
checkmark.icloud	2020	14.0	11.0	14.0	7.0	1.0	connectivity,privacyandsecurity		This symbol may not be modified and may only be used to refer to Apple’s iCloud service.	checkmark.icloud.fill	checkmark.icloud	
checkmark.icloud.fill	2020	14.0	11.0	14.0	7.0	1.0	connectivity,multicolor,privacyandsecurity		This symbol may not be modified and may only be used to refer to Apple’s iCloud service.		checkmark.icloud	fill
checkmark.message	2022	16.0	13.0	16.0	9.0	1.0	communication,privacyandsecurity		This symbol may not be modified and may only be used to refer to Apple’s Messages app.	checkmark.message.fill	checkmark.message	
checkmark.message.fill	2022	16.0	13.0	16.0	9.0	1.0	communication,multicolor,privacyandsecurity		This symbol may not be modified and may only be used to refer to Apple’s Messages app.		checkmark.message	fill
checkmark.rectangle	2019	13.0	10.15	13.0	6.0	1.0	privacyandsecurity			checkmark.rectangle.fill	checkmark	rectangle
checkmark.rectangle.fill	2019	13.0	10.15	13.0	6.0	1.0	multicolor,privacyandsecurity				checkmark	rectangle,fill
checkmark.rectangle.portrait	2020	14.0	11.0	14.0	7.0	1.0	privacyandsecurity			checkmark.rectangle.portrait.fill	checkmark.rectangle.portrait	
checkmark.rectangle.portrait.fill	2020	14.0	11.0	14.0	7.0	1.0	multicolor,privacyandsecurity				checkmark.rectangle.portrait	fill
checkmark.rectangle.stack	2023	17.0	14.0	17.0	10.0	1.0				checkmark.rectangle.stack.fill	checkmark.rectangle.stack	
checkmark.rectangle.stack.fill	2023	17.0	14.0	17.0	10.0	1.0	multicolor				checkmark.rectangle.stack	fill
checkmark.seal	2019	13.0	10.15	13.0	6.0	1.0	privacyandsecurity			checkmark.seal.fill	checkmark.seal	
checkmark.seal.fill	2019	13.0	10.15	13.0	6.0	1.0	multicolor,privacyandsecurity				checkmark.seal	fill
checkmark.seal.text.page	2024	18.0	15.0	18.0	11.0	2.0				checkmark.seal.text.page.fill	checkmark.seal.text.page	
checkmark.seal.text.page.fill	2024	18.0	15.0	18.0	11.0	2.0					checkmark.seal.text.page	fill
checkmark.shield	2019	13.0	10.15	13.0	6.0	1.0	objectsandtools,privacyandsecurity			checkmark.shield.fill	checkmark.shield	
checkmark.shield.fill	2019	13.0	10.15	13.0	6.0	1.0	multicolor,objectsandtools,privacyandsecurity				checkmark.shield	fill
checkmark.square	2019	13.0	10.15	13.0	6.0	1.0	multicolor,privacyandsecurity	checkbox		checkmark.square.fill	checkmark	square
checkmark.square.fill	2019	13.0	10.15	13.0	6.0	1.0	multicolor,privacyandsecurity	checkbox			checkmark	square,fill
chevron.backward	2020	14.0	11.0	14.0	7.0	1.0	arrows,cameraandphotos	left			chevron.backward	
chevron.backward.2	2020	14.0	11.0	14.0	7.0	1.0	arrows	left			chevron.backward.2	
chevron.backward.chevron.backward.dotted	2024	18.0	15.0	18.0	11.0	2.0	arrows	left			chevron.backward.chevron.backward.dotted	
chevron.backward.circle	2020	14.0	11.0	14.0	7.0	1.0	arrows,cameraandphotos,variable	left		chevron.backward.circle.fill	chevron.backward	circle
chevron.backward.circle.fill	2020	14.0	11.0	14.0	7.0	1.0	arrows,cameraandphotos,multicolor	left			chevron.backward	circle,fill
chevron.backward.square	2020	14.0	11.0	14.0	7.0	1.0	arrows	left		chevron.backward.square.fill	chevron.backward	square
chevron.backward.square.fill	2020	14.0	11.0	14.0	7.0	1.0	arrows,multicolor	left			chevron.backward	square,fill
chevron.backward.to.line	2022	16.0	13.0	16.0	9.0	1.0	keyboard				chevron.backward.to.line	
chevron.compact.backward	2023.1	17.1	14.1	17.1	10.1	1.0	arrows				chevron.compact.backward	
chevron.compact.down	2019	13.0	10.15	13.0	6.0	1.0	arrows				chevron.compact.down	
chevron.compact.forward	2023.1	17.1	14.1	17.1	10.1	1.0	arrows				chevron.compact.forward	
chevron.compact.left	2019	13.0	10.15	13.0	6.0	1.0	arrows				chevron.compact.left	
chevron.compact.left.chevron.compact.right	2024	18.0	15.0	18.0	11.0	2.0	arrows				chevron.compact.left.chevron.compact.right	
chevron.compact.right	2019	13.0	10.15	13.0	6.0	1.0	arrows				chevron.compact.right	
chevron.compact.up	2019	13.0	10.15	13.0	6.0	1.0	arrows				chevron.compact.up	
chevron.compact.up.chevron.compact.down	2024	18.0	15.0	18.0	11.0	2.0	arrows				chevron.compact.up.chevron.compact.down	
chevron.compact.up.chevron.compact.right.chevron.compact.down.chevron.compact.left	2024	18.0	15.0	18.0	11.0	2.0	arrows				chevron.compact.up.chevron.compact.right.chevron.compact.down.chevron.compact.left	
chevron.down	2019	13.0	10.15	13.0	6.0	1.0	arrows,cameraandphotos				chevron.down	
chevron.down.2	2024	18.0	15.0	18.0	11.0	2.0	arrows,fitness				chevron.down.2	
chevron.down.circle	2019	13.0	10.15	13.0	6.0	1.0	arrows,cameraandphotos,variable			chevron.down.circle.fill	chevron.down	circle
chevron.down.circle.fill	2019	13.0	10.15	13.0	6.0	1.0	arrows,cameraandphotos,multicolor				chevron.down	circle,fill
chevron.down.dotted.2	2024	18.0	15.0	18.0	11.0	2.0	arrows				chevron.down.dotted.2	
chevron.down.forward.2	2024	18.0	15.0	18.0	11.0	2.0	arrows				chevron.down.forward.2	
chevron.down.forward.dotted.2	2024	18.0	15.0	18.0	11.0	2.0	arrows,fitness				chevron.down.forward.dotted.2	
chevron.down.right.2	2024	18.0	15.0	18.0	11.0	2.0	arrows				chevron.down.right.2	
chevron.down.right.dotted.2	2024	18.0	15.0	18.0	11.0	2.0	arrows,fitness				chevron.down.right.dotted.2	
chevron.down.square	2019	13.0	10.15	13.0	6.0	1.0	arrows			chevron.down.square.fill	chevron.down	square
chevron.down.square.fill	2019	13.0	10.15	13.0	6.0	1.0	arrows,multicolor				chevron.down	square,fill
chevron.forward	2020	14.0	11.0	14.0	7.0	1.0	arrows,cameraandphotos	right			chevron.forward	
chevron.forward.2	2020	14.0	11.0	14.0	7.0	1.0	arrows	right			chevron.forward.2	
chevron.forward.circle	2020	14.0	11.0	14.0	7.0	1.0	arrows,cameraandphotos,variable	right		chevron.forward.circle.fill	chevron.forward	circle
chevron.forward.circle.fill	2020	14.0	11.0	14.0	7.0	1.0	arrows,cameraandphotos,multicolor	right			chevron.forward	circle,fill
chevron.forward.dotted.chevron.forward	2024	18.0	15.0	18.0	11.0	2.0	arrows	right			chevron.forward.dotted.chevron.forward	
chevron.forward.square	2020	14.0	11.0	14.0	7.0	1.0	arrows	right		chevron.forward.square.fill	chevron.forward	square
chevron.forward.square.fill	2020	14.0	11.0	14.0	7.0	1.0	arrows,multicolor	right			chevron.forward	square,fill
chevron.forward.to.line	2022	16.0	13.0	16.0	9.0	1.0	keyboard				chevron.forward.to.line	
chevron.left	2019	13.0	10.15	13.0	6.0	1.0	arrows,cameraandphotos				chevron.left	
chevron.left.2	2019	13.0	10.15	13.0	6.0	1.0	arrows				chevron.left.2	
chevron.left.chevron.left.dotted	2024	18.0	15.0	18.0	11.0	2.0	arrows				chevron.left.chevron.left.dotted	
chevron.left.chevron.right	2024	18.0	15.0	18.0	11.0	2.0	arrows				chevron.left.chevron.right	
chevron.left.circle	2019	13.0	10.15	13.0	6.0	1.0	arrows,cameraandphotos,variable			chevron.left.circle.fill	chevron.left	circle
chevron.left.circle.fill	2019	13.0	10.15	13.0	6.0	1.0	arrows,cameraandphotos,multicolor				chevron.left	circle,fill
chevron.left.forwardslash.chevron.right	2021	15.0	12.0	15.0	8.0	1.0		code			chevron.left.forwardslash.chevron.right	
chevron.left.square	2019	13.0	10.15	13.0	6.0	1.0	arrows			chevron.left.square.fill	chevron.left	square
chevron.left.square.fill	2019	13.0	10.15	13.0	6.0	1.0	arrows,multicolor				chevron.left	square,fill
chevron.left.to.line	2022	16.0	13.0	16.0	9.0	1.0	keyboard				chevron.left.to.line	
chevron.right	2019	13.0	10.15	13.0	6.0	1.0	arrows,cameraandphotos				chevron.right	
chevron.right.2	2019	13.0	10.15	13.0	6.0	1.0	arrows				chevron.right.2	
chevron.right.circle	2019	13.0	10.15	13.0	6.0	1.0	arrows,cameraandphotos,variable			chevron.right.circle.fill	chevron.right	circle
chevron.right.circle.fill	2019	13.0	10.15	13.0	6.0	1.0	arrows,cameraandphotos,multicolor				chevron.right	circle,fill
chevron.right.dotted.chevron.right	2024	18.0	15.0	18.0	11.0	2.0	arrows				chevron.right.dotted.chevron.right	
chevron.right.square	2019	13.0	10.15	13.0	6.0	1.0	arrows			chevron.right.square.fill	chevron.right	square
chevron.right.square.fill	2019	13.0	10.15	13.0	6.0	1.0	arrows,multicolor				chevron.right	square,fill
chevron.right.to.line	2022	16.0	13.0	16.0	9.0	1.0	keyboard				chevron.right.to.line	
chevron.up	2019	13.0	10.15	13.0	6.0	1.0	arrows,cameraandphotos				chevron.up	
chevron.up.2	2024	18.0	15.0	18.0	11.0	2.0	arrows,fitness				chevron.up.2	
chevron.up.chevron.down	2019	13.0	10.15	13.0	6.0	1.0	arrows				chevron.up.chevron.down	
chevron.up.chevron.down.square	2024	18.0	15.0	18.0	11.0	2.0	arrows			chevron.up.chevron.down.square.fill	chevron.up.chevron.down	square
chevron.up.chevron.down.square.fill	2024	18.0	15.0	18.0	11.0	2.0	arrows,multicolor				chevron.up.chevron.down	square,fill
chevron.up.chevron.right.chevron.down.chevron.left	2024	18.0	15.0	18.0	11.0	2.0	arrows				chevron.up.chevron.right.chevron.down.chevron.left	
chevron.up.circle	2019	13.0	10.15	13.0	6.0	1.0	arrows,cameraandphotos,variable			chevron.up.circle.fill	chevron.up	circle
chevron.up.circle.fill	2019	13.0	10.15	13.0	6.0	1.0	arrows,cameraandphotos,multicolor				chevron.up	circle,fill
chevron.up.dotted.2	2024	18.0	15.0	18.0	11.0	2.0	arrows				chevron.up.dotted.2	
chevron.up.forward.2	2024	18.0	15.0	18.0	11.0	2.0	arrows				chevron.up.forward.2	
chevron.up.forward.dotted.2	2024	18.0	15.0	18.0	11.0	2.0	arrows,fitness				chevron.up.forward.dotted.2	
chevron.up.right.2	2024	18.0	15.0	18.0	11.0	2.0	arrows				chevron.up.right.2	
chevron.up.right.dotted.2	2024	18.0	15.0	18.0	11.0	2.0	arrows,fitness				chevron.up.right.dotted.2	
chevron.up.square	2019	13.0	10.15	13.0	6.0	1.0	arrows			chevron.up.square.fill	chevron.up	square
chevron.up.square.fill	2019	13.0	10.15	13.0	6.0	1.0	arrows,multicolor				chevron.up	square,fill
chineseyuanrenminbisign	2023	17.0	14.0	17.0	10.0	1.0	commerce,indices	currencies,currency			chineseyuanrenminbisign	
chineseyuanrenminbisign.arrow.trianglehead.counterclockwise.rotate.90	2024	18.0	15.0	18.0	11.0	2.0	arrows,commerce	currencies,currency			chineseyuanrenminbisign.arrow.trianglehead.counterclockwise.rotate.90	
chineseyuanrenminbisign.building.classical	2026	27.0	27.0	27.0	27.0	27.0	commerce,objectsandtools	currencies,currency		chineseyuanrenminbisign.building.classical.fill	chineseyuanrenminbisign.building.classical	
chineseyuanrenminbisign.building.classical.fill	2026	27.0	27.0	27.0	27.0	27.0	commerce,multicolor,objectsandtools	currencies,currency			chineseyuanrenminbisign.building.classical	fill
chineseyuanrenminbisign.circle	2023	17.0	14.0	17.0	10.0	1.0	commerce,indices,variable	currencies,currency		chineseyuanrenminbisign.circle.fill	chineseyuanrenminbisign	circle
chineseyuanrenminbisign.circle.fill	2023	17.0	14.0	17.0	10.0	1.0	commerce,indices,multicolor	currencies,currency			chineseyuanrenminbisign	circle,fill
chineseyuanrenminbisign.gauge.chart.lefthalf.righthalf	2024	18.0	15.0	18.0	11.0	2.0	commerce,home,variable				chineseyuanrenminbisign.gauge.chart.lefthalf.righthalf	
chineseyuanrenminbisign.gauge.chart.leftthird.topthird.rightthird	2024	18.0	15.0	18.0	11.0	2.0	commerce,home,variable				chineseyuanrenminbisign.gauge.chart.leftthird.topthird.rightthird	
chineseyuanrenminbisign.ring	2024	18.0	15.0	18.0	11.0	2.0	commerce,home				chineseyuanrenminbisign.ring	
chineseyuanrenminbisign.ring.dashed	2024	18.0	15.0	18.0	11.0	2.0	commerce,home,variable				chineseyuanrenminbisign.ring.dashed	
chineseyuanrenminbisign.square	2023	17.0	14.0	17.0	10.0	1.0	commerce,indices	currencies,currency		chineseyuanrenminbisign.square.fill	chineseyuanrenminbisign	square
chineseyuanrenminbisign.square.fill	2023	17.0	14.0	17.0	10.0	1.0	commerce,indices,multicolor	currencies,currency			chineseyuanrenminbisign	square,fill
circle	2019	13.0	10.15	13.0	6.0	1.0	shapes,variable			circle.fill	circle	
circle.and.line.horizontal	2021	15.0	12.0	15.0	8.0	1.0	cameraandphotos,editing			circle.and.line.horizontal.fill	circle.and.line.horizontal	
circle.and.line.horizontal.fill	2021	15.0	12.0	15.0	8.0	1.0	cameraandphotos,editing				circle.and.line.horizontal	fill
circle.badge.checkmark	2023	17.0	14.0	17.0	10.0	1.0	multicolor,variable			circle.badge.checkmark.fill	circle.badge.checkmark	
circle.badge.checkmark.fill	2023	17.0	14.0	17.0	10.0	1.0	multicolor				circle.badge.checkmark	fill
circle.badge.exclamationmark	2023	17.0	14.0	17.0	10.0	1.0	multicolor,variable			circle.badge.exclamationmark.fill	circle.badge.exclamationmark	
circle.badge.exclamationmark.fill	2023	17.0	14.0	17.0	10.0	1.0	multicolor				circle.badge.exclamationmark	fill
circle.badge.minus	2023	17.0	14.0	17.0	10.0	1.0	multicolor,variable			circle.badge.minus.fill	circle.badge.minus	
circle.badge.minus.fill	2023	17.0	14.0	17.0	10.0	1.0	multicolor				circle.badge.minus	fill
circle.badge.plus	2023	17.0	14.0	17.0	10.0	1.0	multicolor,variable			circle.badge.plus.fill	circle.badge.plus	
circle.badge.plus.fill	2023	17.0	14.0	17.0	10.0	1.0	multicolor				circle.badge.plus	fill
circle.badge.questionmark	2023	17.0	14.0	17.0	10.0	1.0	multicolor,variable			circle.badge.questionmark.fill	circle.badge.questionmark	
circle.badge.questionmark.fill	2023	17.0	14.0	17.0	10.0	1.0	multicolor				circle.badge.questionmark	fill
circle.badge.xmark	2023	17.0	14.0	17.0	10.0	1.0	multicolor,variable			circle.badge.xmark.fill	circle.badge.xmark	
circle.badge.xmark.fill	2023	17.0	14.0	17.0	10.0	1.0	multicolor				circle.badge.xmark	fill
circle.bottomhalf.filled	2021	15.0	12.0	15.0	8.0	1.0					circle.bottomhalf.filled	
circle.bottomhalf.filled.inverse	2023	17.0	14.0	17.0	10.0	1.0					circle.bottomhalf.filled.inverse	
circle.bottomrighthalf.pattern.checkered	2024	18.0	15.0	18.0	11.0	2.0	cameraandphotos	edit,noise reduction			circle.bottomrighthalf.pattern.checkered	
circle.circle	2020	14.0	11.0	14.0	7.0	1.0	gaming,variable			circle.circle.fill	circle	circle
circle.circle.fill	2020	14.0	11.0	14.0	7.0	1.0	gaming,multicolor				circle	circle,fill
circle.dashed	2020	14.0	11.0	14.0	7.0	1.0	editing				circle.dashed	
circle.dashed.rectangle	2022	16.0	13.0	16.0	9.0	1.0	cameraandphotos				circle.dashed	rectangle
circle.dotted	2021	15.0	12.0	15.0	8.0	1.0					circle.dotted	
circle.dotted.and.circle	2023	17.0	14.0	17.0	10.0	1.0	cameraandphotos	motion			circle.dotted.and	circle
circle.dotted.circle	2023	17.0	14.0	17.0	10.0	1.0	cameraandphotos,variable	edit,vignette		circle.dotted.circle.fill	circle.dotted	circle
circle.dotted.circle.fill	2023	17.0	14.0	17.0	10.0	1.0	cameraandphotos,multicolor	edit,vignette			circle.dotted	circle,fill
circle.fill	2019	13.0	10.15	13.0	6.0	1.0	shapes				circle	fill
circle.filled.ipad	2023	17.0	14.0	17.0	10.0	1.0	devices			circle.filled.ipad.fill	circle.filled.ipad	
circle.filled.ipad.fill	2023	17.0	14.0	17.0	10.0	1.0	devices,multicolor				circle.filled.ipad	fill
circle.filled.ipad.landscape	2023	17.0	14.0	17.0	10.0	1.0	devices			circle.filled.ipad.landscape.fill	circle.filled.ipad.landscape	
circle.filled.ipad.landscape.fill	2023	17.0	14.0	17.0	10.0	1.0	devices,multicolor				circle.filled.ipad.landscape	fill
circle.filled.iphone	2023	17.0	14.0	17.0	10.0	1.0	devices			circle.filled.iphone.fill	circle.filled.iphone	
circle.filled.iphone.fill	2023	17.0	14.0	17.0	10.0	1.0	devices,multicolor				circle.filled.iphone	fill
circle.filled.pattern.diagonalline.rectangle	2022	16.0	13.0	16.0	9.0	1.0	cameraandphotos				circle.filled.pattern.diagonalline	rectangle
circle.grid.2x1	2021	15.0	12.0	15.0	8.0	1.0				circle.grid.2x1.fill	circle.grid.2x1	
circle.grid.2x1.fill	2021	15.0	12.0	15.0	8.0	1.0					circle.grid.2x1	fill
circle.grid.2x1.left.filled	2021	15.0	12.0	15.0	8.0	1.0					circle.grid.2x1.left.filled	
circle.grid.2x1.right.filled	2021	15.0	12.0	15.0	8.0	1.0					circle.grid.2x1.right.filled	
circle.grid.2x2	2019.1	13.1	10.15	13.0	6.1	1.0				circle.grid.2x2.fill	circle.grid.2x2	
circle.grid.2x2.fill	2019.1	13.1	10.15	13.0	6.1	1.0					circle.grid.2x2	fill
circle.grid.2x2.topleft.checkmark.filled	2025	26.0	26.0	26.0	26.0	26.0	multicolor	select			circle.grid.2x2.topleft.checkmark.filled	
circle.grid.3x3	2019	13.0	10.15	13.0	6.0	1.0				circle.grid.3x3.fill	circle.grid.3x3	
circle.grid.3x3.circle	2021	15.0	12.0	15.0	8.0	1.0	variable			circle.grid.3x3.circle.fill	circle.grid.3x3	circle
circle.grid.3x3.circle.fill	2021	15.0	12.0	15.0	8.0	1.0	multicolor				circle.grid.3x3	circle,fill
circle.grid.3x3.fill	2019	13.0	10.15	13.0	6.0	1.0					circle.grid.3x3	fill
circle.grid.cross	2020	14.0	11.0	14.0	7.0	1.0	gaming			circle.grid.cross.fill	circle.grid.cross	
circle.grid.cross.down.filled	2021	15.0	12.0	15.0	8.0	1.0	gaming				circle.grid.cross.down.filled	
circle.grid.cross.fill	2020	14.0	11.0	14.0	7.0	1.0	gaming				circle.grid.cross	fill
circle.grid.cross.left.filled	2021	15.0	12.0	15.0	8.0	1.0	gaming				circle.grid.cross.left.filled	
circle.grid.cross.right.filled	2021	15.0	12.0	15.0	8.0	1.0	gaming				circle.grid.cross.right.filled	
circle.grid.cross.up.filled	2021	15.0	12.0	15.0	8.0	1.0	gaming				circle.grid.cross.up.filled	
circle.hexagongrid	2021	15.0	12.0	15.0	8.0	1.0				circle.hexagongrid.fill	circle.hexagongrid	
circle.hexagongrid.circle	2021	15.0	12.0	15.0	8.0	1.0	variable			circle.hexagongrid.circle.fill	circle.hexagongrid	circle
circle.hexagongrid.circle.fill	2021	15.0	12.0	15.0	8.0	1.0	multicolor				circle.hexagongrid	circle,fill
circle.hexagongrid.fill	2021	15.0	12.0	15.0	8.0	1.0	multicolor				circle.hexagongrid	fill
circle.hexagonpath	2021	15.0	12.0	15.0	8.0	1.0	accessibility			circle.hexagonpath.fill	circle.hexagonpath	
circle.hexagonpath.fill	2021	15.0	12.0	15.0	8.0	1.0	accessibility				circle.hexagonpath	fill
circle.lefthalf.filled	2021	15.0	12.0	15.0	8.0	1.0	editing				circle.lefthalf.filled	
circle.lefthalf.filled.inverse	2023	17.0	14.0	17.0	10.0	1.0	editing				circle.lefthalf.filled.inverse	
circle.lefthalf.filled.righthalf.striped.horizontal	2023	17.0	14.0	17.0	10.0	1.0	cameraandphotos	edit,shadows			circle.lefthalf.filled.righthalf.striped.horizontal	
circle.lefthalf.filled.righthalf.striped.horizontal.inverse	2023	17.0	14.0	17.0	10.0	1.0	cameraandphotos	edit,shadows			circle.lefthalf.filled.righthalf.striped.horizontal.inverse	
circle.lefthalf.striped.horizontal	2023	17.0	14.0	17.0	10.0	1.0	cameraandphotos	edit,highlights			circle.lefthalf.striped.horizontal	
circle.lefthalf.striped.horizontal.inverse	2023	17.0	14.0	17.0	10.0	1.0	cameraandphotos	edit,highlights			circle.lefthalf.striped.horizontal.inverse	
circle.on.app.liquid.glass	2026	27.0	27.0	27.0	27.0	27.0	whatsnew			circle.on.app.liquid.glass.fill	circle.on.app.liquid.glass	
circle.on.app.liquid.glass.fill	2026	27.0	27.0	27.0	27.0	27.0	whatsnew				circle.on.app.liquid.glass	fill
circle.on.square	2025	26.0	26.0	26.0	26.0	26.0					circle.on	square
circle.on.square.intersection.dotted	2025	26.0	26.0	26.0	26.0	26.0					circle.on.square.intersection.dotted	
circle.on.square.merge	2025	26.0	26.0	26.0	26.0	26.0					circle.on.square.merge	
circle.rectangle.dashed	2022	16.0	13.0	16.0	9.0	1.0	cameraandphotos				circle.rectangle.dashed	
circle.rectangle.filled.pattern.diagonalline	2022	16.0	13.0	16.0	9.0	1.0	cameraandphotos				circle.rectangle.filled.pattern.diagonalline	
circle.righthalf.filled	2021	15.0	12.0	15.0	8.0	1.0	editing				circle.righthalf.filled	
circle.righthalf.filled.inverse	2023	17.0	14.0	17.0	10.0	1.0	editing				circle.righthalf.filled.inverse	
circle.slash	2021	15.0	12.0	15.0	8.0	1.0				circle.slash.fill	circle	slash
circle.slash.fill	2021	15.0	12.0	15.0	8.0	1.0					circle	slash,fill
circle.square	2020	14.0	11.0	14.0	7.0	1.0	gaming			circle.square.fill	circle	square
circle.square.fill	2021	15.0	12.0	15.0	8.0	1.0	gaming,multicolor				circle	square,fill
circle.tophalf.filled	2021	15.0	12.0	15.0	8.0	1.0					circle.tophalf.filled	
circle.tophalf.filled.inverse	2023	17.0	14.0	17.0	10.0	1.0					circle.tophalf.filled.inverse	
circlebadge	2020	14.0	11.0	14.0	7.0	1.0				circlebadge.fill	circlebadge	
circlebadge.2	2020	14.0	11.0	14.0	7.0	1.0				circlebadge.2.fill	circlebadge.2	
circlebadge.2.fill	2020	14.0	11.0	14.0	7.0	1.0					circlebadge.2	fill
circlebadge.fill	2020	14.0	11.0	14.0	7.0	1.0	multicolor				circlebadge	fill
clear	2019	13.0	10.15	13.0	6.0	1.0	keyboard,multicolor			clear.fill	clear	
clear.fill	2019	13.0	10.15	13.0	6.0	1.0	keyboard,multicolor				clear	fill
clipboard	2022	16.0	13.0	16.0	9.0	1.0	objectsandtools			clipboard.fill	clipboard	
clipboard.fill	2022	16.0	13.0	16.0	9.0	1.0	objectsandtools				clipboard	fill
clock	2019	13.0	10.15	13.0	6.0	1.0	multicolor,objectsandtools,time	history,recent		clock.fill	clock	
clock.arrow.trianglehead.2.counterclockwise.rotate.90	2024	18.0	15.0	18.0	11.0	2.0	arrows,time	sync,time,time machine,timemachine			clock.arrow.trianglehead.2.counterclockwise.rotate.90	
clock.arrow.trianglehead.clockwise.rotate.90.path.dotted	2025	26.0	26.0	26.0	26.0	26.0	objectsandtools,time				clock.arrow.trianglehead.clockwise.rotate.90.path.dotted	
clock.arrow.trianglehead.counterclockwise.rotate.90	2024	18.0	15.0	18.0	11.0	2.0	arrows,time	time,time machine,timemachine			clock.arrow.trianglehead.counterclockwise.rotate.90	
clock.badge	2022	16.0	13.0	16.0	9.0	1.0	multicolor,objectsandtools,time			clock.badge.fill	clock.badge	
clock.badge.airplane	2025	26.0	26.0	26.0	26.0	26.0	objectsandtools,time			clock.badge.airplane.fill	clock.badge.airplane	
clock.badge.airplane.fill	2025	26.0	26.0	26.0	26.0	26.0	objectsandtools,time				clock.badge.airplane	fill
clock.badge.checkmark	2021	15.0	12.0	15.0	8.0	1.0	multicolor,objectsandtools,time			clock.badge.checkmark.fill	clock.badge.checkmark	
clock.badge.checkmark.fill	2021	15.0	12.0	15.0	8.0	1.0	multicolor,objectsandtools,time				clock.badge.checkmark	fill
clock.badge.exclamationmark	2021	15.0	12.0	15.0	8.0	1.0	multicolor,objectsandtools,time	!,warning		clock.badge.exclamationmark.fill	clock.badge.exclamationmark	
clock.badge.exclamationmark.fill	2021	15.0	12.0	15.0	8.0	1.0	multicolor,objectsandtools,time	!,warning			clock.badge.exclamationmark	fill
clock.badge.fill	2022	16.0	13.0	16.0	9.0	1.0	multicolor,objectsandtools,time				clock.badge	fill
clock.badge.questionmark	2022	16.0	13.0	16.0	9.0	1.0	multicolor,objectsandtools,time			clock.badge.questionmark.fill	clock.badge.questionmark	
clock.badge.questionmark.fill	2022	16.0	13.0	16.0	9.0	1.0	multicolor,objectsandtools,time				clock.badge.questionmark	fill
clock.badge.xmark	2022	16.0	13.0	16.0	9.0	1.0	multicolor,objectsandtools,time			clock.badge.xmark.fill	clock.badge.xmark	
clock.badge.xmark.fill	2022	16.0	13.0	16.0	9.0	1.0	multicolor,objectsandtools,time				clock.badge.xmark	fill
clock.circle	2021	15.0	12.0	15.0	8.0	1.0	objectsandtools,time,variable			clock.circle.fill	clock	circle
clock.circle.fill	2021	15.0	12.0	15.0	8.0	1.0	multicolor,objectsandtools,time				clock	circle,fill
clock.fill	2019	13.0	10.15	13.0	6.0	1.0	objectsandtools,time	history,recent			clock	fill
cloud	2019	13.0	10.15	13.0	6.0	1.0	nature,weather	weather		cloud.fill	cloud	
cloud.bolt	2019	13.0	10.15	13.0	6.0	1.0	nature,weather	weather		cloud.bolt.fill	cloud.bolt	
cloud.bolt.circle	2022	16.0	13.0	16.0	9.0	1.0	nature,variable,weather	weather		cloud.bolt.circle.fill	cloud.bolt	circle
cloud.bolt.circle.fill	2022	16.0	13.0	16.0	9.0	1.0	multicolor,nature,weather	weather			cloud.bolt	circle,fill
cloud.bolt.fill	2019	13.0	10.15	13.0	6.0	1.0	multicolor,nature,weather	weather			cloud.bolt	fill
cloud.bolt.rain	2019	13.0	10.15	13.0	6.0	1.0	nature,weather	weather		cloud.bolt.rain.fill	cloud.bolt.rain	
cloud.bolt.rain.circle	2022	16.0	13.0	16.0	9.0	1.0	nature,variable,weather	weather		cloud.bolt.rain.circle.fill	cloud.bolt.rain	circle
cloud.bolt.rain.circle.fill	2022	16.0	13.0	16.0	9.0	1.0	multicolor,nature,weather	weather			cloud.bolt.rain	circle,fill
cloud.bolt.rain.fill	2019	13.0	10.15	13.0	6.0	1.0	multicolor,nature,weather	weather			cloud.bolt.rain	fill
cloud.circle	2022	16.0	13.0	16.0	9.0	1.0	nature,variable,weather	weather		cloud.circle.fill	cloud	circle
cloud.circle.fill	2022	16.0	13.0	16.0	9.0	1.0	multicolor,nature,weather	weather			cloud	circle,fill
cloud.drizzle	2019	13.0	10.15	13.0	6.0	1.0	nature,weather	weather		cloud.drizzle.fill	cloud.drizzle	
cloud.drizzle.circle	2022	16.0	13.0	16.0	9.0	1.0	nature,variable,weather	weather		cloud.drizzle.circle.fill	cloud.drizzle	circle
cloud.drizzle.circle.fill	2022	16.0	13.0	16.0	9.0	1.0	multicolor,nature,weather	weather			cloud.drizzle	circle,fill
cloud.drizzle.fill	2019	13.0	10.15	13.0	6.0	1.0	multicolor,nature,weather	weather			cloud.drizzle	fill
cloud.fill	2019	13.0	10.15	13.0	6.0	1.0	multicolor,nature,weather	weather			cloud	fill
cloud.fog	2019	13.0	10.15	13.0	6.0	1.0	nature,weather	weather		cloud.fog.fill	cloud.fog	
cloud.fog.circle	2022	16.0	13.0	16.0	9.0	1.0	nature,variable,weather	weather		cloud.fog.circle.fill	cloud.fog	circle
cloud.fog.circle.fill	2022	16.0	13.0	16.0	9.0	1.0	multicolor,nature,weather	weather			cloud.fog	circle,fill
cloud.fog.fill	2019	13.0	10.15	13.0	6.0	1.0	multicolor,nature,weather	weather			cloud.fog	fill
cloud.hail	2019	13.0	10.15	13.0	6.0	1.0	nature,weather	weather		cloud.hail.fill	cloud.hail	
cloud.hail.circle	2022	16.0	13.0	16.0	9.0	1.0	nature,variable,weather	weather		cloud.hail.circle.fill	cloud.hail	circle
cloud.hail.circle.fill	2022	16.0	13.0	16.0	9.0	1.0	multicolor,nature,weather	weather			cloud.hail	circle,fill
cloud.hail.fill	2019	13.0	10.15	13.0	6.0	1.0	multicolor,nature,weather	weather			cloud.hail	fill
cloud.heavyrain	2019	13.0	10.15	13.0	6.0	1.0	nature,weather	weather		cloud.heavyrain.fill	cloud.heavyrain	
cloud.heavyrain.circle	2022	16.0	13.0	16.0	9.0	1.0	nature,variable,weather	weather		cloud.heavyrain.circle.fill	cloud.heavyrain	circle
cloud.heavyrain.circle.fill	2022	16.0	13.0	16.0	9.0	1.0	multicolor,nature,weather	weather			cloud.heavyrain	circle,fill
cloud.heavyrain.fill	2019	13.0	10.15	13.0	6.0	1.0	multicolor,nature,weather	weather			cloud.heavyrain	fill
cloud.moon	2019	13.0	10.15	13.0	6.0	1.0	nature,weather	weather		cloud.moon.fill	cloud.moon	
cloud.moon.bolt	2019	13.0	10.15	13.0	6.0	1.0	nature,weather	weather		cloud.moon.bolt.fill	cloud.moon.bolt	
cloud.moon.bolt.circle	2022	16.0	13.0	16.0	9.0	1.0	nature,variable,weather	weather		cloud.moon.bolt.circle.fill	cloud.moon.bolt	circle
cloud.moon.bolt.circle.fill	2022	16.0	13.0	16.0	9.0	1.0	multicolor,nature,weather	weather			cloud.moon.bolt	circle,fill
cloud.moon.bolt.fill	2019	13.0	10.15	13.0	6.0	1.0	multicolor,nature,weather	weather			cloud.moon.bolt	fill
cloud.moon.circle	2022	16.0	13.0	16.0	9.0	1.0	nature,variable,weather	weather		cloud.moon.circle.fill	cloud.moon	circle
cloud.moon.circle.fill	2022	16.0	13.0	16.0	9.0	1.0	multicolor,nature,weather	weather			cloud.moon	circle,fill
cloud.moon.fill	2019	13.0	10.15	13.0	6.0	1.0	multicolor,nature,weather	weather			cloud.moon	fill
cloud.moon.rain	2019	13.0	10.15	13.0	6.0	1.0	nature,weather	weather		cloud.moon.rain.fill	cloud.moon.rain	
cloud.moon.rain.circle	2022	16.0	13.0	16.0	9.0	1.0	nature,variable,weather	weather		cloud.moon.rain.circle.fill	cloud.moon.rain	circle
cloud.moon.rain.circle.fill	2022	16.0	13.0	16.0	9.0	1.0	multicolor,nature,weather	weather			cloud.moon.rain	circle,fill
cloud.moon.rain.fill	2019	13.0	10.15	13.0	6.0	1.0	multicolor,nature,weather	weather			cloud.moon.rain	fill
cloud.rain	2019	13.0	10.15	13.0	6.0	1.0	nature,weather	weather		cloud.rain.fill	cloud.rain	
cloud.rain.circle	2022	16.0	13.0	16.0	9.0	1.0	nature,variable,weather	weather		cloud.rain.circle.fill	cloud.rain	circle
cloud.rain.circle.fill	2022	16.0	13.0	16.0	9.0	1.0	multicolor,nature,weather	weather			cloud.rain	circle,fill
cloud.rain.fill	2019	13.0	10.15	13.0	6.0	1.0	multicolor,nature,weather	weather			cloud.rain	fill
cloud.rainbow.crop	2024	18.0	15.0	18.0	11.0	2.0	multicolor,nature,variable,weather	weather		cloud.rainbow.crop.fill	cloud.rainbow.crop	
cloud.rainbow.crop.fill	2024	18.0	15.0	18.0	11.0	2.0	multicolor,nature,variable,weather	weather			cloud.rainbow.crop	fill
cloud.sleet	2019	13.0	10.15	13.0	6.0	1.0	nature,weather	weather		cloud.sleet.fill	cloud.sleet	
cloud.sleet.circle	2022	16.0	13.0	16.0	9.0	1.0	nature,variable,weather	weather		cloud.sleet.circle.fill	cloud.sleet	circle
cloud.sleet.circle.fill	2022	16.0	13.0	16.0	9.0	1.0	multicolor,nature,weather	weather			cloud.sleet	circle,fill
cloud.sleet.fill	2019	13.0	10.15	13.0	6.0	1.0	multicolor,nature,weather	weather			cloud.sleet	fill
cloud.snow	2019	13.0	10.15	13.0	6.0	1.0	nature,weather	weather		cloud.snow.fill	cloud.snow	
cloud.snow.circle	2022	16.0	13.0	16.0	9.0	1.0	nature,variable,weather	weather		cloud.snow.circle.fill	cloud.snow	circle
cloud.snow.circle.fill	2022	16.0	13.0	16.0	9.0	1.0	multicolor,nature,weather	weather			cloud.snow	circle,fill
cloud.snow.fill	2019	13.0	10.15	13.0	6.0	1.0	multicolor,nature,weather	weather			cloud.snow	fill
cloud.sun	2019	13.0	10.15	13.0	6.0	1.0	nature,weather	weather		cloud.sun.fill	cloud.sun	
cloud.sun.bolt	2019	13.0	10.15	13.0	6.0	1.0	nature,weather	weather		cloud.sun.bolt.fill	cloud.sun.bolt	
cloud.sun.bolt.circle	2022	16.0	13.0	16.0	9.0	1.0	nature,variable,weather	weather		cloud.sun.bolt.circle.fill	cloud.sun.bolt	circle
cloud.sun.bolt.circle.fill	2022	16.0	13.0	16.0	9.0	1.0	multicolor,nature,weather	weather			cloud.sun.bolt	circle,fill
cloud.sun.bolt.fill	2019	13.0	10.15	13.0	6.0	1.0	multicolor,nature,weather	weather			cloud.sun.bolt	fill
cloud.sun.circle	2022	16.0	13.0	16.0	9.0	1.0	nature,variable,weather	weather		cloud.sun.circle.fill	cloud.sun	circle
cloud.sun.circle.fill	2022	16.0	13.0	16.0	9.0	1.0	multicolor,nature,weather	weather			cloud.sun	circle,fill
cloud.sun.fill	2019	13.0	10.15	13.0	6.0	1.0	multicolor,nature,weather	weather			cloud.sun	fill
cloud.sun.rain	2019	13.0	10.15	13.0	6.0	1.0	nature,weather	weather		cloud.sun.rain.fill	cloud.sun.rain	
cloud.sun.rain.circle	2022	16.0	13.0	16.0	9.0	1.0	nature,variable,weather	weather		cloud.sun.rain.circle.fill	cloud.sun.rain	circle
cloud.sun.rain.circle.fill	2022	16.0	13.0	16.0	9.0	1.0	multicolor,nature,weather	weather			cloud.sun.rain	circle,fill
cloud.sun.rain.fill	2019	13.0	10.15	13.0	6.0	1.0	multicolor,nature,weather	weather			cloud.sun.rain	fill
coat	2024	18.0	15.0	18.0	11.0	2.0	objectsandtools			coat.fill	coat	
coat.circle	2025	26.0	26.0	26.0	26.0	26.0	variable			coat.circle.fill	coat	circle
coat.circle.fill	2025	26.0	26.0	26.0	26.0	26.0	multicolor				coat	circle,fill
coat.fill	2024	18.0	15.0	18.0	11.0	2.0	objectsandtools				coat	fill
coloncurrencysign	2022	16.0	13.0	16.0	9.0	1.0	commerce,indices	currencies,currency			coloncurrencysign	
coloncurrencysign.arrow.trianglehead.counterclockwise.rotate.90	2024	18.0	15.0	18.0	11.0	2.0	arrows,commerce	currencies,currency			coloncurrencysign.arrow.trianglehead.counterclockwise.rotate.90	
coloncurrencysign.building.classical	2026	27.0	27.0	27.0	27.0	27.0	commerce,objectsandtools	currencies,currency		coloncurrencysign.building.classical.fill	coloncurrencysign.building.classical	
coloncurrencysign.building.classical.fill	2026	27.0	27.0	27.0	27.0	27.0	commerce,multicolor,objectsandtools	currencies,currency			coloncurrencysign.building.classical	fill
coloncurrencysign.circle	2019	13.0	10.15	13.0	6.0	1.0	commerce,indices,variable	currencies,currency		coloncurrencysign.circle.fill	coloncurrencysign	circle
coloncurrencysign.circle.fill	2019	13.0	10.15	13.0	6.0	1.0	commerce,indices,multicolor	currencies,currency			coloncurrencysign	circle,fill
coloncurrencysign.gauge.chart.lefthalf.righthalf	2024	18.0	15.0	18.0	11.0	2.0	commerce,home,variable				coloncurrencysign.gauge.chart.lefthalf.righthalf	
coloncurrencysign.gauge.chart.leftthird.topthird.rightthird	2024	18.0	15.0	18.0	11.0	2.0	commerce,home,variable				coloncurrencysign.gauge.chart.leftthird.topthird.rightthird	
coloncurrencysign.ring	2024	18.0	15.0	18.0	11.0	2.0	commerce,home				coloncurrencysign.ring	
coloncurrencysign.ring.dashed	2024	18.0	15.0	18.0	11.0	2.0	commerce,home,variable				coloncurrencysign.ring.dashed	
coloncurrencysign.square	2019	13.0	10.15	13.0	6.0	1.0	commerce,indices	currencies,currency		coloncurrencysign.square.fill	coloncurrencysign	square
coloncurrencysign.square.fill	2019	13.0	10.15	13.0	6.0	1.0	commerce,indices,multicolor	currencies,currency			coloncurrencysign	square,fill
comb	2020	14.0	11.0	14.0	7.0	1.0	objectsandtools			comb.fill	comb	
comb.fill	2020	14.0	11.0	14.0	7.0	1.0	objectsandtools				comb	fill
command	2019	13.0	10.15	13.0	6.0	1.0	keyboard				command	
command.circle	2020	14.0	11.0	14.0	7.0	1.0	keyboard,variable			command.circle.fill	command	circle
command.circle.fill	2020	14.0	11.0	14.0	7.0	1.0	keyboard,multicolor				command	circle,fill
command.square	2020	14.0	11.0	14.0	7.0	1.0	keyboard			command.square.fill	command	square
command.square.fill	2020	14.0	11.0	14.0	7.0	1.0	keyboard,multicolor				command	square,fill
compass.drawing	2022	16.0	13.0	16.0	9.0	1.0	math,objectsandtools				compass.drawing	
computermouse	2021	15.0	12.0	15.0	8.0	1.0	devices			computermouse.fill	computermouse	
computermouse.fill	2021	15.0	12.0	15.0	8.0	1.0	devices				computermouse	fill
cone	2020	14.0	11.0	14.0	7.0	1.0				cone.fill	cone	
cone.fill	2020	14.0	11.0	14.0	7.0	1.0					cone	fill
contact.sensor	2022	16.0	13.0	16.0	9.0	1.0	home			contact.sensor.fill	contact.sensor	
contact.sensor.fill	2022	16.0	13.0	16.0	9.0	1.0	home				contact.sensor	fill
contextualmenu.and.pointer.arrow	2025	26.0	26.0	26.0	26.0	26.0	accessibility	cursor			contextualmenu.and.pointer.arrow	
control	2019	13.0	10.15	13.0	6.0	1.0	keyboard				control	
convertible.side	2024	18.0	15.0	18.0	11.0	2.0	automotive			convertible.side.fill	convertible.side	
convertible.side.air.circulate	2024	18.0	15.0	18.0	11.0	2.0	automotive			convertible.side.air.circulate.fill	convertible.side.air.circulate	
convertible.side.air.circulate.fill	2024	18.0	15.0	18.0	11.0	2.0	automotive,multicolor				convertible.side.air.circulate	fill
convertible.side.air.fresh	2024	18.0	15.0	18.0	11.0	2.0	automotive			convertible.side.air.fresh.fill	convertible.side.air.fresh	
convertible.side.air.fresh.fill	2024	18.0	15.0	18.0	11.0	2.0	automotive				convertible.side.air.fresh	fill
convertible.side.and.exclamationmark	2024	18.0	15.0	18.0	11.0	2.0	automotive			convertible.side.and.exclamationmark.fill	convertible.side.and.exclamationmark	
convertible.side.and.exclamationmark.fill	2024	18.0	15.0	18.0	11.0	2.0	automotive				convertible.side.and.exclamationmark	fill
convertible.side.arrow.left.and.right	2024.3	18.4	15.4	18.4	11.4	2.4	automotive			convertible.side.arrow.left.and.right.fill	convertible.side.arrow.left.and.right	
convertible.side.arrow.left.and.right.fill	2024.3	18.4	15.4	18.4	11.4	2.4	automotive				convertible.side.arrow.left.and.right	fill
convertible.side.arrow.trianglehead.backward	2024	18.0	15.0	18.0	11.0	2.0	automotive			convertible.side.arrow.trianglehead.backward.fill	convertible.side.arrow.trianglehead.backward	
convertible.side.arrow.trianglehead.backward.fill	2024	18.0	15.0	18.0	11.0	2.0	automotive				convertible.side.arrow.trianglehead.backward	fill
convertible.side.arrow.trianglehead.forward	2024	18.0	15.0	18.0	11.0	2.0	automotive			convertible.side.arrow.trianglehead.forward.fill	convertible.side.arrow.trianglehead.forward	
convertible.side.arrow.trianglehead.forward.and.backward	2024	18.0	15.0	18.0	11.0	2.0	automotive			convertible.side.arrow.trianglehead.forward.and.backward.fill	convertible.side.arrow.trianglehead.forward.and.backward	
convertible.side.arrow.trianglehead.forward.and.backward.fill	2024	18.0	15.0	18.0	11.0	2.0	automotive				convertible.side.arrow.trianglehead.forward.and.backward	fill
convertible.side.arrow.trianglehead.forward.fill	2024	18.0	15.0	18.0	11.0	2.0	automotive				convertible.side.arrow.trianglehead.forward	fill
convertible.side.arrowtriangle.down	2024	18.0	15.0	18.0	11.0	2.0	automotive			convertible.side.arrowtriangle.down.fill	convertible.side.arrowtriangle.down	
convertible.side.arrowtriangle.down.fill	2024	18.0	15.0	18.0	11.0	2.0	automotive				convertible.side.arrowtriangle.down	fill
convertible.side.arrowtriangle.up	2024	18.0	15.0	18.0	11.0	2.0	automotive			convertible.side.arrowtriangle.up.fill	convertible.side.arrowtriangle.up	
convertible.side.arrowtriangle.up.arrowtriangle.down	2024	18.0	15.0	18.0	11.0	2.0	automotive			convertible.side.arrowtriangle.up.arrowtriangle.down.fill	convertible.side.arrowtriangle.up.arrowtriangle.down	
convertible.side.arrowtriangle.up.arrowtriangle.down.fill	2024	18.0	15.0	18.0	11.0	2.0	automotive				convertible.side.arrowtriangle.up.arrowtriangle.down	fill
convertible.side.arrowtriangle.up.fill	2024	18.0	15.0	18.0	11.0	2.0	automotive				convertible.side.arrowtriangle.up	fill
convertible.side.fill	2024	18.0	15.0	18.0	11.0	2.0	automotive				convertible.side	fill
convertible.side.front.open	2024	18.0	15.0	18.0	11.0	2.0	automotive			convertible.side.front.open.fill	convertible.side.front.open	
convertible.side.front.open.crop	2024	18.0	15.0	18.0	11.0	2.0	automotive			convertible.side.front.open.crop.fill	convertible.side.front.open.crop	
convertible.side.front.open.crop.fill	2024	18.0	15.0	18.0	11.0	2.0	automotive				convertible.side.front.open.crop	fill
convertible.side.front.open.fill	2024	18.0	15.0	18.0	11.0	2.0	automotive				convertible.side.front.open	fill
convertible.side.hill.descent.control	2024	18.0	15.0	18.0	11.0	2.0	automotive	DSR		convertible.side.hill.descent.control.fill	convertible.side.hill.descent.control	
convertible.side.hill.descent.control.fill	2024	18.0	15.0	18.0	11.0	2.0	automotive	DSR			convertible.side.hill.descent.control	fill
convertible.side.hill.down	2024	18.0	15.0	18.0	11.0	2.0	automotive			convertible.side.hill.down.fill	convertible.side.hill.down	
convertible.side.hill.down.and.gauge.open.with.lines.needle.25percent.and.arrowtriangle	2024.3	18.4	15.4	18.4	11.4	2.4	automotive			convertible.side.hill.down.and.gauge.open.with.lines.needle.25percent.and.arrowtriangle.fill	convertible.side.hill.down.and.gauge.open.with.lines.needle.25percent.and.arrowtriangle	
convertible.side.hill.down.and.gauge.open.with.lines.needle.25percent.and.arrowtriangle.fill	2024.3	18.4	15.4	18.4	11.4	2.4	automotive				convertible.side.hill.down.and.gauge.open.with.lines.needle.25percent.and.arrowtriangle	fill
convertible.side.hill.down.fill	2024	18.0	15.0	18.0	11.0	2.0	automotive				convertible.side.hill.down	fill
convertible.side.hill.up	2024	18.0	15.0	18.0	11.0	2.0	automotive			convertible.side.hill.up.fill	convertible.side.hill.up	
convertible.side.hill.up.fill	2024	18.0	15.0	18.0	11.0	2.0	automotive				convertible.side.hill.up	fill
convertible.side.lock	2024	18.0	15.0	18.0	11.0	2.0	automotive	padlock		convertible.side.lock.fill	convertible.side.lock	
convertible.side.lock.fill	2024	18.0	15.0	18.0	11.0	2.0	automotive	padlock			convertible.side.lock	fill
convertible.side.lock.open	2024	18.0	15.0	18.0	11.0	2.0	automotive	padlock,unlock		convertible.side.lock.open.fill	convertible.side.lock.open	
convertible.side.lock.open.fill	2024	18.0	15.0	18.0	11.0	2.0	automotive	padlock,unlock			convertible.side.lock.open	fill
cooktop	2022	16.0	13.0	16.0	9.0	1.0	home,objectsandtools			cooktop.fill	cooktop	
cooktop.fill	2022	16.0	13.0	16.0	9.0	1.0	home,objectsandtools				cooktop	fill
cpu	2020	14.0	11.0	14.0	7.0	1.0	objectsandtools	chip,cpu,gpu		cpu.fill	cpu	
cpu.fill	2021	15.0	12.0	15.0	8.0	1.0	objectsandtools	chip,cpu,gpu			cpu	fill
creditcard	2019	13.0	10.15	13.0	6.0	1.0	commerce,objectsandtools			creditcard.fill	creditcard	
creditcard.and.numbers	2025	26.0	26.0	26.0	26.0	26.0	commerce				creditcard.and.numbers	
creditcard.arrow.trianglehead.2.clockwise.rotate.90	2025	26.0	26.0	26.0	26.0	26.0	commerce,objectsandtools				creditcard.arrow.trianglehead.2.clockwise.rotate.90	
creditcard.badge.plus	2026	27.0	27.0	27.0	27.0	27.0	commerce,multicolor,objectsandtools,whatsnew			creditcard.badge.plus.fill	creditcard.badge.plus	
creditcard.badge.plus.fill	2026	27.0	27.0	27.0	27.0	27.0	commerce,multicolor,objectsandtools,whatsnew				creditcard.badge.plus	fill
creditcard.circle	2020	14.0	11.0	14.0	7.0	1.0	commerce,objectsandtools,variable			creditcard.circle.fill	creditcard	circle
creditcard.circle.fill	2020	14.0	11.0	14.0	7.0	1.0	commerce,multicolor,objectsandtools				creditcard	circle,fill
creditcard.fill	2019	13.0	10.15	13.0	6.0	1.0	commerce,objectsandtools				creditcard	fill
creditcard.rewards	2025	26.0	26.0	26.0	26.0	26.0	commerce			creditcard.rewards.fill	creditcard.rewards	
creditcard.rewards.fill	2025	26.0	26.0	26.0	26.0	26.0	commerce				creditcard.rewards	fill
creditcard.trianglebadge.exclamationmark	2021	15.0	12.0	15.0	8.0	1.0	commerce,multicolor	warning		creditcard.trianglebadge.exclamationmark.fill	creditcard.trianglebadge.exclamationmark	
creditcard.trianglebadge.exclamationmark.fill	2023	17.0	14.0	17.0	10.0	1.0	commerce,multicolor	commerce			creditcard.trianglebadge.exclamationmark	fill
creditcard.viewfinder	2022	16.0	13.0	16.0	9.0	1.0	objectsandtools				creditcard.viewfinder	
cricket.ball	2022	16.0	13.0	16.0	9.0	1.0	fitness,objectsandtools	sports		cricket.ball.fill	cricket.ball	
cricket.ball.circle	2022	16.0	13.0	16.0	9.0	1.0	fitness,objectsandtools,variable	sports		cricket.ball.circle.fill	cricket.ball	circle
cricket.ball.circle.fill	2022	16.0	13.0	16.0	9.0	1.0	fitness,multicolor,objectsandtools	sports			cricket.ball	circle,fill
cricket.ball.fill	2022	16.0	13.0	16.0	9.0	1.0	fitness,objectsandtools	sports			cricket.ball	fill
crop	2019	13.0	10.15	13.0	6.0	1.0	editing,objectsandtools				crop	
crop.rotate	2019	13.0	10.15	13.0	6.0	1.0	editing,objectsandtools	arrow			crop.rotate	
cross	2020	14.0	11.0	14.0	7.0	1.0	health,multicolor	medical		cross.fill	cross	
cross.case	2020	14.0	11.0	14.0	7.0	1.0	health,objectsandtools	first aid,first aid kit,firstaid,kit,medical		cross.case.fill	cross.case	
cross.case.circle	2022.1	16.1	13.0	16.1	9.1	1.0	health,objectsandtools,variable	first aid,first aid kit,firstaid,kit,medical		cross.case.circle.fill	cross.case	circle
cross.case.circle.fill	2022.1	16.1	13.0	16.1	9.1	1.0	health,multicolor,objectsandtools	first aid,first aid kit,firstaid,kit,medical			cross.case	circle,fill
cross.case.fill	2020	14.0	11.0	14.0	7.0	1.0	health,objectsandtools	first aid,first aid kit,firstaid,kit,medical			cross.case	fill
cross.circle	2020	14.0	11.0	14.0	7.0	1.0	health,multicolor,variable	medical		cross.circle.fill	cross	circle
cross.circle.fill	2020	14.0	11.0	14.0	7.0	1.0	health,multicolor	medical			cross	circle,fill
cross.fill	2020	14.0	11.0	14.0	7.0	1.0	health,multicolor	medical			cross	fill
cross.vial	2021	15.0	12.0	15.0	8.0	1.0	health,multicolor,objectsandtools	medical		cross.vial.fill	cross.vial	
cross.vial.fill	2021	15.0	12.0	15.0	8.0	1.0	health,multicolor,objectsandtools	medical			cross.vial	fill
crown	2020	14.0	11.0	14.0	7.0	1.0	objectsandtools			crown.fill	crown	
crown.fill	2020	14.0	11.0	14.0	7.0	1.0	objectsandtools				crown	fill
cruzeirosign	2022	16.0	13.0	16.0	9.0	1.0	commerce,indices	currencies,currency			cruzeirosign	
cruzeirosign.arrow.trianglehead.counterclockwise.rotate.90	2024	18.0	15.0	18.0	11.0	2.0	arrows,commerce	currencies,currency			cruzeirosign.arrow.trianglehead.counterclockwise.rotate.90	
cruzeirosign.building.classical	2026	27.0	27.0	27.0	27.0	27.0	commerce,objectsandtools	currencies,currency		cruzeirosign.building.classical.fill	cruzeirosign.building.classical	
cruzeirosign.building.classical.fill	2026	27.0	27.0	27.0	27.0	27.0	commerce,multicolor,objectsandtools	currencies,currency			cruzeirosign.building.classical	fill
cruzeirosign.circle	2019	13.0	10.15	13.0	6.0	1.0	commerce,indices,variable	currencies,currency		cruzeirosign.circle.fill	cruzeirosign	circle
cruzeirosign.circle.fill	2019	13.0	10.15	13.0	6.0	1.0	commerce,indices,multicolor	currencies,currency			cruzeirosign	circle,fill
cruzeirosign.gauge.chart.lefthalf.righthalf	2024	18.0	15.0	18.0	11.0	2.0	commerce,home,variable				cruzeirosign.gauge.chart.lefthalf.righthalf	
cruzeirosign.gauge.chart.leftthird.topthird.rightthird	2024	18.0	15.0	18.0	11.0	2.0	commerce,home,variable				cruzeirosign.gauge.chart.leftthird.topthird.rightthird	
cruzeirosign.ring	2024	18.0	15.0	18.0	11.0	2.0	commerce,home				cruzeirosign.ring	
cruzeirosign.ring.dashed	2024	18.0	15.0	18.0	11.0	2.0	commerce,home,variable				cruzeirosign.ring.dashed	
cruzeirosign.square	2019	13.0	10.15	13.0	6.0	1.0	commerce,indices	currencies,currency		cruzeirosign.square.fill	cruzeirosign	square
cruzeirosign.square.fill	2019	13.0	10.15	13.0	6.0	1.0	commerce,indices,multicolor	currencies,currency			cruzeirosign	square,fill
cube	2019	13.0	10.15	13.0	6.0	1.0	objectsandtools			cube.fill	cube	
cube.badge.paintbrush	2026	27.0	27.0	27.0	27.0	27.0	objectsandtools,whatsnew			cube.badge.paintbrush.fill	cube.badge.paintbrush	
cube.badge.paintbrush.fill	2026	27.0	27.0	27.0	27.0	27.0	objectsandtools,whatsnew				cube.badge.paintbrush	fill
cube.circle	2025	26.0	26.0	26.0	26.0	26.0	objectsandtools,variable			cube.circle.fill	cube	circle
cube.circle.fill	2025	26.0	26.0	26.0	26.0	26.0	multicolor,objectsandtools				cube	circle,fill
cube.fill	2019	13.0	10.15	13.0	6.0	1.0	objectsandtools				cube	fill
cube.plane.bottom.right.detached	2026	27.0	27.0	27.0	27.0	27.0	objectsandtools,whatsnew			cube.plane.bottom.right.detached.fill	cube.plane.bottom.right.detached	
cube.plane.bottom.right.detached.fill	2026	27.0	27.0	27.0	27.0	27.0	objectsandtools,whatsnew				cube.plane.bottom.right.detached	fill
cube.transparent	2020	14.0	11.0	14.0	7.0	1.0				cube.transparent.fill	cube.transparent	
cube.transparent.fill	2020	14.0	11.0	14.0	7.0	1.0					cube.transparent	fill
cup.and.heat.waves	2024	18.0	15.0	18.0	11.0	2.0	objectsandtools	coffee,drink,steam,tea		cup.and.heat.waves.fill	cup.and.heat.waves	
cup.and.heat.waves.fill	2024	18.0	15.0	18.0	11.0	2.0	objectsandtools	coffee,drink,steam,tea			cup.and.heat.waves	fill
cup.and.saucer	2021	15.0	12.0	15.0	8.0	1.0	objectsandtools	coffee,drink,tea		cup.and.saucer.fill	cup.and.saucer	
cup.and.saucer.fill	2021	15.0	12.0	15.0	8.0	1.0	objectsandtools	coffee,drink,tea			cup.and.saucer	fill
curlybraces	2020	14.0	11.0	14.0	7.0	1.0					curlybraces	
curlybraces.square	2020	14.0	11.0	14.0	7.0	1.0				curlybraces.square.fill	curlybraces	square
curlybraces.square.fill	2020	14.0	11.0	14.0	7.0	1.0	multicolor				curlybraces	square,fill
curtains.closed	2022	16.0	13.0	16.0	9.0	1.0	home				curtains.closed	
curtains.open	2022	16.0	13.0	16.0	9.0	1.0	home				curtains.open	
cylinder	2020	14.0	11.0	14.0	7.0	1.0				cylinder.fill	cylinder	
cylinder.fill	2020	14.0	11.0	14.0	7.0	1.0					cylinder	fill
cylinder.split.1x2	2020	14.0	11.0	14.0	7.0	1.0				cylinder.split.1x2.fill	cylinder.split.1x2	
cylinder.split.1x2.fill	2020	14.0	11.0	14.0	7.0	1.0					cylinder.split.1x2	fill
d.circle	2019	13.0	10.15	13.0	6.0	1.0	indices,variable			d.circle.fill	d	circle
d.circle.fill	2019	13.0	10.15	13.0	6.0	1.0	indices,multicolor				d	circle,fill
d.square	2019	13.0	10.15	13.0	6.0	1.0	indices			d.square.fill	d	square
d.square.fill	2019	13.0	10.15	13.0	6.0	1.0	indices,multicolor				d	square,fill
danishkronesign	2023	17.0	14.0	17.0	10.0	1.0	commerce,indices	currencies,currency			danishkronesign	
danishkronesign.arrow.trianglehead.counterclockwise.rotate.90	2024	18.0	15.0	18.0	11.0	2.0	arrows,commerce	currencies,currency			danishkronesign.arrow.trianglehead.counterclockwise.rotate.90	
danishkronesign.building.classical	2026	27.0	27.0	27.0	27.0	27.0	commerce,objectsandtools	currencies,currency		danishkronesign.building.classical.fill	danishkronesign.building.classical	
danishkronesign.building.classical.fill	2026	27.0	27.0	27.0	27.0	27.0	commerce,multicolor,objectsandtools	currencies,currency			danishkronesign.building.classical	fill
danishkronesign.circle	2023	17.0	14.0	17.0	10.0	1.0	commerce,indices,variable	currencies,currency		danishkronesign.circle.fill	danishkronesign	circle
danishkronesign.circle.fill	2023	17.0	14.0	17.0	10.0	1.0	commerce,indices,multicolor	currencies,currency			danishkronesign	circle,fill
danishkronesign.gauge.chart.lefthalf.righthalf	2024	18.0	15.0	18.0	11.0	2.0	commerce,home,variable				danishkronesign.gauge.chart.lefthalf.righthalf	
danishkronesign.gauge.chart.leftthird.topthird.rightthird	2024	18.0	15.0	18.0	11.0	2.0	commerce,home,variable				danishkronesign.gauge.chart.leftthird.topthird.rightthird	
danishkronesign.ring	2024	18.0	15.0	18.0	11.0	2.0	commerce,home				danishkronesign.ring	
danishkronesign.ring.dashed	2024	18.0	15.0	18.0	11.0	2.0	commerce,home,variable				danishkronesign.ring.dashed	
danishkronesign.square	2023	17.0	14.0	17.0	10.0	1.0	commerce,indices	currencies,currency		danishkronesign.square.fill	danishkronesign	square
danishkronesign.square.fill	2023	17.0	14.0	17.0	10.0	1.0	commerce,indices,multicolor	currencies,currency			danishkronesign	square,fill
decrease.indent	2019	13.0	10.15	13.0	6.0	1.0	multicolor,textformatting				decrease.indent	
decrease.quotelevel	2019	13.0	10.15	13.0	6.0	1.0	multicolor,textformatting				decrease.quotelevel	
degreesign.celsius	2024	18.0	15.0	18.0	11.0	2.0	weather	weather			degreesign.celsius	
degreesign.fahrenheit	2024	18.0	15.0	18.0	11.0	2.0	weather	weather			degreesign.fahrenheit	
dehumidifier	2022	16.0	13.0	16.0	9.0	1.0	home,objectsandtools			dehumidifier.fill	dehumidifier	
dehumidifier.fill	2022	16.0	13.0	16.0	9.0	1.0	home,objectsandtools				dehumidifier	fill
delete.backward	2021	15.0	12.0	15.0	8.0	1.0	keyboard,multicolor	delete		delete.backward.fill	delete.backward	
delete.backward.fill	2021	15.0	12.0	15.0	8.0	1.0	keyboard,multicolor	delete			delete.backward	fill
delete.forward	2021	15.0	12.0	15.0	8.0	1.0	keyboard,multicolor	delete		delete.forward.fill	delete.forward	
delete.forward.fill	2021	15.0	12.0	15.0	8.0	1.0	keyboard,multicolor	delete			delete.forward	fill
delete.left	2019	13.0	10.15	13.0	6.0	1.0	keyboard,multicolor	delete		delete.left.fill	delete.left	
delete.left.fill	2019	13.0	10.15	13.0	6.0	1.0	keyboard,multicolor	delete			delete.left	fill
delete.right	2019	13.0	10.15	13.0	6.0	1.0	keyboard,multicolor	delete		delete.right.fill	delete.right	
delete.right.fill	2019	13.0	10.15	13.0	6.0	1.0	keyboard,multicolor	delete			delete.right	fill
deskclock	2020	14.0	11.0	14.0	7.0	1.0	objectsandtools,time			deskclock.fill	deskclock	
deskclock.fill	2020	14.0	11.0	14.0	7.0	1.0	objectsandtools,time				deskclock	fill
desktopcomputer	2019	13.0	10.15	13.0	6.0	1.0	devices	imac,mac			desktopcomputer	
desktopcomputer.and.arrow.down	2021	15.0	12.0	15.0	8.0	1.0	devices	imac			desktopcomputer.and.arrow.down	
desktopcomputer.and.macbook	2024	18.0	15.0	18.0	11.0	2.0	devices	imac,mac	This symbol may not be modified and may only be used to refer to Apple’s MacBook.		desktopcomputer.and.macbook	
desktopcomputer.badge.checkmark	2025	26.0	26.0	26.0	26.0	26.0	devices,multicolor	imac			desktopcomputer.badge.checkmark	
desktopcomputer.badge.shield.checkmark	2025	26.0	26.0	26.0	26.0	26.0	devices,multicolor	imac			desktopcomputer.badge.shield.checkmark	
desktopcomputer.trianglebadge.exclamationmark	2021	15.0	12.0	15.0	8.0	1.0	devices,multicolor	imac			desktopcomputer.trianglebadge.exclamationmark	
deskview	2022	16.0	13.0	16.0	9.0	1.0	communication		This symbol may not be modified and may only be used to refer to Apple’s Desk View.	deskview.fill	deskview	
deskview.fill	2022	16.0	13.0	16.0	9.0	1.0	communication		This symbol may not be modified and may only be used to refer to Apple’s Desk View.		deskview	fill
dial.high	2022	16.0	13.0	16.0	9.0	1.0	editing,objectsandtools			dial.high.fill	dial.high	
dial.high.fill	2022	16.0	13.0	16.0	9.0	1.0	editing,objectsandtools				dial.high	fill
dial.low	2022	16.0	13.0	16.0	9.0	1.0	editing,objectsandtools			dial.low.fill	dial.low	
dial.low.fill	2022	16.0	13.0	16.0	9.0	1.0	editing,objectsandtools				dial.low	fill
dial.medium	2022	16.0	13.0	16.0	9.0	1.0	editing,objectsandtools			dial.medium.fill	dial.medium	
dial.medium.fill	2022	16.0	13.0	16.0	9.0	1.0	editing,objectsandtools				dial.medium	fill
diamond	2020	14.0	11.0	14.0	7.0	1.0	shapes			diamond.fill	diamond	
diamond.bottomhalf.filled	2021	15.0	12.0	15.0	8.0	1.0					diamond.bottomhalf.filled	
diamond.circle	2021	15.0	12.0	15.0	8.0	1.0	variable			diamond.circle.fill	diamond	circle
diamond.circle.fill	2021	15.0	12.0	15.0	8.0	1.0	multicolor				diamond	circle,fill
diamond.fill	2020	14.0	11.0	14.0	7.0	1.0	shapes				diamond	fill
diamond.lefthalf.filled	2021	15.0	12.0	15.0	8.0	1.0					diamond.lefthalf.filled	
diamond.righthalf.filled	2021	15.0	12.0	15.0	8.0	1.0					diamond.righthalf.filled	
diamond.tophalf.filled	2021	15.0	12.0	15.0	8.0	1.0					diamond.tophalf.filled	
dice	2021	15.0	12.0	15.0	8.0	1.0	objectsandtools			dice.fill	dice	
dice.fill	2021	15.0	12.0	15.0	8.0	1.0	objectsandtools				dice	fill
die.face.1	2020	14.0	11.0	14.0	7.0	1.0	objectsandtools			die.face.1.fill	die.face.1	
die.face.1.fill	2020	14.0	11.0	14.0	7.0	1.0	multicolor,objectsandtools				die.face.1	fill
die.face.2	2020	14.0	11.0	14.0	7.0	1.0	objectsandtools			die.face.2.fill	die.face.2	
die.face.2.fill	2020	14.0	11.0	14.0	7.0	1.0	multicolor,objectsandtools				die.face.2	fill
die.face.3	2020	14.0	11.0	14.0	7.0	1.0	objectsandtools			die.face.3.fill	die.face.3	
die.face.3.fill	2020	14.0	11.0	14.0	7.0	1.0	multicolor,objectsandtools				die.face.3	fill
die.face.4	2020	14.0	11.0	14.0	7.0	1.0	objectsandtools			die.face.4.fill	die.face.4	
die.face.4.fill	2020	14.0	11.0	14.0	7.0	1.0	multicolor,objectsandtools				die.face.4	fill
die.face.5	2020	14.0	11.0	14.0	7.0	1.0	objectsandtools			die.face.5.fill	die.face.5	
die.face.5.fill	2020	14.0	11.0	14.0	7.0	1.0	multicolor,objectsandtools				die.face.5	fill
die.face.6	2020	14.0	11.0	14.0	7.0	1.0	objectsandtools			die.face.6.fill	die.face.6	
die.face.6.fill	2020	14.0	11.0	14.0	7.0	1.0	multicolor,objectsandtools				die.face.6	fill
digitalcrown	2025.1	26.1	26.1	26.1	26.1	26.1	accessibility,devices		This symbol may not be modified and may only be used to refer to Apple’s Digital Crown.	digitalcrown.fill	digitalcrown	
digitalcrown.arrow.clockwise	2021	15.0	12.0	15.0	8.0	1.0	accessibility,devices		This symbol may not be modified and may only be used to refer to Apple’s Digital Crown.	digitalcrown.arrow.clockwise.fill	digitalcrown.arrow.clockwise	
digitalcrown.arrow.clockwise.fill	2021	15.0	12.0	15.0	8.0	1.0	accessibility,devices		This symbol may not be modified and may only be used to refer to Apple’s Digital Crown.		digitalcrown.arrow.clockwise	fill
digitalcrown.arrow.counterclockwise	2021	15.0	12.0	15.0	8.0	1.0	accessibility,devices		This symbol may not be modified and may only be used to refer to Apple’s Digital Crown.	digitalcrown.arrow.counterclockwise.fill	digitalcrown.arrow.counterclockwise	
digitalcrown.arrow.counterclockwise.fill	2021	15.0	12.0	15.0	8.0	1.0	accessibility,devices		This symbol may not be modified and may only be used to refer to Apple’s Digital Crown.		digitalcrown.arrow.counterclockwise	fill
digitalcrown.fill	2025.1	26.1	26.1	26.1	26.1	26.1	accessibility,devices		This symbol may not be modified and may only be used to refer to Apple’s Digital Crown.		digitalcrown	fill
digitalcrown.horizontal	2025.1	26.1	26.1	26.1	26.1	26.1	accessibility,devices		This symbol may not be modified and may only be used to refer to Apple’s Digital Crown.	digitalcrown.horizontal.fill	digitalcrown.horizontal	
digitalcrown.horizontal.arrow.clockwise	2021	15.0	12.0	15.0	8.0	1.0	devices		This symbol may not be modified and may only be used to refer to Apple’s Digital Crown.	digitalcrown.horizontal.arrow.clockwise.fill	digitalcrown.horizontal.arrow.clockwise	
digitalcrown.horizontal.arrow.clockwise.fill	2021	15.0	12.0	15.0	8.0	1.0	devices		This symbol may not be modified and may only be used to refer to Apple’s Digital Crown.		digitalcrown.horizontal.arrow.clockwise	fill
digitalcrown.horizontal.arrow.counterclockwise	2021	15.0	12.0	15.0	8.0	1.0	devices		This symbol may not be modified and may only be used to refer to Apple’s Digital Crown.	digitalcrown.horizontal.arrow.counterclockwise.fill	digitalcrown.horizontal.arrow.counterclockwise	
digitalcrown.horizontal.arrow.counterclockwise.fill	2021	15.0	12.0	15.0	8.0	1.0	devices		This symbol may not be modified and may only be used to refer to Apple’s Digital Crown.		digitalcrown.horizontal.arrow.counterclockwise	fill
digitalcrown.horizontal.fill	2025.1	26.1	26.1	26.1	26.1	26.1	accessibility,devices		This symbol may not be modified and may only be used to refer to Apple’s Digital Crown.		digitalcrown.horizontal	fill
digitalcrown.horizontal.press	2021	15.0	12.0	15.0	8.0	1.0	devices		This symbol may not be modified and may only be used to refer to Apple’s Digital Crown.	digitalcrown.horizontal.press.fill	digitalcrown.horizontal.press	
digitalcrown.horizontal.press.fill	2021	15.0	12.0	15.0	8.0	1.0	devices		This symbol may not be modified and may only be used to refer to Apple’s Digital Crown.		digitalcrown.horizontal.press	fill
digitalcrown.press	2021	15.0	12.0	15.0	8.0	1.0	accessibility,devices		This symbol may not be modified and may only be used to refer to Apple’s Digital Crown.	digitalcrown.press.fill	digitalcrown.press	
digitalcrown.press.fill	2021	15.0	12.0	15.0	8.0	1.0	accessibility,devices		This symbol may not be modified and may only be used to refer to Apple’s Digital Crown.		digitalcrown.press	fill
directcurrent	2020.1	14.2	11.0	14.2	7.1	1.0					directcurrent	
dishwasher	2022	16.0	13.0	16.0	9.0	1.0	home,objectsandtools			dishwasher.fill	dishwasher	
dishwasher.circle	2023	17.0	14.0	17.0	10.0	1.0	home,objectsandtools,variable			dishwasher.circle.fill	dishwasher	circle
dishwasher.circle.fill	2023	17.0	14.0	17.0	10.0	1.0	home,multicolor,objectsandtools				dishwasher	circle,fill
dishwasher.fill	2022	16.0	13.0	16.0	9.0	1.0	home,objectsandtools				dishwasher	fill
display	2020	14.0	11.0	14.0	7.0	1.0	devices				display	
display.2	2020	14.0	11.0	14.0	7.0	1.0	devices				display.2	
display.and.arrow.down	2021	15.0	12.0	15.0	8.0	1.0	devices				display.and.arrow.down	
display.and.screwdriver	2025	26.0	26.0	26.0	26.0	26.0	devices				display.and.screwdriver	
display.trianglebadge.exclamationmark	2020	14.0	11.0	14.0	7.0	1.0	devices,multicolor	warning			display.trianglebadge.exclamationmark	
distribute.horizontal	2024	18.0	15.0	18.0	11.0	2.0	editing	rectangle,shape		distribute.horizontal.fill	distribute.horizontal	
distribute.horizontal.center	2022	16.0	13.0	16.0	9.0	1.0	editing	rectangle,shape		distribute.horizontal.center.fill	distribute.horizontal.center	
distribute.horizontal.center.fill	2022	16.0	13.0	16.0	9.0	1.0	editing	rectangle,shape			distribute.horizontal.center	fill
distribute.horizontal.fill	2024	18.0	15.0	18.0	11.0	2.0	editing	rectangle,shape			distribute.horizontal	fill
distribute.horizontal.left	2022	16.0	13.0	16.0	9.0	1.0	editing	rectangle,shape		distribute.horizontal.left.fill	distribute.horizontal.left	
distribute.horizontal.left.fill	2022	16.0	13.0	16.0	9.0	1.0	editing	rectangle,shape			distribute.horizontal.left	fill
distribute.horizontal.right	2022	16.0	13.0	16.0	9.0	1.0	editing	rectangle,shape		distribute.horizontal.right.fill	distribute.horizontal.right	
distribute.horizontal.right.fill	2022	16.0	13.0	16.0	9.0	1.0	editing	rectangle,shape			distribute.horizontal.right	fill
distribute.vertical	2024	18.0	15.0	18.0	11.0	2.0	editing	rectangle,shape		distribute.vertical.fill	distribute.vertical	
distribute.vertical.bottom	2022	16.0	13.0	16.0	9.0	1.0	editing	rectangle,shape		distribute.vertical.bottom.fill	distribute.vertical.bottom	
distribute.vertical.bottom.fill	2022	16.0	13.0	16.0	9.0	1.0	editing	rectangle,shape			distribute.vertical.bottom	fill
distribute.vertical.center	2022	16.0	13.0	16.0	9.0	1.0	editing	rectangle,shape		distribute.vertical.center.fill	distribute.vertical.center	
distribute.vertical.center.fill	2022	16.0	13.0	16.0	9.0	1.0	editing	rectangle,shape			distribute.vertical.center	fill
distribute.vertical.fill	2024	18.0	15.0	18.0	11.0	2.0	editing	rectangle,shape			distribute.vertical	fill
distribute.vertical.top	2022	16.0	13.0	16.0	9.0	1.0	editing	rectangle,shape		distribute.vertical.top.fill	distribute.vertical.top	
distribute.vertical.top.fill	2022	16.0	13.0	16.0	9.0	1.0	editing	rectangle,shape			distribute.vertical.top	fill
divide	2019	13.0	10.15	13.0	6.0	1.0	math	/,÷			divide	
divide.circle	2019	13.0	10.15	13.0	6.0	1.0	math,variable	/,÷		divide.circle.fill	divide	circle
divide.circle.fill	2019	13.0	10.15	13.0	6.0	1.0	math,multicolor	/,÷			divide	circle,fill
divide.square	2019	13.0	10.15	13.0	6.0	1.0	math	/,÷		divide.square.fill	divide	square
divide.square.fill	2019	13.0	10.15	13.0	6.0	1.0	math,multicolor	/,÷			divide	square,fill
dock.arrow.down.rectangle	2020	14.0	11.0	14.0	7.0	1.0					dock.arrow.down	rectangle
dock.arrow.up.rectangle	2020	14.0	11.0	14.0	7.0	1.0					dock.arrow.up	rectangle
dock.rectangle	2020	14.0	11.0	14.0	7.0	1.0					dock	rectangle
document	2024	18.0	15.0	18.0	11.0	2.0	objectsandtools	document		document.fill	document	
document.badge.arrow.up	2024	18.0	15.0	18.0	11.0	2.0	multicolor,objectsandtools			document.badge.arrow.up.fill	document.badge.arrow.up	
document.badge.arrow.up.fill	2024	18.0	15.0	18.0	11.0	2.0	multicolor,objectsandtools				document.badge.arrow.up	fill
document.badge.clock	2024	18.0	15.0	18.0	11.0	2.0	multicolor,objectsandtools			document.badge.clock.fill	document.badge.clock	
document.badge.clock.fill	2024	18.0	15.0	18.0	11.0	2.0	multicolor,objectsandtools				document.badge.clock	fill
document.badge.ellipsis	2024	18.0	15.0	18.0	11.0	2.0	multicolor,objectsandtools	action,dot.3,extra,more,overflow,…		document.badge.ellipsis.fill	document.badge.ellipsis	
document.badge.ellipsis.fill	2024	18.0	15.0	18.0	11.0	2.0	multicolor,objectsandtools	action,dot.3,extra,more,overflow,…			document.badge.ellipsis	fill
document.badge.gearshape	2024	18.0	15.0	18.0	11.0	2.0	objectsandtools			document.badge.gearshape.fill	document.badge.gearshape	
document.badge.gearshape.fill	2024	18.0	15.0	18.0	11.0	2.0	objectsandtools				document.badge.gearshape	fill
document.badge.plus	2024	18.0	15.0	18.0	11.0	2.0	multicolor,objectsandtools	+,add,create,new		document.badge.plus.fill	document.badge.plus	
document.badge.plus.fill	2024	18.0	15.0	18.0	11.0	2.0	multicolor,objectsandtools	+,add,create,new			document.badge.plus	fill
document.circle	2024	18.0	15.0	18.0	11.0	2.0	objectsandtools,variable	document		document.circle.fill	document	circle
document.circle.fill	2024	18.0	15.0	18.0	11.0	2.0	multicolor,objectsandtools	document			document	circle,fill
document.fill	2024	18.0	15.0	18.0	11.0	2.0	objectsandtools	document			document	fill
document.on.clipboard	2024	18.0	15.0	18.0	11.0	2.0	objectsandtools	clipboard,paste,pasteboard		document.on.clipboard.fill	document.on.clipboard	
document.on.clipboard.fill	2024	18.0	15.0	18.0	11.0	2.0	objectsandtools	paste			document.on.clipboard	fill
document.on.document	2024	18.0	15.0	18.0	11.0	2.0	objectsandtools	copy		document.on.document.fill	document.on.document	
document.on.document.fill	2024	18.0	15.0	18.0	11.0	2.0	objectsandtools	copy			document.on.document	fill
document.on.trash	2025	26.0	26.0	26.0	26.0	26.0	objectsandtools	copy,delete		document.on.trash.fill	document.on.trash	
document.on.trash.fill	2025	26.0	26.0	26.0	26.0	26.0	objectsandtools	copy,delete			document.on.trash	fill
document.viewfinder	2024	18.0	15.0	18.0	11.0	2.0	objectsandtools	scan document		document.viewfinder.fill	document.viewfinder	
document.viewfinder.fill	2024	18.0	15.0	18.0	11.0	2.0	objectsandtools	scan document			document.viewfinder	fill
dog	2023	17.0	14.0	17.0	10.0	1.0	nature	animals		dog.fill	dog	
dog.circle	2023	17.0	14.0	17.0	10.0	1.0	nature,variable	animals		dog.circle.fill	dog	circle
dog.circle.fill	2023	17.0	14.0	17.0	10.0	1.0	multicolor,nature	animals			dog	circle,fill
dog.fill	2023	17.0	14.0	17.0	10.0	1.0	nature	animals			dog	fill
dollarsign	2022	16.0	13.0	16.0	9.0	1.0	commerce	currencies,currency			dollarsign	
dollarsign.arrow.trianglehead.counterclockwise.rotate.90	2024	18.0	15.0	18.0	11.0	2.0	arrows,commerce	currencies,currency			dollarsign.arrow.trianglehead.counterclockwise.rotate.90	
dollarsign.building.classical	2026	27.0	27.0	27.0	27.0	27.0	commerce,objectsandtools	currencies,currency		dollarsign.building.classical.fill	dollarsign.building.classical	
dollarsign.building.classical.fill	2026	27.0	27.0	27.0	27.0	27.0	commerce,multicolor,objectsandtools	currencies,currency			dollarsign.building.classical	fill
dollarsign.circle	2019	13.0	10.15	13.0	6.0	1.0	commerce,indices,variable	currencies,currency		dollarsign.circle.fill	dollarsign	circle
dollarsign.circle.fill	2019	13.0	10.15	13.0	6.0	1.0	commerce,indices,multicolor	currencies,currency			dollarsign	circle,fill
dollarsign.gauge.chart.lefthalf.righthalf	2024	18.0	15.0	18.0	11.0	2.0	commerce,home,variable				dollarsign.gauge.chart.lefthalf.righthalf	
dollarsign.gauge.chart.leftthird.topthird.rightthird	2024	18.0	15.0	18.0	11.0	2.0	commerce,home,variable				dollarsign.gauge.chart.leftthird.topthird.rightthird	
dollarsign.ring	2024	18.0	15.0	18.0	11.0	2.0	commerce,home				dollarsign.ring	
dollarsign.ring.dashed	2024	18.0	15.0	18.0	11.0	2.0	commerce,home,variable				dollarsign.ring.dashed	
dollarsign.square	2019	13.0	10.15	13.0	6.0	1.0	commerce,indices	currencies,currency		dollarsign.square.fill	dollarsign	square
dollarsign.square.fill	2019	13.0	10.15	13.0	6.0	1.0	commerce,indices,multicolor	currencies,currency			dollarsign	square,fill
dongsign	2022	16.0	13.0	16.0	9.0	1.0	commerce,indices	currencies,currency			dongsign	
dongsign.arrow.trianglehead.counterclockwise.rotate.90	2024	18.0	15.0	18.0	11.0	2.0	arrows,commerce	currencies,currency			dongsign.arrow.trianglehead.counterclockwise.rotate.90	
dongsign.building.classical	2026	27.0	27.0	27.0	27.0	27.0	commerce,objectsandtools	currencies,currency		dongsign.building.classical.fill	dongsign.building.classical	
dongsign.building.classical.fill	2026	27.0	27.0	27.0	27.0	27.0	commerce,multicolor,objectsandtools	currencies,currency			dongsign.building.classical	fill
dongsign.circle	2019	13.0	10.15	13.0	6.0	1.0	commerce,indices,variable	currencies,currency		dongsign.circle.fill	dongsign	circle
dongsign.circle.fill	2019	13.0	10.15	13.0	6.0	1.0	commerce,indices,multicolor	currencies,currency			dongsign	circle,fill
dongsign.gauge.chart.lefthalf.righthalf	2024	18.0	15.0	18.0	11.0	2.0	commerce,home,variable				dongsign.gauge.chart.lefthalf.righthalf	
dongsign.gauge.chart.leftthird.topthird.rightthird	2024	18.0	15.0	18.0	11.0	2.0	commerce,home,variable				dongsign.gauge.chart.leftthird.topthird.rightthird	
dongsign.ring	2024	18.0	15.0	18.0	11.0	2.0	commerce,home				dongsign.ring	
dongsign.ring.dashed	2024	18.0	15.0	18.0	11.0	2.0	commerce,home,variable				dongsign.ring.dashed	
dongsign.square	2019	13.0	10.15	13.0	6.0	1.0	commerce,indices	currencies,currency		dongsign.square.fill	dongsign	square
dongsign.square.fill	2019	13.0	10.15	13.0	6.0	1.0	commerce,indices,multicolor	currencies,currency			dongsign	square,fill
door.french.closed	2022	16.0	13.0	16.0	9.0	1.0	home,objectsandtools				door.french.closed	
door.french.open	2022	16.0	13.0	16.0	9.0	1.0	home,objectsandtools				door.french.open	
door.garage.closed	2022	16.0	13.0	16.0	9.0	1.0	home,objectsandtools				door.garage.closed	
door.garage.closed.trianglebadge.exclamationmark	2022	16.0	13.0	16.0	9.0	1.0	home,multicolor,objectsandtools	!,warning			door.garage.closed.trianglebadge.exclamationmark	
door.garage.double.bay.closed	2022	16.0	13.0	16.0	9.0	1.0	home,objectsandtools				door.garage.double.bay.closed	
door.garage.double.bay.closed.trianglebadge.exclamationmark	2022	16.0	13.0	16.0	9.0	1.0	home,multicolor,objectsandtools	!,warning			door.garage.double.bay.closed.trianglebadge.exclamationmark	
door.garage.double.bay.open	2022	16.0	13.0	16.0	9.0	1.0	home,objectsandtools				door.garage.double.bay.open	
door.garage.double.bay.open.trianglebadge.exclamationmark	2022	16.0	13.0	16.0	9.0	1.0	home,multicolor,objectsandtools	!,warning			door.garage.double.bay.open.trianglebadge.exclamationmark	
door.garage.open	2022	16.0	13.0	16.0	9.0	1.0	home,objectsandtools				door.garage.open	
door.garage.open.trianglebadge.exclamationmark	2022	16.0	13.0	16.0	9.0	1.0	home,multicolor,objectsandtools	!,warning			door.garage.open.trianglebadge.exclamationmark	
door.left.hand.closed	2022	16.0	13.0	16.0	9.0	1.0	home,objectsandtools				door.left.hand.closed	
door.left.hand.open	2022	16.0	13.0	16.0	9.0	1.0	home,objectsandtools				door.left.hand.open	
door.right.hand.closed	2022	16.0	13.0	16.0	9.0	1.0	home,objectsandtools				door.right.hand.closed	
door.right.hand.open	2022	16.0	13.0	16.0	9.0	1.0	home,objectsandtools				door.right.hand.open	
door.sliding.left.hand.closed	2022	16.0	13.0	16.0	9.0	1.0	home,objectsandtools				door.sliding.left.hand.closed	
door.sliding.left.hand.open	2022	16.0	13.0	16.0	9.0	1.0	home,objectsandtools				door.sliding.left.hand.open	
door.sliding.right.hand.closed	2022	16.0	13.0	16.0	9.0	1.0	home,objectsandtools				door.sliding.right.hand.closed	
door.sliding.right.hand.open	2022	16.0	13.0	16.0	9.0	1.0	home,objectsandtools				door.sliding.right.hand.open	
dot.arrowtriangles.up.right.down.left.circle	2020	14.0	11.0	14.0	7.0	1.0	accessibility,variable	zoom			dot.arrowtriangles.up.right.down.left	circle
dot.car.top.radiowaves.2.rear.left.rear.rear.right	2024.1	18.1	15.1	18.1	11.1	2.1	automotive,variable			dot.car.top.radiowaves.2.rear.left.rear.rear.right.fill	dot.car.top.radiowaves.2.rear.left.rear.rear.right	
dot.car.top.radiowaves.2.rear.left.rear.rear.right.fill	2024.1	18.1	15.1	18.1	11.1	2.1	automotive,variable				dot.car.top.radiowaves.2.rear.left.rear.rear.right	fill
dot.circle.and.hand.point.up.left.fill	2021	15.0	12.0	15.0	8.0	1.0	accessibility				dot.circle.and.hand.point.up.left	fill
dot.circle.and.pointer.arrow	2025	26.0	26.0	26.0	26.0	26.0	accessibility	cursor			dot.circle.and.pointer.arrow	
dot.circle.viewfinder	2021	15.0	12.0	15.0	8.0	1.0					dot.circle.viewfinder	
dot.crosshair	2025	26.0	26.0	26.0	26.0	26.0					dot.crosshair	
dot.radiowaves.forward	2020	14.0	11.0	14.0	7.0	1.0	connectivity,variable	right			dot.radiowaves.forward	
dot.radiowaves.left.and.right	2019	13.0	10.15	13.0	6.0	1.0	connectivity,variable	radio,station			dot.radiowaves.left.and.right	
dot.radiowaves.right	2019	13.0	10.15	13.0	6.0	1.0	connectivity,variable				dot.radiowaves.right	
dot.radiowaves.up.forward	2021	15.0	12.0	15.0	8.0	1.0	connectivity,variable				dot.radiowaves.up.forward	
dot.scope	2023	17.0	14.0	17.0	10.0	1.0	cameraandphotos	circle,crosshair,inspect,locate,measure,point,select,target			dot.scope	
dot.scope.display	2023	17.0	14.0	17.0	10.0	1.0	devices				dot.scope.display	
dot.scope.laptopcomputer	2023	17.0	14.0	17.0	10.0	1.0	devices				dot.scope.laptopcomputer	
dot.square	2019	13.0	10.15	13.0	6.0	1.0				dot.square.fill	dot	square
dot.square.fill	2019	13.0	10.15	13.0	6.0	1.0	multicolor				dot	square,fill
dot.squareshape	2020	14.0	11.0	14.0	7.0	1.0				dot.squareshape.fill	dot.squareshape	
dot.squareshape.fill	2020	14.0	11.0	14.0	7.0	1.0	multicolor				dot.squareshape	fill
dot.squareshape.split.2x2	2020	14.0	11.0	14.0	7.0	1.0		grid			dot.squareshape.split.2x2	
dot.viewfinder	2021	15.0	12.0	15.0	8.0	1.0					dot.viewfinder	
dots.and.line.vertical.and.pointer.arrow.rectangle	2025	26.0	26.0	26.0	26.0	26.0		cursor			dots.and.line.vertical.and.pointer.arrow	rectangle
dpad	2020	14.0	11.0	14.0	7.0	1.0	gaming			dpad.fill	dpad	
dpad.down.filled	2021	15.0	12.0	15.0	8.0	1.0	gaming				dpad.down.filled	
dpad.fill	2020	14.0	11.0	14.0	7.0	1.0	gaming				dpad	fill
dpad.left.filled	2021	15.0	12.0	15.0	8.0	1.0	gaming				dpad.left.filled	
dpad.right.filled	2021	15.0	12.0	15.0	8.0	1.0	gaming				dpad.right.filled	
dpad.up.filled	2021	15.0	12.0	15.0	8.0	1.0	gaming				dpad.up.filled	
drone	2024	18.0	15.0	18.0	11.0	2.0	objectsandtools			drone.fill	drone	
drone.fill	2024	18.0	15.0	18.0	11.0	2.0	objectsandtools				drone	fill
drop	2020	14.0	11.0	14.0	7.0	1.0	nature	blood,oil,water		drop.fill	drop	
drop.circle	2021	15.0	12.0	15.0	8.0	1.0	nature,variable	blood,oil,water		drop.circle.fill	drop	circle
drop.circle.fill	2021	15.0	12.0	15.0	8.0	1.0	multicolor,nature	blood,oil,water			drop	circle,fill
drop.degreesign	2022	16.0	13.0	16.0	9.0	1.0	nature	blood,oil,water		drop.degreesign.fill	drop.degreesign	
drop.degreesign.fill	2022	16.0	13.0	16.0	9.0	1.0	nature	blood,oil,water			drop.degreesign	fill
drop.degreesign.slash	2022	16.0	13.0	16.0	9.0	1.0	nature	blood,oil,water		drop.degreesign.slash.fill	drop.degreesign	slash
drop.degreesign.slash.fill	2022	16.0	13.0	16.0	9.0	1.0	nature	blood,oil,water			drop.degreesign	slash,fill
drop.fill	2020	14.0	11.0	14.0	7.0	1.0	nature	blood,oil,water			drop	fill
drop.halffull	2023	17.0	14.0	17.0	10.0	1.0	cameraandphotos	edit,tint			drop.halffull	
drop.keypad.rectangle	2022	16.0	13.0	16.0	9.0	1.0	home,objectsandtools			drop.keypad.rectangle.fill	drop.keypad	rectangle
drop.keypad.rectangle.fill	2022	16.0	13.0	16.0	9.0	1.0	home,objectsandtools				drop.keypad	rectangle,fill
drop.transmission	2023	17.0	14.0	17.0	10.0	1.0	automotive				drop.transmission	
drop.triangle	2019	13.0	10.15	13.0	6.0	1.0	nature	blood,oil,water		drop.triangle.fill	drop.triangle	
drop.triangle.fill	2019	13.0	10.15	13.0	6.0	1.0	multicolor,nature	blood,oil,water			drop.triangle	fill
dryer	2022	16.0	13.0	16.0	9.0	1.0	home,objectsandtools			dryer.fill	dryer	
dryer.circle	2023	17.0	14.0	17.0	10.0	1.0	home,objectsandtools,variable			dryer.circle.fill	dryer	circle
dryer.circle.fill	2023	17.0	14.0	17.0	10.0	1.0	home,multicolor,objectsandtools				dryer	circle,fill
dryer.fill	2022	16.0	13.0	16.0	9.0	1.0	home,objectsandtools				dryer	fill
duffle.bag	2024	18.0	15.0	18.0	11.0	2.0	fitness,objectsandtools	sports		duffle.bag.fill	duffle.bag	
duffle.bag.fill	2024	18.0	15.0	18.0	11.0	2.0	fitness,objectsandtools	sports			duffle.bag	fill
dumbbell	2022	16.0	13.0	16.0	9.0	1.0	fitness,objectsandtools	sports		dumbbell.fill	dumbbell	
dumbbell.fill	2022	16.0	13.0	16.0	9.0	1.0	fitness,objectsandtools	sports			dumbbell	fill
e.circle	2019	13.0	10.15	13.0	6.0	1.0	indices,variable			e.circle.fill	e	circle
e.circle.fill	2019	13.0	10.15	13.0	6.0	1.0	indices,multicolor				e	circle,fill
e.square	2019	13.0	10.15	13.0	6.0	1.0	indices			e.square.fill	e	square
e.square.fill	2019	13.0	10.15	13.0	6.0	1.0	indices,multicolor				e	square,fill
ear	2019	13.0	10.15	13.0	6.0	1.0	accessibility,health,human,multicolor			ear.fill	ear	
ear.badge.checkmark	2020	14.0	11.0	14.0	7.0	1.0	accessibility,health,human,multicolor				ear.badge.checkmark	
ear.badge.waveform	2023	17.0	14.0	17.0	10.0	1.0	accessibility,health,human,variable				ear.badge.waveform	
ear.fill	2020	14.0	11.0	14.0	7.0	1.0	accessibility,health,human,multicolor				ear	fill
ear.trianglebadge.exclamationmark	2020	14.0	11.0	14.0	7.0	1.0	accessibility,health,human,multicolor	warning			ear.trianglebadge.exclamationmark	
earbud.left	2025	26.0	26.0	26.0	26.0	26.0	devices,objectsandtools	audio,sound,speaker			earbud.left	
earbud.right	2025	26.0	26.0	26.0	26.0	26.0	devices,objectsandtools	audio,sound,speaker			earbud.right	
earbuds	2021	15.0	12.0	15.0	8.0	1.0	devices,objectsandtools	audio,sound,speaker			earbuds	
earbuds.bone.conduction	2025	26.0	26.0	26.0	26.0	26.0	devices,objectsandtools	audio,sound,speaker			earbuds.bone.conduction	
earbuds.bone.conduction.left	2025	26.0	26.0	26.0	26.0	26.0	devices,objectsandtools	audio,sound,speaker			earbuds.bone.conduction.left	
earbuds.bone.conduction.right	2025	26.0	26.0	26.0	26.0	26.0	devices,objectsandtools	audio,sound,speaker			earbuds.bone.conduction.right	
earbuds.case	2021	15.0	12.0	15.0	8.0	1.0	devices,objectsandtools	audio,sound,speaker		earbuds.case.fill	earbuds.case	
earbuds.case.fill	2021	15.0	12.0	15.0	8.0	1.0	devices,objectsandtools	audio,sound,speaker			earbuds.case	fill
earbuds.in.ear	2025	26.0	26.0	26.0	26.0	26.0	devices,objectsandtools	audio,sound,speaker			earbuds.in.ear	
earbuds.in.ear.left	2025	26.0	26.0	26.0	26.0	26.0	devices,objectsandtools	audio,sound,speaker			earbuds.in.ear.left	
earbuds.in.ear.right	2025	26.0	26.0	26.0	26.0	26.0	devices,objectsandtools	audio,sound,speaker			earbuds.in.ear.right	
earbuds.stemless	2025	26.0	26.0	26.0	26.0	26.0	devices,objectsandtools	audio,sound,speaker			earbuds.stemless	
earbuds.stemless.left	2025	26.0	26.0	26.0	26.0	26.0	devices,objectsandtools	audio,sound,speaker			earbuds.stemless.left	
earbuds.stemless.right	2025	26.0	26.0	26.0	26.0	26.0	devices,objectsandtools	audio,sound,speaker			earbuds.stemless.right	
earpods	2020	14.0	11.0	14.0	7.0	1.0	devices	audio,sound,speaker	This symbol may not be modified and may only be used to refer to Apple’s EarPods.		earpods	
eject	2019	13.0	10.15	13.0	6.0	1.0	keyboard			eject.fill	eject	
eject.circle	2020	14.0	11.0	14.0	7.0	1.0	keyboard,variable			eject.circle.fill	eject	circle
eject.circle.fill	2020	14.0	11.0	14.0	7.0	1.0	keyboard,multicolor				eject	circle,fill
eject.fill	2019	13.0	10.15	13.0	6.0	1.0	keyboard				eject	fill
electronic.toll.collection	2024.3	18.4	15.4	18.4	11.4	2.4	automotive				electronic.toll.collection	
electronic.toll.collection.rectangle	2024.3	18.4	15.4	18.4	11.4	2.4	automotive			electronic.toll.collection.rectangle.fill	electronic.toll.collection	rectangle
electronic.toll.collection.rectangle.fill	2024.3	18.4	15.4	18.4	11.4	2.4	automotive,multicolor				electronic.toll.collection	rectangle,fill
electronic.toll.collection.rectangle.slash	2024.3	18.4	15.4	18.4	11.4	2.4	automotive			electronic.toll.collection.rectangle.slash.fill	electronic.toll.collection	rectangle,slash
electronic.toll.collection.rectangle.slash.fill	2024.3	18.4	15.4	18.4	11.4	2.4	automotive				electronic.toll.collection	rectangle,slash,fill
electronic.toll.collection.rectangle.trianglebadge.exclamationmark	2024.3	18.4	15.4	18.4	11.4	2.4	automotive,multicolor			electronic.toll.collection.rectangle.trianglebadge.exclamationmark.fill	electronic.toll.collection.rectangle.trianglebadge.exclamationmark	
electronic.toll.collection.rectangle.trianglebadge.exclamationmark.fill	2024.3	18.4	15.4	18.4	11.4	2.4	automotive,multicolor				electronic.toll.collection.rectangle.trianglebadge.exclamationmark	fill
ellipsis	2019	13.0	10.15	13.0	6.0	1.0	variable	action,dot.3,extra,more,overflow,…			ellipsis	
ellipsis.bubble	2020	14.0	11.0	14.0	7.0	1.0	accessibility,communication,variable	action,dot.3,extra,more,overflow,…		ellipsis.bubble.fill	ellipsis.bubble	
ellipsis.bubble.fill	2020	14.0	11.0	14.0	7.0	1.0	accessibility,communication,multicolor,variable	action,dot.3,extra,more,overflow,…			ellipsis.bubble	fill
ellipsis.calendar	2025	26.0	26.0	26.0	26.0	26.0	multicolor,objectsandtools,variable	date			ellipsis.calendar	
ellipsis.circle	2019	13.0	10.15	13.0	6.0	1.0	variable	action,dot.3,extra,more,overflow,…		ellipsis.circle.fill	ellipsis	circle
ellipsis.circle.badge	2025	26.0	26.0	26.0	26.0	26.0	multicolor,variable	more		ellipsis.circle.badge.fill	ellipsis.circle.badge	
ellipsis.circle.badge.fill	2025	26.0	26.0	26.0	26.0	26.0	multicolor,variable	more			ellipsis.circle.badge	fill
ellipsis.circle.fill	2019	13.0	10.15	13.0	6.0	1.0	multicolor,variable	action,dot.3,extra,more,overflow,…			ellipsis	circle,fill
ellipsis.curlybraces	2021	15.0	12.0	15.0	8.0	1.0	variable	action,dot.3,extra,more,overflow,…			ellipsis.curlybraces	
ellipsis.message	2022	16.0	13.0	16.0	9.0	1.0	communication,variable	action,dot.3,extra,more,overflow,…	This symbol may not be modified and may only be used to refer to Apple’s Messages app.	ellipsis.message.fill	ellipsis.message	
ellipsis.message.fill	2022	16.0	13.0	16.0	9.0	1.0	communication,multicolor,variable	action,dot.3,extra,more,overflow,…	This symbol may not be modified and may only be used to refer to Apple’s Messages app.		ellipsis.message	fill
ellipsis.rectangle	2020	14.0	11.0	14.0	7.0	1.0	variable	action,dot.3,extra,more,overflow,password,…		ellipsis.rectangle.fill	ellipsis	rectangle
ellipsis.rectangle.fill	2020	14.0	11.0	14.0	7.0	1.0	multicolor,variable	action,dot.3,extra,more,overflow,password,…			ellipsis	rectangle,fill
ellipsis.vertical.bubble	2021	15.0	12.0	15.0	8.0	1.0	communication,variable	action,dot.3,extra,more,overflow,…		ellipsis.vertical.bubble.fill	ellipsis.vertical.bubble	
ellipsis.vertical.bubble.fill	2021	15.0	12.0	15.0	8.0	1.0	communication,multicolor,variable	action,dot.3,extra,more,overflow,…			ellipsis.vertical.bubble	fill
ellipsis.viewfinder	2022.1	16.1	13.0	16.1	9.1	1.0	variable				ellipsis.viewfinder	
engine.combustion	2022.1	16.1	13.0	16.1	9.1	1.0	automotive			engine.combustion.fill	engine.combustion	
engine.combustion.badge.exclamationmark	2023	17.0	14.0	17.0	10.0	1.0	automotive,multicolor	!,warning		engine.combustion.badge.exclamationmark.fill	engine.combustion.badge.exclamationmark	
engine.combustion.badge.exclamationmark.fill	2023	17.0	14.0	17.0	10.0	1.0	automotive,multicolor	!,warning			engine.combustion.badge.exclamationmark	fill
engine.combustion.fill	2022.1	16.1	13.0	16.1	9.1	1.0	automotive				engine.combustion	fill
engine.emission.and.drop.2.water.wave.below	2024.3	18.4	15.4	18.4	11.4	2.4	automotive				engine.emission.and.drop.2.water.wave.below	
engine.emission.and.exclamationmark	2024	18.0	15.0	18.0	11.0	2.0	automotive				engine.emission.and.exclamationmark	
engine.emission.and.filter	2024	18.0	15.0	18.0	11.0	2.0	automotive				engine.emission.and.filter	
entry.lever.keypad	2022	16.0	13.0	16.0	9.0	1.0	home,objectsandtools			entry.lever.keypad.fill	entry.lever.keypad	
entry.lever.keypad.fill	2022	16.0	13.0	16.0	9.0	1.0	home,objectsandtools				entry.lever.keypad	fill
entry.lever.keypad.trianglebadge.exclamationmark	2022	16.0	13.0	16.0	9.0	1.0	home,multicolor,objectsandtools	!,warning		entry.lever.keypad.trianglebadge.exclamationmark.fill	entry.lever.keypad.trianglebadge.exclamationmark	
entry.lever.keypad.trianglebadge.exclamationmark.fill	2022	16.0	13.0	16.0	9.0	1.0	home,multicolor,objectsandtools	!,warning			entry.lever.keypad.trianglebadge.exclamationmark	fill
envelope	2019	13.0	10.15	13.0	6.0	1.0	communication	address,letter,mail		envelope.fill	envelope	
envelope.and.arrow.3.down	2024.3	18.4	15.4	18.4	11.4	2.4				envelope.and.arrow.3.down.fill	envelope.and.arrow.3.down	
envelope.and.arrow.3.down.fill	2024.3	18.4	15.4	18.4	11.4	2.4					envelope.and.arrow.3.down	fill
envelope.and.arrow.trianglehead.branch	2024	18.0	15.0	18.0	11.0	2.0	communication	address,letter,mail		envelope.and.arrow.trianglehead.branch.fill	envelope.and.arrow.trianglehead.branch	
envelope.and.arrow.trianglehead.branch.fill	2024	18.0	15.0	18.0	11.0	2.0	communication	address,letter,mail			envelope.and.arrow.trianglehead.branch	fill
envelope.and.hand.raised	2025	26.0	26.0	26.0	26.0	26.0	communication,privacyandsecurity	address,letter,mail		envelope.and.hand.raised.fill	envelope.and.hand.raised	
envelope.and.hand.raised.fill	2025	26.0	26.0	26.0	26.0	26.0	communication,privacyandsecurity	address,letter,mail			envelope.and.hand.raised	fill
envelope.badge	2019	13.0	10.15	13.0	6.0	1.0	communication,multicolor	address,letter,mail		envelope.badge.fill	envelope.badge	
envelope.badge.fill	2019	13.0	10.15	13.0	6.0	1.0	communication	address,letter,mail			envelope.badge	fill
envelope.badge.minus	2025	26.0	26.0	26.0	26.0	26.0	communication,multicolor	address,letter,mail		envelope.badge.minus.fill	envelope.badge.minus	
envelope.badge.minus.fill	2025	26.0	26.0	26.0	26.0	26.0	communication,multicolor	address,letter,mail			envelope.badge.minus	fill
envelope.badge.person.crop	2023	17.0	14.0	17.0	10.0	1.0	communication,multicolor	address,letter,mail		envelope.badge.person.crop.fill	envelope.badge.person.crop	
envelope.badge.person.crop.fill	2023	17.0	14.0	17.0	10.0	1.0	communication,multicolor	address,letter,mail			envelope.badge.person.crop	fill
envelope.badge.plus	2025	26.0	26.0	26.0	26.0	26.0	communication,multicolor	address,letter,mail		envelope.badge.plus.fill	envelope.badge.plus	
envelope.badge.plus.fill	2025	26.0	26.0	26.0	26.0	26.0	communication,multicolor	address,letter,mail			envelope.badge.plus	fill
envelope.badge.shield.half.filled	2021	15.0	12.0	15.0	8.0	1.0	communication,privacyandsecurity	address,letter,mail		envelope.badge.shield.half.filled.fill	envelope.badge.shield.half.filled	
envelope.badge.shield.half.filled.fill	2021	15.0	12.0	15.0	8.0	1.0	communication,privacyandsecurity	address,letter,mail			envelope.badge.shield.half.filled	fill
envelope.circle	2019	13.0	10.15	13.0	6.0	1.0	communication,variable	address,letter,mail		envelope.circle.fill	envelope	circle
envelope.circle.fill	2019	13.0	10.15	13.0	6.0	1.0	communication,multicolor	address,letter,mail			envelope	circle,fill
envelope.fill	2019	13.0	10.15	13.0	6.0	1.0	communication	address,letter,mail			envelope	fill
envelope.front	2024	18.0	15.0	18.0	11.0	2.0	communication	address,letter,mail		envelope.front.fill	envelope.front	
envelope.front.fill	2024	18.0	15.0	18.0	11.0	2.0	communication,multicolor	address,letter,mail			envelope.front	fill
envelope.open	2019	13.0	10.15	13.0	6.0	1.0	communication	address,letter,mail		envelope.open.fill	envelope.open	
envelope.open.badge.clock	2022	16.0	13.0	16.0	9.0	1.0	communication,multicolor	address,letter,mail		envelope.open.badge.clock.fill	envelope.open.badge.clock	
envelope.open.badge.clock.fill	2025	26.0	26.0	26.0	26.0	26.0	communication,multicolor	address,letter,mail			envelope.open.badge.clock	fill
envelope.open.fill	2019	13.0	10.15	13.0	6.0	1.0	communication	address,letter,mail			envelope.open	fill
envelope.stack	2024.1	18.1	15.1	18.1	11.1	2.1	communication	address,letter,mail		envelope.stack.fill	envelope.stack	
envelope.stack.fill	2024.1	18.1	15.1	18.1	11.1	2.1	communication	address,letter,mail			envelope.stack	fill
environments	2025	26.0	26.0	26.0	26.0	26.0	nature		This symbol may not be modified and may only be used to refer to Apple’s Environments feature.	environments.fill	environments	
environments.circle	2025	26.0	26.0	26.0	26.0	26.0	nature,variable		This symbol may not be modified and may only be used to refer to Apple’s Environments feature.	environments.circle.fill	environments	circle
environments.circle.fill	2025	26.0	26.0	26.0	26.0	26.0	multicolor,nature		This symbol may not be modified and may only be used to refer to Apple’s Environments feature.		environments	circle,fill
environments.fill	2025	26.0	26.0	26.0	26.0	26.0	nature		This symbol may not be modified and may only be used to refer to Apple’s Environments feature.		environments	fill
environments.slash	2025	26.0	26.0	26.0	26.0	26.0	nature		This symbol may not be modified and may only be used to refer to Apple’s Environments feature.	environments.slash.fill	environments	slash
environments.slash.circle	2025	26.0	26.0	26.0	26.0	26.0	nature,variable		This symbol may not be modified and may only be used to refer to Apple’s Environments feature.	environments.slash.circle.fill	environments	slash,circle
environments.slash.circle.fill	2025	26.0	26.0	26.0	26.0	26.0	multicolor,nature		This symbol may not be modified and may only be used to refer to Apple’s Environments feature.		environments	slash,circle,fill
environments.slash.fill	2025	26.0	26.0	26.0	26.0	26.0	nature		This symbol may not be modified and may only be used to refer to Apple’s Environments feature.		environments	slash,fill
equal	2019	13.0	10.15	13.0	6.0	1.0	math	=			equal	
equal.circle	2019	13.0	10.15	13.0	6.0	1.0	math,variable	=		equal.circle.fill	equal	circle
equal.circle.fill	2019	13.0	10.15	13.0	6.0	1.0	math,multicolor	=			equal	circle,fill
equal.square	2019	13.0	10.15	13.0	6.0	1.0	math	=		equal.square.fill	equal	square
equal.square.fill	2019	13.0	10.15	13.0	6.0	1.0	math,multicolor	=			equal	square,fill
eraser	2022	16.0	13.0	16.0	9.0	1.0	editing,objectsandtools			eraser.fill	eraser	
eraser.badge.xmark	2025	26.0	26.0	26.0	26.0	26.0	multicolor			eraser.badge.xmark.fill	eraser.badge.xmark	
eraser.badge.xmark.fill	2025	26.0	26.0	26.0	26.0	26.0	multicolor				eraser.badge.xmark	fill
eraser.fill	2022	16.0	13.0	16.0	9.0	1.0	editing,objectsandtools				eraser	fill
eraser.line.dashed	2022	16.0	13.0	16.0	9.0	1.0	editing,objectsandtools	erase		eraser.line.dashed.fill	eraser.line.dashed	
eraser.line.dashed.fill	2022	16.0	13.0	16.0	9.0	1.0	editing,objectsandtools	erase			eraser.line.dashed	fill
eraser.slash	2025	26.0	26.0	26.0	26.0	26.0				eraser.slash.fill	eraser	slash
eraser.slash.fill	2025	26.0	26.0	26.0	26.0	26.0					eraser	slash,fill
eraser.trianglebadge.exclamationmark	2025	26.0	26.0	26.0	26.0	26.0	multicolor			eraser.trianglebadge.exclamationmark.fill	eraser.trianglebadge.exclamationmark	
eraser.trianglebadge.exclamationmark.fill	2025	26.0	26.0	26.0	26.0	26.0	multicolor				eraser.trianglebadge.exclamationmark	fill
escape	2019	13.0	10.15	13.0	6.0	1.0	keyboard	arrow			escape	
esim	2020	14.0	11.0	14.0	7.0	1.0	objectsandtools			esim.fill	esim	
esim.fill	2020	14.0	11.0	14.0	7.0	1.0	objectsandtools				esim	fill
eurosign	2022	16.0	13.0	16.0	9.0	1.0	commerce,indices	currencies,currency			eurosign	
eurosign.arrow.trianglehead.counterclockwise.rotate.90	2024	18.0	15.0	18.0	11.0	2.0	arrows,commerce	currencies,currency			eurosign.arrow.trianglehead.counterclockwise.rotate.90	
eurosign.building.classical	2026	27.0	27.0	27.0	27.0	27.0	commerce,objectsandtools	currencies,currency		eurosign.building.classical.fill	eurosign.building.classical	
eurosign.building.classical.fill	2026	27.0	27.0	27.0	27.0	27.0	commerce,multicolor,objectsandtools	currencies,currency			eurosign.building.classical	fill
eurosign.circle	2019	13.0	10.15	13.0	6.0	1.0	commerce,indices,variable	currencies,currency		eurosign.circle.fill	eurosign	circle
eurosign.circle.fill	2019	13.0	10.15	13.0	6.0	1.0	commerce,indices,multicolor	currencies,currency			eurosign	circle,fill
eurosign.gauge.chart.lefthalf.righthalf	2024	18.0	15.0	18.0	11.0	2.0	commerce,home,variable				eurosign.gauge.chart.lefthalf.righthalf	
eurosign.gauge.chart.leftthird.topthird.rightthird	2024	18.0	15.0	18.0	11.0	2.0	commerce,home,variable				eurosign.gauge.chart.leftthird.topthird.rightthird	
eurosign.ring	2024	18.0	15.0	18.0	11.0	2.0	commerce,home				eurosign.ring	
eurosign.ring.dashed	2024	18.0	15.0	18.0	11.0	2.0	commerce,home,variable				eurosign.ring.dashed	
eurosign.square	2019	13.0	10.15	13.0	6.0	1.0	commerce,indices	currencies,currency		eurosign.square.fill	eurosign	square
eurosign.square.fill	2019	13.0	10.15	13.0	6.0	1.0	commerce,indices,multicolor	currencies,currency			eurosign	square,fill
eurozonesign	2023	17.0	14.0	17.0	10.0	1.0	commerce,indices	currencies,currency			eurozonesign	
eurozonesign.arrow.trianglehead.counterclockwise.rotate.90	2024	18.0	15.0	18.0	11.0	2.0	arrows,commerce	currencies,currency			eurozonesign.arrow.trianglehead.counterclockwise.rotate.90	
eurozonesign.building.classical	2026	27.0	27.0	27.0	27.0	27.0	commerce,objectsandtools	currencies,currency		eurozonesign.building.classical.fill	eurozonesign.building.classical	
eurozonesign.building.classical.fill	2026	27.0	27.0	27.0	27.0	27.0	commerce,multicolor,objectsandtools	currencies,currency			eurozonesign.building.classical	fill
eurozonesign.circle	2023	17.0	14.0	17.0	10.0	1.0	commerce,indices,variable	currencies,currency		eurozonesign.circle.fill	eurozonesign	circle
eurozonesign.circle.fill	2023	17.0	14.0	17.0	10.0	1.0	commerce,indices,multicolor	currencies,currency			eurozonesign	circle,fill
eurozonesign.gauge.chart.lefthalf.righthalf	2024	18.0	15.0	18.0	11.0	2.0	commerce,home,variable				eurozonesign.gauge.chart.lefthalf.righthalf	
eurozonesign.gauge.chart.leftthird.topthird.rightthird	2024	18.0	15.0	18.0	11.0	2.0	commerce,home,variable				eurozonesign.gauge.chart.leftthird.topthird.rightthird	
eurozonesign.ring	2024	18.0	15.0	18.0	11.0	2.0	commerce,home				eurozonesign.ring	
eurozonesign.ring.dashed	2024	18.0	15.0	18.0	11.0	2.0	commerce,home,variable				eurozonesign.ring.dashed	
eurozonesign.square	2023	17.0	14.0	17.0	10.0	1.0	commerce,indices	currencies,currency		eurozonesign.square.fill	eurozonesign	square
eurozonesign.square.fill	2023	17.0	14.0	17.0	10.0	1.0	commerce,indices,multicolor	currencies,currency			eurozonesign	square,fill
ev.charger	2023	17.0	14.0	17.0	10.0	1.0	automotive,objectsandtools,transportation			ev.charger.fill	ev.charger	
ev.charger.arrowtriangle.left	2023	17.0	14.0	17.0	10.0	1.0	automotive,objectsandtools,transportation			ev.charger.arrowtriangle.left.fill	ev.charger.arrowtriangle.left	
ev.charger.arrowtriangle.left.fill	2023	17.0	14.0	17.0	10.0	1.0	automotive,objectsandtools,transportation				ev.charger.arrowtriangle.left	fill
ev.charger.arrowtriangle.right	2023	17.0	14.0	17.0	10.0	1.0	automotive,objectsandtools,transportation			ev.charger.arrowtriangle.right.fill	ev.charger.arrowtriangle.right	
ev.charger.arrowtriangle.right.fill	2023	17.0	14.0	17.0	10.0	1.0	automotive,objectsandtools,transportation				ev.charger.arrowtriangle.right	fill
ev.charger.exclamationmark	2023	17.0	14.0	17.0	10.0	1.0	automotive,objectsandtools,transportation			ev.charger.exclamationmark.fill	ev.charger.exclamationmark	
ev.charger.exclamationmark.fill	2023	17.0	14.0	17.0	10.0	1.0	automotive,objectsandtools,transportation				ev.charger.exclamationmark	fill
ev.charger.fill	2023	17.0	14.0	17.0	10.0	1.0	automotive,objectsandtools,transportation				ev.charger	fill
ev.charger.slash	2023	17.0	14.0	17.0	10.0	1.0	automotive,objectsandtools,transportation			ev.charger.slash.fill	ev.charger	slash
ev.charger.slash.fill	2023	17.0	14.0	17.0	10.0	1.0	automotive,objectsandtools,transportation				ev.charger	slash,fill
ev.plug.ac.gb.t	2023	17.0	14.0	17.0	10.0	1.0	automotive,maps,objectsandtools			ev.plug.ac.gb.t.fill	ev.plug.ac.gb.t	
ev.plug.ac.gb.t.fill	2023	17.0	14.0	17.0	10.0	1.0	automotive,maps,objectsandtools				ev.plug.ac.gb.t	fill
ev.plug.ac.type.1	2023	17.0	14.0	17.0	10.0	1.0	automotive,maps,objectsandtools			ev.plug.ac.type.1.fill	ev.plug.ac.type.1	
ev.plug.ac.type.1.fill	2023	17.0	14.0	17.0	10.0	1.0	automotive,maps,objectsandtools				ev.plug.ac.type.1	fill
ev.plug.ac.type.2	2023	17.0	14.0	17.0	10.0	1.0	automotive,maps,objectsandtools			ev.plug.ac.type.2.fill	ev.plug.ac.type.2	
ev.plug.ac.type.2.fill	2023	17.0	14.0	17.0	10.0	1.0	automotive,maps,objectsandtools				ev.plug.ac.type.2	fill
ev.plug.dc.ccs1	2023	17.0	14.0	17.0	10.0	1.0	automotive,maps,objectsandtools			ev.plug.dc.ccs1.fill	ev.plug.dc.ccs1	
ev.plug.dc.ccs1.fill	2023	17.0	14.0	17.0	10.0	1.0	automotive,maps,objectsandtools				ev.plug.dc.ccs1	fill
ev.plug.dc.ccs2	2023	17.0	14.0	17.0	10.0	1.0	automotive,maps,objectsandtools			ev.plug.dc.ccs2.fill	ev.plug.dc.ccs2	
ev.plug.dc.ccs2.fill	2023	17.0	14.0	17.0	10.0	1.0	automotive,maps,objectsandtools				ev.plug.dc.ccs2	fill
ev.plug.dc.chademo	2023	17.0	14.0	17.0	10.0	1.0	automotive,maps,objectsandtools			ev.plug.dc.chademo.fill	ev.plug.dc.chademo	
ev.plug.dc.chademo.fill	2023	17.0	14.0	17.0	10.0	1.0	automotive,maps,objectsandtools				ev.plug.dc.chademo	fill
ev.plug.dc.gb.t	2023	17.0	14.0	17.0	10.0	1.0	automotive,maps,objectsandtools			ev.plug.dc.gb.t.fill	ev.plug.dc.gb.t	
ev.plug.dc.gb.t.fill	2023	17.0	14.0	17.0	10.0	1.0	automotive,maps,objectsandtools				ev.plug.dc.gb.t	fill
ev.plug.dc.nacs	2023	17.0	14.0	17.0	10.0	1.0	automotive,maps,objectsandtools	tesla		ev.plug.dc.nacs.fill	ev.plug.dc.nacs	
ev.plug.dc.nacs.fill	2023	17.0	14.0	17.0	10.0	1.0	automotive,maps,objectsandtools	tesla			ev.plug.dc.nacs	fill
exclamationmark	2019	13.0	10.15	13.0	6.0	1.0	multicolor	!,warning			exclamationmark	
exclamationmark.2	2020	14.0	11.0	14.0	7.0	1.0	multicolor	!,warning			exclamationmark.2	
exclamationmark.3	2020	14.0	11.0	14.0	7.0	1.0	multicolor	!,warning			exclamationmark.3	
exclamationmark.applewatch	2020.1	14.2	11.0	14.2	7.1	1.0	devices	warning	This symbol may not be modified and may only be used to refer to Apple Watch.		exclamationmark.applewatch	
exclamationmark.arrow.trianglehead.2.clockwise.rotate.90	2024	18.0	15.0	18.0	11.0	2.0	arrows	sync,syncing,warning			exclamationmark.arrow.trianglehead.2.clockwise.rotate.90	
exclamationmark.arrow.trianglehead.counterclockwise.rotate.90	2024	18.0	15.0	18.0	11.0	2.0	arrows,time	time,time machine,timemachine,warning			exclamationmark.arrow.trianglehead.counterclockwise.rotate.90	
exclamationmark.brakesignal	2022	16.0	13.0	16.0	9.0	1.0	automotive,multicolor	!,warning			exclamationmark.brakesignal	
exclamationmark.bubble	2019	13.0	10.15	13.0	6.0	1.0	communication,maps,privacyandsecurity	!,report,warning		exclamationmark.bubble.fill	exclamationmark.bubble	
exclamationmark.bubble.circle	2021	15.0	12.0	15.0	8.0	1.0	communication,maps,privacyandsecurity,variable	!,warning		exclamationmark.bubble.circle.fill	exclamationmark.bubble	circle
exclamationmark.bubble.circle.fill	2021	15.0	12.0	15.0	8.0	1.0	communication,maps,multicolor,privacyandsecurity	!,warning			exclamationmark.bubble	circle,fill
exclamationmark.bubble.fill	2019	13.0	10.15	13.0	6.0	1.0	communication,maps,multicolor,privacyandsecurity	!,report,warning			exclamationmark.bubble	fill
exclamationmark.circle	2019	13.0	10.15	13.0	6.0	1.0	indices,multicolor,variable	warning		exclamationmark.circle.fill	exclamationmark	circle
exclamationmark.circle.fill	2019	13.0	10.15	13.0	6.0	1.0	indices,multicolor	warning			exclamationmark	circle,fill
exclamationmark.icloud	2019	13.0	10.15	13.0	6.0	1.0	connectivity	!,warning	This symbol may not be modified and may only be used to refer to Apple’s iCloud service.	exclamationmark.icloud.fill	exclamationmark.icloud	
exclamationmark.icloud.fill	2019	13.0	10.15	13.0	6.0	1.0	connectivity,multicolor	!,warning	This symbol may not be modified and may only be used to refer to Apple’s iCloud service.		exclamationmark.icloud	fill
exclamationmark.lock	2022	16.0	13.0	16.0	9.0	1.0	objectsandtools,privacyandsecurity	!,padlock,password,security,warning		exclamationmark.lock.fill	exclamationmark.lock	
exclamationmark.lock.fill	2022	16.0	13.0	16.0	9.0	1.0	objectsandtools,privacyandsecurity	!,padlock,password,security,warning			exclamationmark.lock	fill
exclamationmark.magnifyingglass	2023	17.0	14.0	17.0	10.0	1.0	objectsandtools	search			exclamationmark.magnifyingglass	
exclamationmark.message	2024.1	18.1	15.1	18.1	11.1	2.1	communication		This symbol may not be modified and may only be used to refer to Apple’s Messages app.	exclamationmark.message.fill	exclamationmark.message	
exclamationmark.message.fill	2024.1	18.1	15.1	18.1	11.1	2.1	communication,multicolor		This symbol may not be modified and may only be used to refer to Apple’s Messages app.		exclamationmark.message	fill
exclamationmark.octagon	2019	13.0	10.15	13.0	6.0	1.0	multicolor	stop,warning		exclamationmark.octagon.fill	exclamationmark.octagon	
exclamationmark.octagon.fill	2019	13.0	10.15	13.0	6.0	1.0	multicolor	stop,warning			exclamationmark.octagon	fill
exclamationmark.questionmark	2022	16.0	13.0	16.0	9.0	1.0		!?			exclamationmark.questionmark	
exclamationmark.shield	2019	13.0	10.15	13.0	6.0	1.0	objectsandtools,privacyandsecurity	!,warning		exclamationmark.shield.fill	exclamationmark.shield	
exclamationmark.shield.fill	2019	13.0	10.15	13.0	6.0	1.0	multicolor,objectsandtools,privacyandsecurity	!,warning			exclamationmark.shield	fill
exclamationmark.square	2019	13.0	10.15	13.0	6.0	1.0	indices,multicolor	warning		exclamationmark.square.fill	exclamationmark	square
exclamationmark.square.fill	2019	13.0	10.15	13.0	6.0	1.0	indices,multicolor	warning			exclamationmark	square,fill
exclamationmark.tirepressure	2023	17.0	14.0	17.0	10.0	1.0	automotive,multicolor	!,pressure,tire,tpms,warning			exclamationmark.tirepressure	
exclamationmark.transmission	2022.1	16.1	13.0	16.1	9.1	1.0	automotive	!,fault,transmission,warning			exclamationmark.transmission	
exclamationmark.triangle	2019	13.0	10.15	13.0	6.0	1.0	automotive,multicolor,privacyandsecurity	warning		exclamationmark.triangle.fill	exclamationmark.triangle	
exclamationmark.triangle.fill	2019	13.0	10.15	13.0	6.0	1.0	automotive,multicolor,privacyandsecurity	warning			exclamationmark.triangle	fill
exclamationmark.triangle.text.page	2024.2	18.2	15.2	18.2	11.2	2.2				exclamationmark.triangle.text.page.fill	exclamationmark.triangle.text.page	
exclamationmark.triangle.text.page.fill	2024.2	18.2	15.2	18.2	11.2	2.2					exclamationmark.triangle.text.page	fill
exclamationmark.viewfinder	2026	27.0	27.0	27.0	27.0	27.0	whatsnew				exclamationmark.viewfinder	
exclamationmark.warninglight	2023	17.0	14.0	17.0	10.0	1.0	automotive,multicolor	!,error,light,warning		exclamationmark.warninglight.fill	exclamationmark.warninglight	
exclamationmark.warninglight.fill	2023	17.0	14.0	17.0	10.0	1.0	automotive,multicolor	!,error,light,warning			exclamationmark.warninglight	fill
externaldrive	2020	14.0	11.0	14.0	7.0	1.0	objectsandtools			externaldrive.fill	externaldrive	
externaldrive.badge.checkmark	2020	14.0	11.0	14.0	7.0	1.0	multicolor,objectsandtools			externaldrive.fill.badge.checkmark	externaldrive.badge.checkmark	
externaldrive.badge.exclamationmark	2022	16.0	13.0	16.0	9.0	1.0	multicolor,objectsandtools	!,warning		externaldrive.fill.badge.exclamationmark	externaldrive.badge.exclamationmark	
externaldrive.badge.icloud	2020	14.0	11.0	14.0	7.0	1.0	multicolor,objectsandtools			externaldrive.fill.badge.icloud	externaldrive.badge.icloud	
externaldrive.badge.minus	2020	14.0	11.0	14.0	7.0	1.0	multicolor,objectsandtools	remove		externaldrive.fill.badge.minus	externaldrive.badge.minus	
externaldrive.badge.person.crop	2020	14.0	11.0	14.0	7.0	1.0	human,multicolor,objectsandtools			externaldrive.fill.badge.person.crop	externaldrive.badge.person.crop	
externaldrive.badge.plus	2020	14.0	11.0	14.0	7.0	1.0	multicolor,objectsandtools	+,add,create,new		externaldrive.fill.badge.plus	externaldrive.badge.plus	
externaldrive.badge.questionmark	2022	16.0	13.0	16.0	9.0	1.0	multicolor,objectsandtools			externaldrive.fill.badge.questionmark	externaldrive.badge.questionmark	
externaldrive.badge.timemachine	2020	14.0	11.0	14.0	7.0	1.0	objectsandtools			externaldrive.fill.badge.timemachine	externaldrive.badge.timemachine	
externaldrive.badge.wifi	2020	14.0	11.0	14.0	7.0	1.0	multicolor,objectsandtools,variable			externaldrive.fill.badge.wifi	externaldrive.badge.wifi	
externaldrive.badge.xmark	2020	14.0	11.0	14.0	7.0	1.0	multicolor,objectsandtools			externaldrive.fill.badge.xmark	externaldrive.badge.xmark	
externaldrive.connected.to.line.below	2020	14.0	11.0	14.0	7.0	1.0	connectivity,objectsandtools			externaldrive.connected.to.line.below.fill	externaldrive.connected.to.line.below	
externaldrive.connected.to.line.below.fill	2020	14.0	11.0	14.0	7.0	1.0	connectivity,objectsandtools				externaldrive.connected.to.line.below	fill
externaldrive.fill	2020	14.0	11.0	14.0	7.0	1.0	objectsandtools				externaldrive	fill
externaldrive.fill.badge.checkmark	2020	14.0	11.0	14.0	7.0	1.0	multicolor,objectsandtools				externaldrive.fill.badge.checkmark	
externaldrive.fill.badge.exclamationmark	2022	16.0	13.0	16.0	9.0	1.0	multicolor,objectsandtools	!,warning			externaldrive.fill.badge.exclamationmark	
externaldrive.fill.badge.icloud	2020	14.0	11.0	14.0	7.0	1.0	multicolor,objectsandtools				externaldrive.fill.badge.icloud	
externaldrive.fill.badge.minus	2020	14.0	11.0	14.0	7.0	1.0	multicolor,objectsandtools	remove			externaldrive.fill.badge.minus	
externaldrive.fill.badge.person.crop	2020	14.0	11.0	14.0	7.0	1.0	human,multicolor,objectsandtools				externaldrive.fill.badge.person.crop	
externaldrive.fill.badge.plus	2020	14.0	11.0	14.0	7.0	1.0	multicolor,objectsandtools	+,add,create,new			externaldrive.fill.badge.plus	
externaldrive.fill.badge.questionmark	2022	16.0	13.0	16.0	9.0	1.0	multicolor,objectsandtools				externaldrive.fill.badge.questionmark	
externaldrive.fill.badge.timemachine	2020	14.0	11.0	14.0	7.0	1.0	objectsandtools				externaldrive.fill.badge.timemachine	
externaldrive.fill.badge.wifi	2020	14.0	11.0	14.0	7.0	1.0	multicolor,objectsandtools,variable				externaldrive.fill.badge.wifi	
externaldrive.fill.badge.xmark	2020	14.0	11.0	14.0	7.0	1.0	multicolor,objectsandtools				externaldrive.fill.badge.xmark	
externaldrive.fill.trianglebadge.exclamationmark	2022	16.0	13.0	16.0	9.0	1.0	multicolor,objectsandtools	!,warning			externaldrive.fill.trianglebadge.exclamationmark	
externaldrive.trianglebadge.exclamationmark	2022	16.0	13.0	16.0	9.0	1.0	multicolor,objectsandtools	!,warning		externaldrive.fill.trianglebadge.exclamationmark	externaldrive.trianglebadge.exclamationmark	
eye	2019	13.0	10.15	13.0	6.0	1.0	accessibility,health,human,privacyandsecurity	quick look,quicklook,show		eye.fill	eye	
eye.circle	2020	14.0	11.0	14.0	7.0	1.0	accessibility,health,human,privacyandsecurity,variable			eye.circle.fill	eye	circle
eye.circle.fill	2020	14.0	11.0	14.0	7.0	1.0	accessibility,health,human,multicolor,privacyandsecurity				eye	circle,fill
eye.fill	2019	13.0	10.15	13.0	6.0	1.0	accessibility,health,human,privacyandsecurity	quick look,quicklook,show			eye	fill
eye.half.closed	2025	26.0	26.0	26.0	26.0	26.0	accessibility,human			eye.half.closed.fill	eye.half.closed	
eye.half.closed.fill	2025	26.0	26.0	26.0	26.0	26.0	accessibility,human				eye.half.closed	fill
eye.slash	2019	13.0	10.15	13.0	6.0	1.0	accessibility,health,human,privacyandsecurity	hidden,hide,remove,remove red eye		eye.slash.fill	eye	slash
eye.slash.circle	2021	15.0	12.0	15.0	8.0	1.0	accessibility,human,privacyandsecurity,variable	hidden,remove		eye.slash.circle.fill	eye	slash,circle
eye.slash.circle.fill	2021	15.0	12.0	15.0	8.0	1.0	accessibility,human,multicolor,privacyandsecurity	hidden,remove			eye	slash,circle,fill
eye.slash.fill	2019	13.0	10.15	13.0	6.0	1.0	accessibility,health,human,privacyandsecurity	hidden,hide,remove,remove red eye			eye	slash,fill
eye.square	2021	15.0	12.0	15.0	8.0	1.0	accessibility,health,human,privacyandsecurity			eye.square.fill	eye	square
eye.square.fill	2021	15.0	12.0	15.0	8.0	1.0	accessibility,health,human,multicolor,privacyandsecurity				eye	square,fill
eye.trianglebadge.exclamationmark	2021	15.0	12.0	15.0	8.0	1.0	accessibility,health,human,multicolor,privacyandsecurity	!,sensitive,warning		eye.trianglebadge.exclamationmark.fill	eye.trianglebadge.exclamationmark	
eye.trianglebadge.exclamationmark.fill	2021	15.0	12.0	15.0	8.0	1.0	accessibility,health,human,multicolor,privacyandsecurity	!,sensitive,warning			eye.trianglebadge.exclamationmark	fill
eyebrow	2020	14.0	11.0	14.0	7.0	1.0	human				eyebrow	
eyedropper	2019	13.0	10.15	13.0	6.0	1.0	editing,objectsandtools				eyedropper	
eyedropper.and.sparkles	2026	27.0	27.0	27.0	27.0	27.0	editing,objectsandtools,whatsnew				eyedropper.and.sparkles	
eyedropper.full	2019	13.0	10.15	13.0	6.0	1.0	editing,objectsandtools				eyedropper.full	
eyedropper.halffull	2019	13.0	10.15	13.0	6.0	1.0	editing,objectsandtools				eyedropper.halffull	
eyeglasses	2019	13.0	10.15	13.0	6.0	1.0	objectsandtools				eyeglasses	
eyeglasses.slash	2023	17.0	14.0	17.0	10.0	1.0	objectsandtools				eyeglasses	slash
eyes	2020	14.0	11.0	14.0	7.0	1.0	human				eyes	
eyes.inverse	2020	14.0	11.0	14.0	7.0	1.0	human				eyes.inverse	
f.circle	2019	13.0	10.15	13.0	6.0	1.0	indices,variable			f.circle.fill	f	circle
f.circle.fill	2019	13.0	10.15	13.0	6.0	1.0	indices,multicolor				f	circle,fill
f.cursive	2019	13.0	10.15	13.0	6.0	1.0	cameraandphotos				f.cursive	
f.cursive.circle	2019	13.0	10.15	13.0	6.0	1.0	cameraandphotos,variable			f.cursive.circle.fill	f.cursive	circle
f.cursive.circle.fill	2019	13.0	10.15	13.0	6.0	1.0	cameraandphotos,multicolor				f.cursive	circle,fill
f.cursive.slash	2025	26.0	26.0	26.0	26.0	26.0	cameraandphotos				f.cursive	slash
f.square	2019	13.0	10.15	13.0	6.0	1.0	indices			f.square.fill	f	square
f.square.fill	2019	13.0	10.15	13.0	6.0	1.0	indices,multicolor				f	square,fill
face.dashed	2020	14.0	11.0	14.0	7.0	1.0	human	smile		face.dashed.fill	face.dashed	
face.dashed.fill	2020	14.0	11.0	14.0	7.0	1.0	human	smile			face.dashed	fill
face.smiling	2020	14.0	11.0	14.0	7.0	1.0	human	friendly,smile			face.smiling	
face.smiling.inverse	2022	16.0	13.0	16.0	9.0	1.0	human,multicolor	friendly,smile			face.smiling.inverse	
faceid	2019	13.0	10.15	13.0	6.0	1.0	multicolor,privacyandsecurity	authentication,security	This symbol may not be modified and may only be used to refer to Apple’s Face ID feature.		faceid	
facemask	2021	15.0	12.0	15.0	8.0	1.0	health,objectsandtools	medical		facemask.fill	facemask	
facemask.fill	2021	15.0	12.0	15.0	8.0	1.0	health,multicolor,objectsandtools	medical			facemask	fill
fan	2023	17.0	14.0	17.0	10.0	1.0	automotive,home,objectsandtools			fan.fill	fan	
fan.and.light.ceiling	2022	16.0	13.0	16.0	9.0	1.0	home,objectsandtools			fan.and.light.ceiling.fill	fan.and.light.ceiling	
fan.and.light.ceiling.fill	2022	16.0	13.0	16.0	9.0	1.0	home,objectsandtools				fan.and.light.ceiling	fill
fan.badge.arrow.up.and.down.and.arrow.left.and.right	2025	26.0	26.0	26.0	26.0	26.0	automotive,objectsandtools			fan.badge.arrow.up.and.down.and.arrow.left.and.right.fill	fan.badge.arrow.up.and.down.and.arrow.left.and.right	
fan.badge.arrow.up.and.down.and.arrow.left.and.right.fill	2025	26.0	26.0	26.0	26.0	26.0	automotive,objectsandtools				fan.badge.arrow.up.and.down.and.arrow.left.and.right	fill
fan.badge.automatic	2023	17.0	14.0	17.0	10.0	1.0	automotive,multicolor,objectsandtools			fan.badge.automatic.fill	fan.badge.automatic	
fan.badge.automatic.fill	2023	17.0	14.0	17.0	10.0	1.0	automotive,multicolor,objectsandtools				fan.badge.automatic	fill
fan.ceiling	2022	16.0	13.0	16.0	9.0	1.0	home,objectsandtools			fan.ceiling.fill	fan.ceiling	
fan.ceiling.fill	2022	16.0	13.0	16.0	9.0	1.0	home,objectsandtools				fan.ceiling	fill
fan.circle	2025	26.0	26.0	26.0	26.0	26.0	automotive,home,objectsandtools,variable			fan.circle.fill	fan	circle
fan.circle.fill	2025	26.0	26.0	26.0	26.0	26.0	automotive,home,multicolor,objectsandtools				fan	circle,fill
fan.desk	2022	16.0	13.0	16.0	9.0	1.0	home,objectsandtools			fan.desk.fill	fan.desk	
fan.desk.fill	2022	16.0	13.0	16.0	9.0	1.0	home,objectsandtools				fan.desk	fill
fan.fill	2023	17.0	14.0	17.0	10.0	1.0	automotive,home,objectsandtools				fan	fill
fan.floor	2022	16.0	13.0	16.0	9.0	1.0	home,objectsandtools			fan.floor.fill	fan.floor	
fan.floor.fill	2022	16.0	13.0	16.0	9.0	1.0	home,objectsandtools				fan.floor	fill
fan.gauge.open	2025	26.0	26.0	26.0	26.0	26.0	variable				fan.gauge.open	
fan.oscillation	2022	16.0	13.0	16.0	9.0	1.0	home,objectsandtools			fan.oscillation.fill	fan.oscillation	
fan.oscillation.fill	2022	16.0	13.0	16.0	9.0	1.0	home,objectsandtools				fan.oscillation	fill
fan.slash	2023	17.0	14.0	17.0	10.0	1.0	automotive,home,objectsandtools			fan.slash.fill	fan	slash
fan.slash.fill	2023	17.0	14.0	17.0	10.0	1.0	automotive,home,objectsandtools				fan	slash,fill
faxmachine	2020	14.0	11.0	14.0	7.0	1.0	devices,objectsandtools			faxmachine.fill	faxmachine	
faxmachine.fill	2022	16.0	13.0	16.0	9.0	1.0	devices,objectsandtools				faxmachine	fill
ferry	2021	15.0	12.0	15.0	8.0	1.0	transportation			ferry.fill	ferry	
ferry.fill	2021	15.0	12.0	15.0	8.0	1.0	transportation				ferry	fill
fibrechannel	2021	15.0	12.0	15.0	8.0	1.0					fibrechannel	
field.of.view.ultrawide	2023	17.0	14.0	17.0	10.0	1.0	communication,multicolor			field.of.view.ultrawide.fill	field.of.view.ultrawide	
field.of.view.ultrawide.fill	2023	17.0	14.0	17.0	10.0	1.0	communication				field.of.view.ultrawide	fill
field.of.view.wide	2023	17.0	14.0	17.0	10.0	1.0	communication,multicolor			field.of.view.wide.fill	field.of.view.wide	
field.of.view.wide.fill	2023	17.0	14.0	17.0	10.0	1.0	communication				field.of.view.wide	fill
figure	2023	17.0	14.0	17.0	10.0	1.0	accessibility,human	human,person			figure	
figure.2	2023	17.0	14.0	17.0	10.0	1.0	accessibility,human	human,person			figure.2	
figure.2.and.child.holdinghands	2022	16.0	13.0	16.0	9.0	1.0	human	adult,child,family,human,kid,parent,person			figure.2.and.child.holdinghands	
figure.2.arms.open	2022	16.0	13.0	16.0	9.0	1.0	human	human,person			figure.2.arms.open	
figure.2.ascending	2026	27.0	27.0	27.0	27.0	27.0	human,variable,whatsnew	adult,child,family,human,kid,parent,person,teen,teenager			figure.2.ascending	
figure.2.circle	2023	17.0	14.0	17.0	10.0	1.0	accessibility,human,variable	human,person		figure.2.circle.fill	figure.2	circle
figure.2.circle.fill	2023	17.0	14.0	17.0	10.0	1.0	accessibility,human,multicolor	human,person			figure.2	circle,fill
figure.2.descending	2026	27.0	27.0	27.0	27.0	27.0	human,variable,whatsnew	adult,child,family,human,kid,parent,person,teen,teenager			figure.2.descending	
figure.2.left.holdinghands	2024	18.0	15.0	18.0	11.0	2.0	human	human,person			figure.2.left.holdinghands	
figure.2.right.holdinghands	2024	18.0	15.0	18.0	11.0	2.0	human	human,person			figure.2.right.holdinghands	
figure.american.football	2022	16.0	13.0	16.0	9.0	1.0	fitness,human	human,person,sports			figure.american.football	
figure.american.football.circle	2024	18.0	15.0	18.0	11.0	2.0	fitness,human,variable	human,person,sports		figure.american.football.circle.fill	figure.american.football	circle
figure.american.football.circle.fill	2024	18.0	15.0	18.0	11.0	2.0	fitness,human,multicolor	human,person,sports			figure.american.football	circle,fill
figure.and.child.holdinghands	2022	16.0	13.0	16.0	9.0	1.0	human,multicolor	adult,child,family,human,kid,parent,person			figure.and.child.holdinghands	
figure.archery	2022	16.0	13.0	16.0	9.0	1.0	fitness,human	human,person,sports			figure.archery	
figure.archery.circle	2024	18.0	15.0	18.0	11.0	2.0	fitness,human,variable	human,person,sports		figure.archery.circle.fill	figure.archery	circle
figure.archery.circle.fill	2024	18.0	15.0	18.0	11.0	2.0	fitness,human,multicolor	human,person,sports			figure.archery	circle,fill
figure.arms.open	2022	16.0	13.0	16.0	9.0	1.0	human	human,person,teen			figure.arms.open	
figure.australian.football	2022	16.0	13.0	16.0	9.0	1.0	fitness,human	human,person,sports			figure.australian.football	
figure.australian.football.circle	2024	18.0	15.0	18.0	11.0	2.0	fitness,human,variable	human,person,sports		figure.australian.football.circle.fill	figure.australian.football	circle
figure.australian.football.circle.fill	2024	18.0	15.0	18.0	11.0	2.0	fitness,human,multicolor	human,person,sports			figure.australian.football	circle,fill
figure.badminton	2022	16.0	13.0	16.0	9.0	1.0	fitness,human	human,person,sports			figure.badminton	
figure.badminton.circle	2024	18.0	15.0	18.0	11.0	2.0	fitness,human,variable	human,person,sports		figure.badminton.circle.fill	figure.badminton	circle
figure.badminton.circle.fill	2024	18.0	15.0	18.0	11.0	2.0	fitness,human,multicolor	human,person,sports			figure.badminton	circle,fill
figure.barre	2022	16.0	13.0	16.0	9.0	1.0	fitness,human	human,person,sports			figure.barre	
figure.barre.circle	2024	18.0	15.0	18.0	11.0	2.0	fitness,human,variable	human,person,sports		figure.barre.circle.fill	figure.barre	circle
figure.barre.circle.fill	2024	18.0	15.0	18.0	11.0	2.0	fitness,human,multicolor	human,person,sports			figure.barre	circle,fill
figure.baseball	2022	16.0	13.0	16.0	9.0	1.0	fitness,human	human,person,sports			figure.baseball	
figure.baseball.circle	2024	18.0	15.0	18.0	11.0	2.0	fitness,human,variable	human,person,sports		figure.baseball.circle.fill	figure.baseball	circle
figure.baseball.circle.fill	2024	18.0	15.0	18.0	11.0	2.0	fitness,human,multicolor	human,person,sports			figure.baseball	circle,fill
figure.basketball	2022	16.0	13.0	16.0	9.0	1.0	fitness,human	human,person,sports			figure.basketball	
figure.basketball.circle	2024	18.0	15.0	18.0	11.0	2.0	fitness,human,variable	human,person,sports		figure.basketball.circle.fill	figure.basketball	circle
figure.basketball.circle.fill	2024	18.0	15.0	18.0	11.0	2.0	fitness,human,multicolor	human,person,sports			figure.basketball	circle,fill
figure.bowling	2022	16.0	13.0	16.0	9.0	1.0	fitness,human	human,person,sports			figure.bowling	
figure.bowling.circle	2024	18.0	15.0	18.0	11.0	2.0	fitness,human,variable	human,person,sports		figure.bowling.circle.fill	figure.bowling	circle
figure.bowling.circle.fill	2024	18.0	15.0	18.0	11.0	2.0	fitness,human,multicolor	human,person,sports			figure.bowling	circle,fill
figure.boxing	2022	16.0	13.0	16.0	9.0	1.0	fitness,human	human,person,sports			figure.boxing	
figure.boxing.circle	2024	18.0	15.0	18.0	11.0	2.0	fitness,human,variable	human,person,sports		figure.boxing.circle.fill	figure.boxing	circle
figure.boxing.circle.fill	2024	18.0	15.0	18.0	11.0	2.0	fitness,human,multicolor	human,person,sports			figure.boxing	circle,fill
figure.child	2023	17.0	14.0	17.0	10.0	1.0	automotive,human	human,person			figure.child	
figure.child.and.lock	2023	17.0	14.0	17.0	10.0	1.0	automotive,human	human,person		figure.child.and.lock.fill	figure.child.and.lock	
figure.child.and.lock.fill	2023	17.0	14.0	17.0	10.0	1.0	automotive,human	human,person			figure.child.and.lock	fill
figure.child.and.lock.open	2023	17.0	14.0	17.0	10.0	1.0	automotive,human	human,person		figure.child.and.lock.open.fill	figure.child.and.lock.open	
figure.child.and.lock.open.fill	2023	17.0	14.0	17.0	10.0	1.0	automotive,human	human,person			figure.child.and.lock.open	fill
figure.child.circle	2023	17.0	14.0	17.0	10.0	1.0	automotive,human,variable	human,person		figure.child.circle.fill	figure.child	circle
figure.child.circle.fill	2023	17.0	14.0	17.0	10.0	1.0	automotive,human,multicolor	human,person			figure.child	circle,fill
figure.child.shield	2026	27.0	27.0	27.0	27.0	27.0	human,whatsnew			figure.child.shield.fill	figure.child.shield	
figure.child.shield.fill	2026	27.0	27.0	27.0	27.0	27.0	human,multicolor,whatsnew				figure.child.shield	fill
figure.climbing	2022	16.0	13.0	16.0	9.0	1.0	fitness,human	human,person,sports			figure.climbing	
figure.climbing.circle	2024	18.0	15.0	18.0	11.0	2.0	fitness,human,variable	human,person,sports		figure.climbing.circle.fill	figure.climbing	circle
figure.climbing.circle.fill	2024	18.0	15.0	18.0	11.0	2.0	fitness,human,multicolor	human,person,sports			figure.climbing	circle,fill
figure.cooldown	2022	16.0	13.0	16.0	9.0	1.0	fitness,human	human,person,sports			figure.cooldown	
figure.cooldown.circle	2024	18.0	15.0	18.0	11.0	2.0	fitness,human,variable	human,person,sports		figure.cooldown.circle.fill	figure.cooldown	circle
figure.cooldown.circle.fill	2024	18.0	15.0	18.0	11.0	2.0	fitness,human,multicolor	human,person,sports			figure.cooldown	circle,fill
figure.core.training	2022	16.0	13.0	16.0	9.0	1.0	fitness,human	human,person,sports			figure.core.training	
figure.core.training.circle	2024	18.0	15.0	18.0	11.0	2.0	fitness,human,variable	human,person,sports		figure.core.training.circle.fill	figure.core.training	circle
figure.core.training.circle.fill	2024	18.0	15.0	18.0	11.0	2.0	fitness,human,multicolor	human,person,sports			figure.core.training	circle,fill
figure.cricket	2022	16.0	13.0	16.0	9.0	1.0	fitness,human	human,person,sports			figure.cricket	
figure.cricket.circle	2024	18.0	15.0	18.0	11.0	2.0	fitness,human,variable	human,person,sports		figure.cricket.circle.fill	figure.cricket	circle
figure.cricket.circle.fill	2024	18.0	15.0	18.0	11.0	2.0	fitness,human,multicolor	human,person,sports			figure.cricket	circle,fill
figure.cross.training	2022	16.0	13.0	16.0	9.0	1.0	fitness,human	human,person,sports			figure.cross.training	
figure.cross.training.circle	2024	18.0	15.0	18.0	11.0	2.0	fitness,human,variable	human,person,sports		figure.cross.training.circle.fill	figure.cross.training	circle
figure.cross.training.circle.fill	2024	18.0	15.0	18.0	11.0	2.0	fitness,human,multicolor	human,person,sports			figure.cross.training	circle,fill
figure.curling	2022	16.0	13.0	16.0	9.0	1.0	fitness,human	human,person,sports			figure.curling	
figure.curling.circle	2024	18.0	15.0	18.0	11.0	2.0	fitness,human,variable	human,person,sports		figure.curling.circle.fill	figure.curling	circle
figure.curling.circle.fill	2024	18.0	15.0	18.0	11.0	2.0	fitness,human,multicolor	human,person,sports			figure.curling	circle,fill
figure.dance	2022	16.0	13.0	16.0	9.0	1.0	fitness,human	human,person,sports			figure.dance	
figure.dance.circle	2024	18.0	15.0	18.0	11.0	2.0	fitness,human,variable	human,person,sports		figure.dance.circle.fill	figure.dance	circle
figure.dance.circle.fill	2024	18.0	15.0	18.0	11.0	2.0	fitness,human,multicolor	human,person,sports			figure.dance	circle,fill
figure.disc.sports	2022	16.0	13.0	16.0	9.0	1.0	fitness,human	human,person,sports			figure.disc.sports	
figure.disc.sports.circle	2024	18.0	15.0	18.0	11.0	2.0	fitness,human,variable	human,person,sports		figure.disc.sports.circle.fill	figure.disc.sports	circle
figure.disc.sports.circle.fill	2024	18.0	15.0	18.0	11.0	2.0	fitness,human,multicolor	human,person,sports			figure.disc.sports	circle,fill
figure.elliptical	2022	16.0	13.0	16.0	9.0	1.0	fitness,human	human,person,sports			figure.elliptical	
figure.elliptical.circle	2024	18.0	15.0	18.0	11.0	2.0	fitness,human,variable	human,person,sports		figure.elliptical.circle.fill	figure.elliptical	circle
figure.elliptical.circle.fill	2024	18.0	15.0	18.0	11.0	2.0	fitness,human,multicolor	human,person,sports			figure.elliptical	circle,fill
figure.equestrian.sports	2022	16.0	13.0	16.0	9.0	1.0	fitness,human	human,person,sports			figure.equestrian.sports	
figure.equestrian.sports.circle	2024	18.0	15.0	18.0	11.0	2.0	fitness,human,variable	human,person,sports		figure.equestrian.sports.circle.fill	figure.equestrian.sports	circle
figure.equestrian.sports.circle.fill	2024	18.0	15.0	18.0	11.0	2.0	fitness,human,multicolor	human,person,sports			figure.equestrian.sports	circle,fill
figure.fall	2022	16.0	13.0	16.0	9.0	1.0	human	human,person			figure.fall	
figure.fall.circle	2022	16.0	13.0	16.0	9.0	1.0	human,variable	human,person		figure.fall.circle.fill	figure.fall	circle
figure.fall.circle.fill	2022	16.0	13.0	16.0	9.0	1.0	human,multicolor	human,person			figure.fall	circle,fill
figure.fencing	2022	16.0	13.0	16.0	9.0	1.0	fitness,human	human,person,sports			figure.fencing	
figure.fencing.circle	2024	18.0	15.0	18.0	11.0	2.0	fitness,human,variable	human,person,sports		figure.fencing.circle.fill	figure.fencing	circle
figure.fencing.circle.fill	2024	18.0	15.0	18.0	11.0	2.0	fitness,human,multicolor	human,person,sports			figure.fencing	circle,fill
figure.field.hockey	2024	18.0	15.0	18.0	11.0	2.0	fitness,human	human,person,sports			figure.field.hockey	
figure.field.hockey.circle	2024	18.0	15.0	18.0	11.0	2.0	fitness,human	human,person,sports		figure.field.hockey.circle.fill	figure.field.hockey	circle
figure.field.hockey.circle.fill	2024	18.0	15.0	18.0	11.0	2.0	fitness,human,multicolor	human,person,sports			figure.field.hockey	circle,fill
figure.fishing	2022	16.0	13.0	16.0	9.0	1.0	fitness,human	human,person,sports			figure.fishing	
figure.fishing.circle	2024	18.0	15.0	18.0	11.0	2.0	fitness,human,variable	human,person,sports		figure.fishing.circle.fill	figure.fishing	circle
figure.fishing.circle.fill	2024	18.0	15.0	18.0	11.0	2.0	fitness,human,multicolor	human,person,sports			figure.fishing	circle,fill
figure.flexibility	2022	16.0	13.0	16.0	9.0	1.0	fitness,human	human,person,sports			figure.flexibility	
figure.flexibility.circle	2024	18.0	15.0	18.0	11.0	2.0	fitness,human,variable	human,person,sports		figure.flexibility.circle.fill	figure.flexibility	circle
figure.flexibility.circle.fill	2024	18.0	15.0	18.0	11.0	2.0	fitness,human,multicolor	human,person,sports			figure.flexibility	circle,fill
figure.golf	2022	16.0	13.0	16.0	9.0	1.0	fitness,human	human,person,sports			figure.golf	
figure.golf.circle	2024	18.0	15.0	18.0	11.0	2.0	fitness,human,variable	human,person,sports		figure.golf.circle.fill	figure.golf	circle
figure.golf.circle.fill	2024	18.0	15.0	18.0	11.0	2.0	fitness,human,multicolor	human,person,sports			figure.golf	circle,fill
figure.gymnastics	2022	16.0	13.0	16.0	9.0	1.0	fitness,human	human,person,sports			figure.gymnastics	
figure.gymnastics.circle	2024	18.0	15.0	18.0	11.0	2.0	fitness,human,variable	human,person,sports		figure.gymnastics.circle.fill	figure.gymnastics	circle
figure.gymnastics.circle.fill	2024	18.0	15.0	18.0	11.0	2.0	fitness,human,multicolor	human,person,sports			figure.gymnastics	circle,fill
figure.hand.cycling	2022	16.0	13.0	16.0	9.0	1.0	fitness,human	human,person,sports			figure.hand.cycling	
figure.hand.cycling.circle	2024	18.0	15.0	18.0	11.0	2.0	fitness,human,variable	human,person,sports		figure.hand.cycling.circle.fill	figure.hand.cycling	circle
figure.hand.cycling.circle.fill	2024	18.0	15.0	18.0	11.0	2.0	fitness,human,multicolor	human,person,sports			figure.hand.cycling	circle,fill
figure.handball	2022	16.0	13.0	16.0	9.0	1.0	fitness,human	human,person,sports			figure.handball	
figure.handball.circle	2024	18.0	15.0	18.0	11.0	2.0	fitness,human,variable	human,person,sports		figure.handball.circle.fill	figure.handball	circle
figure.handball.circle.fill	2024	18.0	15.0	18.0	11.0	2.0	fitness,human,multicolor	human,person,sports			figure.handball	circle,fill
figure.highintensity.intervaltraining	2022	16.0	13.0	16.0	9.0	1.0	fitness,human	hiit,human,person,sports			figure.highintensity.intervaltraining	
figure.highintensity.intervaltraining.circle	2024	18.0	15.0	18.0	11.0	2.0	fitness,human,variable	hiit,human,person,sports		figure.highintensity.intervaltraining.circle.fill	figure.highintensity.intervaltraining	circle
figure.highintensity.intervaltraining.circle.fill	2024	18.0	15.0	18.0	11.0	2.0	fitness,human,multicolor	hiit,human,person,sports			figure.highintensity.intervaltraining	circle,fill
figure.hiking	2022	16.0	13.0	16.0	9.0	1.0	fitness,human	human,person,sports			figure.hiking	
figure.hiking.circle	2024	18.0	15.0	18.0	11.0	2.0	fitness,human,variable	human,person,sports		figure.hiking.circle.fill	figure.hiking	circle
figure.hiking.circle.fill	2024	18.0	15.0	18.0	11.0	2.0	fitness,human,multicolor	human,person,sports			figure.hiking	circle,fill
figure.hockey	2022	16.0	13.0	16.0	9.0	1.0	fitness,human	human,person,sports			figure.hockey	
figure.hockey.circle	2024	18.0	15.0	18.0	11.0	2.0	fitness,human,variable	human,person,sports		figure.hockey.circle.fill	figure.hockey	circle
figure.hockey.circle.fill	2024	18.0	15.0	18.0	11.0	2.0	fitness,human,multicolor	human,person,sports			figure.hockey	circle,fill
figure.hunting	2022	16.0	13.0	16.0	9.0	1.0	fitness,human	human,person,sports			figure.hunting	
figure.hunting.circle	2024	18.0	15.0	18.0	11.0	2.0	fitness,human,variable	human,person,sports		figure.hunting.circle.fill	figure.hunting	circle
figure.hunting.circle.fill	2024	18.0	15.0	18.0	11.0	2.0	fitness,human,multicolor	human,person,sports			figure.hunting	circle,fill
figure.ice.hockey	2024	18.0	15.0	18.0	11.0	2.0	fitness,human	human,person,sports			figure.ice.hockey	
figure.ice.hockey.circle	2024	18.0	15.0	18.0	11.0	2.0	fitness,human	human,person,sports		figure.ice.hockey.circle.fill	figure.ice.hockey	circle
figure.ice.hockey.circle.fill	2024	18.0	15.0	18.0	11.0	2.0	fitness,human,multicolor	human,person,sports			figure.ice.hockey	circle,fill
figure.ice.skating	2024	18.0	15.0	18.0	11.0	2.0	fitness,human	human,person,sports			figure.ice.skating	
figure.ice.skating.circle	2024	18.0	15.0	18.0	11.0	2.0	fitness,human,variable	human,person,sports		figure.ice.skating.circle.fill	figure.ice.skating	circle
figure.ice.skating.circle.fill	2024	18.0	15.0	18.0	11.0	2.0	fitness,human,multicolor	human,person,sports			figure.ice.skating	circle,fill
figure.indoor.cycle	2022	16.0	13.0	16.0	9.0	1.0	fitness,human	human,person,sports			figure.indoor.cycle	
figure.indoor.cycle.circle	2024	18.0	15.0	18.0	11.0	2.0	fitness,human,variable	human,person,sports		figure.indoor.cycle.circle.fill	figure.indoor.cycle	circle
figure.indoor.cycle.circle.fill	2024	18.0	15.0	18.0	11.0	2.0	fitness,human,multicolor	human,person,sports			figure.indoor.cycle	circle,fill
figure.indoor.rowing	2024	18.0	15.0	18.0	11.0	2.0	fitness,human	human,person,sports			figure.indoor.rowing	
figure.indoor.rowing.circle	2024	18.0	15.0	18.0	11.0	2.0	fitness,human,variable	human,person,sports		figure.indoor.rowing.circle.fill	figure.indoor.rowing	circle
figure.indoor.rowing.circle.fill	2024	18.0	15.0	18.0	11.0	2.0	fitness,human,multicolor	human,person,sports			figure.indoor.rowing	circle,fill
figure.indoor.soccer	2024	18.0	15.0	18.0	11.0	2.0	fitness,human	human,person,sports			figure.indoor.soccer	
figure.indoor.soccer.circle	2024	18.0	15.0	18.0	11.0	2.0	fitness,human,variable	human,person,sports		figure.indoor.soccer.circle.fill	figure.indoor.soccer	circle
figure.indoor.soccer.circle.fill	2024	18.0	15.0	18.0	11.0	2.0	fitness,human,multicolor	human,person,sports			figure.indoor.soccer	circle,fill
figure.jumprope	2022	16.0	13.0	16.0	9.0	1.0	fitness,human	human,person,sports			figure.jumprope	
figure.jumprope.circle	2024	18.0	15.0	18.0	11.0	2.0	fitness,human,variable	human,person,sports		figure.jumprope.circle.fill	figure.jumprope	circle
figure.jumprope.circle.fill	2024	18.0	15.0	18.0	11.0	2.0	fitness,human,multicolor	human,person,sports			figure.jumprope	circle,fill
figure.kickboxing	2022	16.0	13.0	16.0	9.0	1.0	fitness,human	human,person,sports			figure.kickboxing	
figure.kickboxing.circle	2024	18.0	15.0	18.0	11.0	2.0	fitness,human,variable	human,person,sports		figure.kickboxing.circle.fill	figure.kickboxing	circle
figure.kickboxing.circle.fill	2024	18.0	15.0	18.0	11.0	2.0	fitness,human,multicolor	human,person,sports			figure.kickboxing	circle,fill
figure.lacrosse	2022	16.0	13.0	16.0	9.0	1.0	fitness,human	human,person,sports			figure.lacrosse	
figure.lacrosse.circle	2024	18.0	15.0	18.0	11.0	2.0	fitness,human,variable	human,person,sports		figure.lacrosse.circle.fill	figure.lacrosse	circle
figure.lacrosse.circle.fill	2024	18.0	15.0	18.0	11.0	2.0	fitness,human,multicolor	human,person,sports			figure.lacrosse	circle,fill
figure.martial.arts	2022	16.0	13.0	16.0	9.0	1.0	fitness,human	human,person,sports			figure.martial.arts	
figure.martial.arts.circle	2024	18.0	15.0	18.0	11.0	2.0	fitness,human,variable	human,person,sports		figure.martial.arts.circle.fill	figure.martial.arts	circle
figure.martial.arts.circle.fill	2024	18.0	15.0	18.0	11.0	2.0	fitness,human,multicolor	human,person,sports			figure.martial.arts	circle,fill
figure.mind.and.body	2022	16.0	13.0	16.0	9.0	1.0	fitness,human	human,person,sports			figure.mind.and.body	
figure.mind.and.body.circle	2024	18.0	15.0	18.0	11.0	2.0	fitness,human,variable	human,person,sports		figure.mind.and.body.circle.fill	figure.mind.and.body	circle
figure.mind.and.body.circle.fill	2024	18.0	15.0	18.0	11.0	2.0	fitness,human,multicolor	human,person,sports			figure.mind.and.body	circle,fill
figure.mixed.cardio	2022	16.0	13.0	16.0	9.0	1.0	fitness,human	human,person,sports			figure.mixed.cardio	
figure.mixed.cardio.circle	2024	18.0	15.0	18.0	11.0	2.0	fitness,human,variable	human,person,sports		figure.mixed.cardio.circle.fill	figure.mixed.cardio	circle
figure.mixed.cardio.circle.fill	2024	18.0	15.0	18.0	11.0	2.0	fitness,human,multicolor	human,person,sports			figure.mixed.cardio	circle,fill
figure.open.water.swim	2022	16.0	13.0	16.0	9.0	1.0	fitness,human	human,person,sports,water			figure.open.water.swim	
figure.open.water.swim.circle	2024	18.0	15.0	18.0	11.0	2.0	fitness,human,variable	human,person,sports,water		figure.open.water.swim.circle.fill	figure.open.water.swim	circle
figure.open.water.swim.circle.fill	2024	18.0	15.0	18.0	11.0	2.0	fitness,human,multicolor	human,person,sports,water			figure.open.water.swim	circle,fill
figure.outdoor.cycle	2022	16.0	13.0	16.0	9.0	1.0	fitness,human	bicycle,human,person,sports			figure.outdoor.cycle	
figure.outdoor.cycle.circle	2024	18.0	15.0	18.0	11.0	2.0	fitness,human,variable	bicycle,human,person,sports		figure.outdoor.cycle.circle.fill	figure.outdoor.cycle	circle
figure.outdoor.cycle.circle.fill	2024	18.0	15.0	18.0	11.0	2.0	fitness,human,multicolor	bicycle,human,person,sports			figure.outdoor.cycle	circle,fill
figure.outdoor.rowing	2024	18.0	15.0	18.0	11.0	2.0	fitness,human	human,person,sports			figure.outdoor.rowing	
figure.outdoor.rowing.circle	2024	18.0	15.0	18.0	11.0	2.0	fitness,human,variable	human,person,sports		figure.outdoor.rowing.circle.fill	figure.outdoor.rowing	circle
figure.outdoor.rowing.circle.fill	2024	18.0	15.0	18.0	11.0	2.0	fitness,human,multicolor	human,person,sports			figure.outdoor.rowing	circle,fill
figure.outdoor.soccer	2024	18.0	15.0	18.0	11.0	2.0	fitness,human	human,person,sports			figure.outdoor.soccer	
figure.outdoor.soccer.circle	2024	18.0	15.0	18.0	11.0	2.0	fitness,human,variable	human,person,sports		figure.outdoor.soccer.circle.fill	figure.outdoor.soccer	circle
figure.outdoor.soccer.circle.fill	2024	18.0	15.0	18.0	11.0	2.0	fitness,human,multicolor	human,person,sports			figure.outdoor.soccer	circle,fill
figure.pickleball	2022	16.0	13.0	16.0	9.0	1.0	fitness,human	human,person,sports			figure.pickleball	
figure.pickleball.circle	2024	18.0	15.0	18.0	11.0	2.0	fitness,human,variable	human,person,sports		figure.pickleball.circle.fill	figure.pickleball	circle
figure.pickleball.circle.fill	2024	18.0	15.0	18.0	11.0	2.0	fitness,human,multicolor	human,person,sports			figure.pickleball	circle,fill
figure.pilates	2022	16.0	13.0	16.0	9.0	1.0	fitness,human	human,person,sports			figure.pilates	
figure.pilates.circle	2024	18.0	15.0	18.0	11.0	2.0	fitness,human,variable	human,person,sports		figure.pilates.circle.fill	figure.pilates	circle
figure.pilates.circle.fill	2024	18.0	15.0	18.0	11.0	2.0	fitness,human,multicolor	human,person,sports			figure.pilates	circle,fill
figure.play	2022	16.0	13.0	16.0	9.0	1.0	fitness,human	human,person,sports			figure.play	
figure.play.circle	2024	18.0	15.0	18.0	11.0	2.0	fitness,human,variable	human,person,sports		figure.play.circle.fill	figure.play	circle
figure.play.circle.fill	2024	18.0	15.0	18.0	11.0	2.0	fitness,human,multicolor	human,person,sports			figure.play	circle,fill
figure.pool.swim	2022	16.0	13.0	16.0	9.0	1.0	fitness,human	human,person,sports,water			figure.pool.swim	
figure.pool.swim.circle	2024	18.0	15.0	18.0	11.0	2.0	fitness,human,variable	human,person,sports,water		figure.pool.swim.circle.fill	figure.pool.swim	circle
figure.pool.swim.circle.fill	2024	18.0	15.0	18.0	11.0	2.0	fitness,human,multicolor	human,person,sports,water			figure.pool.swim	circle,fill
figure.racquetball	2022	16.0	13.0	16.0	9.0	1.0	fitness,human	human,person,sports			figure.racquetball	
figure.racquetball.circle	2024	18.0	15.0	18.0	11.0	2.0	fitness,human,variable	human,person,sports		figure.racquetball.circle.fill	figure.racquetball	circle
figure.racquetball.circle.fill	2024	18.0	15.0	18.0	11.0	2.0	fitness,human,multicolor	human,person,sports			figure.racquetball	circle,fill
figure.roll	2021	15.0	12.0	15.0	8.0	1.0	accessibility,fitness,human	human,person,sports,wheelchair			figure.roll	
figure.roll.circle	2024	18.0	15.0	18.0	11.0	2.0	accessibility,fitness,human,variable	human,person,sports,wheelchair		figure.roll.circle.fill	figure.roll	circle
figure.roll.circle.fill	2024	18.0	15.0	18.0	11.0	2.0	accessibility,fitness,human,multicolor	human,person,sports,wheelchair			figure.roll	circle,fill
figure.roll.runningpace	2022	16.0	13.0	16.0	9.0	1.0	accessibility,fitness,human	human,person,sports,wheelchair			figure.roll.runningpace	
figure.roll.runningpace.circle	2024	18.0	15.0	18.0	11.0	2.0	accessibility,fitness,human,variable	human,person,sports,wheelchair		figure.roll.runningpace.circle.fill	figure.roll.runningpace	circle
figure.roll.runningpace.circle.fill	2024	18.0	15.0	18.0	11.0	2.0	accessibility,fitness,human,multicolor	human,person,sports,wheelchair			figure.roll.runningpace	circle,fill
figure.rolling	2022	16.0	13.0	16.0	9.0	1.0	fitness,human	human,person,sports			figure.rolling	
figure.rolling.circle	2024	18.0	15.0	18.0	11.0	2.0	fitness,human,variable	human,person,sports		figure.rolling.circle.fill	figure.rolling	circle
figure.rolling.circle.fill	2024	18.0	15.0	18.0	11.0	2.0	fitness,human,multicolor	human,person,sports			figure.rolling	circle,fill
figure.rugby	2022	16.0	13.0	16.0	9.0	1.0	fitness,human	human,person,sports			figure.rugby	
figure.rugby.circle	2024	18.0	15.0	18.0	11.0	2.0	fitness,human,variable	human,person,sports		figure.rugby.circle.fill	figure.rugby	circle
figure.rugby.circle.fill	2024	18.0	15.0	18.0	11.0	2.0	fitness,human,multicolor	human,person,sports			figure.rugby	circle,fill
figure.run	2022	16.0	13.0	16.0	9.0	1.0	fitness,human	human,outdoor run,person,running,sports			figure.run	
figure.run.circle	2022	16.0	13.0	16.0	9.0	1.0	fitness,human,variable	human,outdoor run,person,running,sports		figure.run.circle.fill	figure.run	circle
figure.run.circle.fill	2022	16.0	13.0	16.0	9.0	1.0	fitness,human,multicolor	human,outdoor run,person,running,sports			figure.run	circle,fill
figure.run.square.stack	2022.1	16.1	13.0	16.1	9.1	1.0	fitness,human	human,outdoor run,person,running,sports		figure.run.square.stack.fill	figure.run.square.stack	
figure.run.square.stack.fill	2022.1	16.1	13.0	16.1	9.1	1.0	fitness,human,multicolor	human,outdoor run,person,running,sports			figure.run.square.stack	fill
figure.run.treadmill	2024	18.0	15.0	18.0	11.0	2.0	fitness,human	human,indoor run,person,running,sports			figure.run.treadmill	
figure.run.treadmill.circle	2024	18.0	15.0	18.0	11.0	2.0	fitness,human,variable	human,indoor run,person,running,sports		figure.run.treadmill.circle.fill	figure.run.treadmill	circle
figure.run.treadmill.circle.fill	2024	18.0	15.0	18.0	11.0	2.0	fitness,human,multicolor	human,indoor run,person,running,sports			figure.run.treadmill	circle,fill
figure.sailing	2022	16.0	13.0	16.0	9.0	1.0	fitness,human	human,person,sports			figure.sailing	
figure.sailing.circle	2024	18.0	15.0	18.0	11.0	2.0	fitness,human,variable	human,person,sports		figure.sailing.circle.fill	figure.sailing	circle
figure.sailing.circle.fill	2024	18.0	15.0	18.0	11.0	2.0	fitness,human,multicolor	human,person,sports			figure.sailing	circle,fill
figure.seated.seatbelt	2022.1	16.1	13.0	16.1	9.1	1.0	automotive,human,multicolor	human,person			figure.seated.seatbelt	
figure.seated.seatbelt.and.airbag.off	2022.1	16.1	13.0	16.1	9.1	1.0	automotive,human,multicolor	human,person			figure.seated.seatbelt.and.airbag.off	
figure.seated.seatbelt.and.airbag.on	2022.1	16.1	13.0	16.1	9.1	1.0	automotive,human,multicolor	human,person			figure.seated.seatbelt.and.airbag.on	
figure.seated.seatbelt.left.drive.seats.1	2024	18.0	15.0	18.0	11.0	2.0	automotive,human	human,person		figure.seated.seatbelt.left.drive.seats.1.fill	figure.seated.seatbelt.left.drive.seats.1	
figure.seated.seatbelt.left.drive.seats.1.1	2024	18.0	15.0	18.0	11.0	2.0	automotive,human	human,person		figure.seated.seatbelt.left.drive.seats.1.1.fill	figure.seated.seatbelt.left.drive.seats.1.1	
figure.seated.seatbelt.left.drive.seats.1.1.fill	2024	18.0	15.0	18.0	11.0	2.0	automotive,human	human,person			figure.seated.seatbelt.left.drive.seats.1.1	fill
figure.seated.seatbelt.left.drive.seats.1.2	2024	18.0	15.0	18.0	11.0	2.0	automotive,human	human,person		figure.seated.seatbelt.left.drive.seats.1.2.fill	figure.seated.seatbelt.left.drive.seats.1.2	
figure.seated.seatbelt.left.drive.seats.1.2.fill	2024	18.0	15.0	18.0	11.0	2.0	automotive,human	human,person			figure.seated.seatbelt.left.drive.seats.1.2	fill
figure.seated.seatbelt.left.drive.seats.1.fill	2024	18.0	15.0	18.0	11.0	2.0	automotive,human	human,person			figure.seated.seatbelt.left.drive.seats.1	fill
figure.seated.seatbelt.left.drive.seats.2	2024	18.0	15.0	18.0	11.0	2.0	automotive,human	human,person		figure.seated.seatbelt.left.drive.seats.2.fill	figure.seated.seatbelt.left.drive.seats.2	
figure.seated.seatbelt.left.drive.seats.2.2	2024	18.0	15.0	18.0	11.0	2.0	automotive,human	human,person		figure.seated.seatbelt.left.drive.seats.2.2.fill	figure.seated.seatbelt.left.drive.seats.2.2	
figure.seated.seatbelt.left.drive.seats.2.2.2	2024	18.0	15.0	18.0	11.0	2.0	automotive,human	human,person		figure.seated.seatbelt.left.drive.seats.2.2.2.fill	figure.seated.seatbelt.left.drive.seats.2.2.2	
figure.seated.seatbelt.left.drive.seats.2.2.2.fill	2024	18.0	15.0	18.0	11.0	2.0	automotive,human	human,person			figure.seated.seatbelt.left.drive.seats.2.2.2	fill
figure.seated.seatbelt.left.drive.seats.2.2.3	2024	18.0	15.0	18.0	11.0	2.0	automotive,human	human,person		figure.seated.seatbelt.left.drive.seats.2.2.3.fill	figure.seated.seatbelt.left.drive.seats.2.2.3	
figure.seated.seatbelt.left.drive.seats.2.2.3.fill	2024	18.0	15.0	18.0	11.0	2.0	automotive,human	human,person			figure.seated.seatbelt.left.drive.seats.2.2.3	fill
figure.seated.seatbelt.left.drive.seats.2.2.fill	2024	18.0	15.0	18.0	11.0	2.0	automotive,human	human,person			figure.seated.seatbelt.left.drive.seats.2.2	fill
figure.seated.seatbelt.left.drive.seats.2.3	2024	18.0	15.0	18.0	11.0	2.0	automotive,human	human,person		figure.seated.seatbelt.left.drive.seats.2.3.fill	figure.seated.seatbelt.left.drive.seats.2.3	
figure.seated.seatbelt.left.drive.seats.2.3.2	2024	18.0	15.0	18.0	11.0	2.0	automotive,human	human,person		figure.seated.seatbelt.left.drive.seats.2.3.2.fill	figure.seated.seatbelt.left.drive.seats.2.3.2	
figure.seated.seatbelt.left.drive.seats.2.3.2.fill	2024	18.0	15.0	18.0	11.0	2.0	automotive,human	human,person			figure.seated.seatbelt.left.drive.seats.2.3.2	fill
figure.seated.seatbelt.left.drive.seats.2.3.3	2024	18.0	15.0	18.0	11.0	2.0	automotive,human	human,person		figure.seated.seatbelt.left.drive.seats.2.3.3.fill	figure.seated.seatbelt.left.drive.seats.2.3.3	
figure.seated.seatbelt.left.drive.seats.2.3.3.fill	2024	18.0	15.0	18.0	11.0	2.0	automotive,human	human,person			figure.seated.seatbelt.left.drive.seats.2.3.3	fill
figure.seated.seatbelt.left.drive.seats.2.3.fill	2024	18.0	15.0	18.0	11.0	2.0	automotive,human	human,person			figure.seated.seatbelt.left.drive.seats.2.3	fill
figure.seated.seatbelt.left.drive.seats.2.fill	2024	18.0	15.0	18.0	11.0	2.0	automotive,human	human,person			figure.seated.seatbelt.left.drive.seats.2	fill
figure.seated.seatbelt.left.drive.seats.3	2024	18.0	15.0	18.0	11.0	2.0	automotive,human	human,person		figure.seated.seatbelt.left.drive.seats.3.fill	figure.seated.seatbelt.left.drive.seats.3	
figure.seated.seatbelt.left.drive.seats.3.3	2024	18.0	15.0	18.0	11.0	2.0	automotive,human	human,person		figure.seated.seatbelt.left.drive.seats.3.3.fill	figure.seated.seatbelt.left.drive.seats.3.3	
figure.seated.seatbelt.left.drive.seats.3.3.3	2024	18.0	15.0	18.0	11.0	2.0	automotive,human	human,person		figure.seated.seatbelt.left.drive.seats.3.3.3.fill	figure.seated.seatbelt.left.drive.seats.3.3.3	
figure.seated.seatbelt.left.drive.seats.3.3.3.fill	2024	18.0	15.0	18.0	11.0	2.0	automotive,human	human,person			figure.seated.seatbelt.left.drive.seats.3.3.3	fill
figure.seated.seatbelt.left.drive.seats.3.3.fill	2024	18.0	15.0	18.0	11.0	2.0	automotive,human	human,person			figure.seated.seatbelt.left.drive.seats.3.3	fill
figure.seated.seatbelt.left.drive.seats.3.fill	2024	18.0	15.0	18.0	11.0	2.0	automotive,human	human,person			figure.seated.seatbelt.left.drive.seats.3	fill
figure.seated.side.left	2024	18.0	15.0	18.0	11.0	2.0	automotive,human	human,person			figure.seated.side.left	
figure.seated.side.left.air.distribution.indirect	2025	26.0	26.0	26.0	26.0	26.0	automotive,human	arrow,human,person			figure.seated.side.left.air.distribution.indirect	
figure.seated.side.left.air.distribution.lower	2024	18.0	15.0	18.0	11.0	2.0	automotive,human	arrow,human,person			figure.seated.side.left.air.distribution.lower	
figure.seated.side.left.air.distribution.lower.angled.and.upper.angled	2025	26.0	26.0	26.0	26.0	26.0	automotive,human	arrow,human,person			figure.seated.side.left.air.distribution.lower.angled.and.upper.angled	
figure.seated.side.left.air.distribution.middle	2024	18.0	15.0	18.0	11.0	2.0	automotive,human	arrow,human,person			figure.seated.side.left.air.distribution.middle	
figure.seated.side.left.air.distribution.middle.and.lower	2024	18.0	15.0	18.0	11.0	2.0	automotive,human	arrow,human,person			figure.seated.side.left.air.distribution.middle.and.lower	
figure.seated.side.left.air.distribution.middle.and.lower.angled	2024	18.0	15.0	18.0	11.0	2.0	automotive,human	arrow,human,person			figure.seated.side.left.air.distribution.middle.and.lower.angled	
figure.seated.side.left.air.distribution.upper	2024	18.0	15.0	18.0	11.0	2.0	automotive,human	arrow,human,person			figure.seated.side.left.air.distribution.upper	
figure.seated.side.left.air.distribution.upper.and.middle.and.lower	2024.2	18.2	15.2	18.2	11.2	2.2	automotive,human	arrow,human,person			figure.seated.side.left.air.distribution.upper.and.middle.and.lower	
figure.seated.side.left.air.distribution.upper.angled.and.dottedline.and.lower.angled	2025	26.0	26.0	26.0	26.0	26.0	automotive,human	arrow,human,person			figure.seated.side.left.air.distribution.upper.angled.and.dottedline.and.lower.angled	
figure.seated.side.left.air.distribution.upper.angled.and.lower.angled	2024	18.0	15.0	18.0	11.0	2.0	automotive,human	arrow,human,person			figure.seated.side.left.air.distribution.upper.angled.and.lower.angled	
figure.seated.side.left.air.distribution.upper.angled.and.middle	2024	18.0	15.0	18.0	11.0	2.0	automotive,human	arrow,human,person			figure.seated.side.left.air.distribution.upper.angled.and.middle	
figure.seated.side.left.air.distribution.upper.angled.and.middle.and.lower.angled	2024	18.0	15.0	18.0	11.0	2.0	automotive,human	arrow,human,person			figure.seated.side.left.air.distribution.upper.angled.and.middle.and.lower.angled	
figure.seated.side.left.airbag.off	2024	18.0	15.0	18.0	11.0	2.0	automotive,human,multicolor	human,person			figure.seated.side.left.airbag.off	
figure.seated.side.left.airbag.off.2	2024	18.0	15.0	18.0	11.0	2.0	automotive,human,multicolor	human,person			figure.seated.side.left.airbag.off.2	
figure.seated.side.left.airbag.on	2024	18.0	15.0	18.0	11.0	2.0	automotive,human,multicolor	human,person			figure.seated.side.left.airbag.on	
figure.seated.side.left.airbag.on.2	2024	18.0	15.0	18.0	11.0	2.0	automotive,human,multicolor	human,person			figure.seated.side.left.airbag.on.2	
figure.seated.side.left.automatic	2024	18.0	15.0	18.0	11.0	2.0	automotive,human	human,person			figure.seated.side.left.automatic	
figure.seated.side.left.fan	2024	18.0	15.0	18.0	11.0	2.0	automotive,human	human,person			figure.seated.side.left.fan	
figure.seated.side.left.steeringwheel	2024	18.0	15.0	18.0	11.0	2.0	automotive,human	human,person			figure.seated.side.left.steeringwheel	
figure.seated.side.left.windshield.front.and.heat.waves	2024	18.0	15.0	18.0	11.0	2.0	automotive,human	human,person			figure.seated.side.left.windshield.front.and.heat.waves	
figure.seated.side.left.windshield.front.and.heat.waves.air.distribution.lower	2024	18.0	15.0	18.0	11.0	2.0	automotive,human	arrow,human,person			figure.seated.side.left.windshield.front.and.heat.waves.air.distribution.lower	
figure.seated.side.left.windshield.front.and.heat.waves.air.distribution.middle	2024	18.0	15.0	18.0	11.0	2.0	automotive,human	arrow,human,person			figure.seated.side.left.windshield.front.and.heat.waves.air.distribution.middle	
figure.seated.side.left.windshield.front.and.heat.waves.air.distribution.middle.and.lower	2024	18.0	15.0	18.0	11.0	2.0	automotive,human	arrow,human,person			figure.seated.side.left.windshield.front.and.heat.waves.air.distribution.middle.and.lower	
figure.seated.side.left.windshield.front.and.heat.waves.air.distribution.upper	2024	18.0	15.0	18.0	11.0	2.0	automotive,human	arrow,human,person			figure.seated.side.left.windshield.front.and.heat.waves.air.distribution.upper	
figure.seated.side.left.windshield.front.and.heat.waves.air.distribution.upper.and.lower	2024	18.0	15.0	18.0	11.0	2.0	automotive,human	arrow,human,person			figure.seated.side.left.windshield.front.and.heat.waves.air.distribution.upper.and.lower	
figure.seated.side.left.windshield.front.and.heat.waves.air.distribution.upper.and.middle	2024	18.0	15.0	18.0	11.0	2.0	automotive,human	arrow,human,person			figure.seated.side.left.windshield.front.and.heat.waves.air.distribution.upper.and.middle	
figure.seated.side.left.windshield.front.and.heat.waves.air.distribution.upper.and.middle.and.lower	2024	18.0	15.0	18.0	11.0	2.0	automotive,human	arrow,human,person			figure.seated.side.left.windshield.front.and.heat.waves.air.distribution.upper.and.middle.and.lower	
figure.seated.side.right	2024	18.0	15.0	18.0	11.0	2.0	automotive,human	human,person			figure.seated.side.right	
figure.seated.side.right.air.distribution.indirect	2025	26.0	26.0	26.0	26.0	26.0	automotive,human	arrow,human,person			figure.seated.side.right.air.distribution.indirect	
figure.seated.side.right.air.distribution.lower	2024	18.0	15.0	18.0	11.0	2.0	automotive,human	arrow,human,person			figure.seated.side.right.air.distribution.lower	
figure.seated.side.right.air.distribution.lower.angled.and.upper.angled	2025	26.0	26.0	26.0	26.0	26.0	automotive,human	arrow,human,person			figure.seated.side.right.air.distribution.lower.angled.and.upper.angled	
figure.seated.side.right.air.distribution.middle	2024	18.0	15.0	18.0	11.0	2.0	automotive,human	arrow,human,person			figure.seated.side.right.air.distribution.middle	
figure.seated.side.right.air.distribution.middle.and.lower	2024	18.0	15.0	18.0	11.0	2.0	automotive,human	arrow,human,person			figure.seated.side.right.air.distribution.middle.and.lower	
figure.seated.side.right.air.distribution.middle.and.lower.angled	2024	18.0	15.0	18.0	11.0	2.0	automotive,human	arrow,human,person			figure.seated.side.right.air.distribution.middle.and.lower.angled	
figure.seated.side.right.air.distribution.upper	2024	18.0	15.0	18.0	11.0	2.0	automotive,human	arrow,human,person			figure.seated.side.right.air.distribution.upper	
figure.seated.side.right.air.distribution.upper.and.middle.and.lower	2024.2	18.2	15.2	18.2	11.2	2.2	automotive,human	arrow,human,person			figure.seated.side.right.air.distribution.upper.and.middle.and.lower	
figure.seated.side.right.air.distribution.upper.angled.and.dottedline.and.lower.angled	2025	26.0	26.0	26.0	26.0	26.0	automotive,human	arrow,human,person			figure.seated.side.right.air.distribution.upper.angled.and.dottedline.and.lower.angled	
figure.seated.side.right.air.distribution.upper.angled.and.lower.angled	2024	18.0	15.0	18.0	11.0	2.0	automotive,human	arrow,human,person			figure.seated.side.right.air.distribution.upper.angled.and.lower.angled	
figure.seated.side.right.air.distribution.upper.angled.and.middle	2024	18.0	15.0	18.0	11.0	2.0	automotive,human	arrow,human,person			figure.seated.side.right.air.distribution.upper.angled.and.middle	
figure.seated.side.right.air.distribution.upper.angled.and.middle.and.lower.angled	2024	18.0	15.0	18.0	11.0	2.0	automotive,human	arrow,human,person			figure.seated.side.right.air.distribution.upper.angled.and.middle.and.lower.angled	
figure.seated.side.right.airbag.off	2024	18.0	15.0	18.0	11.0	2.0	automotive,human,multicolor	human,person			figure.seated.side.right.airbag.off	
figure.seated.side.right.airbag.off.2	2024	18.0	15.0	18.0	11.0	2.0	automotive,human,multicolor	human,person			figure.seated.side.right.airbag.off.2	
figure.seated.side.right.airbag.on	2024	18.0	15.0	18.0	11.0	2.0	automotive,human,multicolor	human,person			figure.seated.side.right.airbag.on	
figure.seated.side.right.airbag.on.2	2024	18.0	15.0	18.0	11.0	2.0	automotive,human,multicolor	human,person			figure.seated.side.right.airbag.on.2	
figure.seated.side.right.automatic	2024	18.0	15.0	18.0	11.0	2.0	automotive,human	human,person			figure.seated.side.right.automatic	
figure.seated.side.right.child.lap	2025	26.0	26.0	26.0	26.0	26.0	human	human,person			figure.seated.side.right.child.lap	
figure.seated.side.right.fan	2024	18.0	15.0	18.0	11.0	2.0	automotive,human	human,person			figure.seated.side.right.fan	
figure.seated.side.right.steeringwheel	2024	18.0	15.0	18.0	11.0	2.0	automotive,human	human,person			figure.seated.side.right.steeringwheel	
figure.seated.side.right.windshield.front.and.heat.waves	2024	18.0	15.0	18.0	11.0	2.0	automotive,human	human,person			figure.seated.side.right.windshield.front.and.heat.waves	
figure.seated.side.right.windshield.front.and.heat.waves.air.distribution.lower	2024	18.0	15.0	18.0	11.0	2.0	automotive,human	arrow,human,person			figure.seated.side.right.windshield.front.and.heat.waves.air.distribution.lower	
figure.seated.side.right.windshield.front.and.heat.waves.air.distribution.middle	2024	18.0	15.0	18.0	11.0	2.0	automotive,human	arrow,human,person			figure.seated.side.right.windshield.front.and.heat.waves.air.distribution.middle	
figure.seated.side.right.windshield.front.and.heat.waves.air.distribution.middle.and.lower	2024	18.0	15.0	18.0	11.0	2.0	automotive,human	arrow,human,person			figure.seated.side.right.windshield.front.and.heat.waves.air.distribution.middle.and.lower	
figure.seated.side.right.windshield.front.and.heat.waves.air.distribution.upper	2024	18.0	15.0	18.0	11.0	2.0	automotive,human	arrow,human,person			figure.seated.side.right.windshield.front.and.heat.waves.air.distribution.upper	
figure.seated.side.right.windshield.front.and.heat.waves.air.distribution.upper.and.lower	2024	18.0	15.0	18.0	11.0	2.0	automotive,human	arrow,human,person			figure.seated.side.right.windshield.front.and.heat.waves.air.distribution.upper.and.lower	
figure.seated.side.right.windshield.front.and.heat.waves.air.distribution.upper.and.middle	2024	18.0	15.0	18.0	11.0	2.0	automotive,human	arrow,human,person			figure.seated.side.right.windshield.front.and.heat.waves.air.distribution.upper.and.middle	
figure.seated.side.right.windshield.front.and.heat.waves.air.distribution.upper.and.middle.and.lower	2024	18.0	15.0	18.0	11.0	2.0	automotive,human	arrow,human,person			figure.seated.side.right.windshield.front.and.heat.waves.air.distribution.upper.and.middle.and.lower	
figure.skateboarding	2024	18.0	15.0	18.0	11.0	2.0	fitness,human	human,person,sports			figure.skateboarding	
figure.skateboarding.circle	2024	18.0	15.0	18.0	11.0	2.0	fitness,human,variable	human,person,sports		figure.skateboarding.circle.fill	figure.skateboarding	circle
figure.skateboarding.circle.fill	2024	18.0	15.0	18.0	11.0	2.0	fitness,human,multicolor	human,person,sports			figure.skateboarding	circle,fill
figure.skiing.crosscountry	2022	16.0	13.0	16.0	9.0	1.0	fitness,human	human,person,sports			figure.skiing.crosscountry	
figure.skiing.crosscountry.circle	2024	18.0	15.0	18.0	11.0	2.0	fitness,human,variable	human,person,sports		figure.skiing.crosscountry.circle.fill	figure.skiing.crosscountry	circle
figure.skiing.crosscountry.circle.fill	2024	18.0	15.0	18.0	11.0	2.0	fitness,human,multicolor	human,person,sports			figure.skiing.crosscountry	circle,fill
figure.skiing.downhill	2022	16.0	13.0	16.0	9.0	1.0	fitness,human	human,person,sports			figure.skiing.downhill	
figure.skiing.downhill.circle	2024	18.0	15.0	18.0	11.0	2.0	fitness,human,variable	human,person,sports		figure.skiing.downhill.circle.fill	figure.skiing.downhill	circle
figure.skiing.downhill.circle.fill	2024	18.0	15.0	18.0	11.0	2.0	fitness,human,multicolor	human,person,sports			figure.skiing.downhill	circle,fill
figure.snowboarding	2022	16.0	13.0	16.0	9.0	1.0	fitness,human	human,person,sports			figure.snowboarding	
figure.snowboarding.circle	2024	18.0	15.0	18.0	11.0	2.0	fitness,human,variable	human,person,sports		figure.snowboarding.circle.fill	figure.snowboarding	circle
figure.snowboarding.circle.fill	2024	18.0	15.0	18.0	11.0	2.0	fitness,human,multicolor	human,person,sports			figure.snowboarding	circle,fill
figure.socialdance	2022	16.0	13.0	16.0	9.0	1.0	fitness,human	human,person,sports			figure.socialdance	
figure.socialdance.circle	2024	18.0	15.0	18.0	11.0	2.0	fitness,human,variable	human,person,sports		figure.socialdance.circle.fill	figure.socialdance	circle
figure.socialdance.circle.fill	2024	18.0	15.0	18.0	11.0	2.0	fitness,human,multicolor	human,person,sports			figure.socialdance	circle,fill
figure.softball	2022	16.0	13.0	16.0	9.0	1.0	fitness,human	human,person,sports			figure.softball	
figure.softball.circle	2024	18.0	15.0	18.0	11.0	2.0	fitness,human,variable	human,person,sports		figure.softball.circle.fill	figure.softball	circle
figure.softball.circle.fill	2024	18.0	15.0	18.0	11.0	2.0	fitness,human,multicolor	human,person,sports			figure.softball	circle,fill
figure.squash	2022	16.0	13.0	16.0	9.0	1.0	fitness,human	human,person,sports			figure.squash	
figure.squash.circle	2024	18.0	15.0	18.0	11.0	2.0	fitness,human,variable	human,person,sports		figure.squash.circle.fill	figure.squash	circle
figure.squash.circle.fill	2024	18.0	15.0	18.0	11.0	2.0	fitness,human,multicolor	human,person,sports			figure.squash	circle,fill
figure.stair.stepper	2022	16.0	13.0	16.0	9.0	1.0	fitness,human	human,person,sports			figure.stair.stepper	
figure.stair.stepper.circle	2024	18.0	15.0	18.0	11.0	2.0	fitness,human,variable	human,person,sports		figure.stair.stepper.circle.fill	figure.stair.stepper	circle
figure.stair.stepper.circle.fill	2024	18.0	15.0	18.0	11.0	2.0	fitness,human,multicolor	human,person,sports			figure.stair.stepper	circle,fill
figure.stairs	2022	16.0	13.0	16.0	9.0	1.0	fitness,human	human,person,sports			figure.stairs	
figure.stairs.circle	2024	18.0	15.0	18.0	11.0	2.0	fitness,human,variable	human,person,sports		figure.stairs.circle.fill	figure.stairs	circle
figure.stairs.circle.fill	2024	18.0	15.0	18.0	11.0	2.0	fitness,human,multicolor	human,person,sports			figure.stairs	circle,fill
figure.stand	2020	14.0	11.0	14.0	7.0	1.0	human	human,person			figure.stand	
figure.stand.and.figure.teen	2026	27.0	27.0	27.0	27.0	27.0	human,whatsnew	adult,child,family,human,kid,parent,person,teen,teenager			figure.stand.and.figure.teen	
figure.stand.dress	2024	18.0	15.0	18.0	11.0	2.0	human	human,person			figure.stand.dress	
figure.stand.dress.line.vertical.figure	2024	18.0	15.0	18.0	11.0	2.0	human	human,person			figure.stand.dress.line.vertical.figure	
figure.stand.line.dotted.figure.stand	2020	14.0	11.0	14.0	7.0	1.0	accessibility,human	human,person			figure.stand.line.dotted.figure.stand	
figure.step.training	2022	16.0	13.0	16.0	9.0	1.0	fitness,human	human,person,sports			figure.step.training	
figure.step.training.circle	2024	18.0	15.0	18.0	11.0	2.0	fitness,human,variable	human,person,sports		figure.step.training.circle.fill	figure.step.training	circle
figure.step.training.circle.fill	2024	18.0	15.0	18.0	11.0	2.0	fitness,human,multicolor	human,person,sports			figure.step.training	circle,fill
figure.strengthtraining.functional	2022	16.0	13.0	16.0	9.0	1.0	fitness,human	human,person,sports			figure.strengthtraining.functional	
figure.strengthtraining.functional.circle	2024	18.0	15.0	18.0	11.0	2.0	fitness,human,variable	human,person,sports		figure.strengthtraining.functional.circle.fill	figure.strengthtraining.functional	circle
figure.strengthtraining.functional.circle.fill	2024	18.0	15.0	18.0	11.0	2.0	fitness,human,multicolor	human,person,sports			figure.strengthtraining.functional	circle,fill
figure.strengthtraining.traditional	2022	16.0	13.0	16.0	9.0	1.0	fitness,human	human,person,sports			figure.strengthtraining.traditional	
figure.strengthtraining.traditional.circle	2024	18.0	15.0	18.0	11.0	2.0	fitness,human,variable	human,person,sports		figure.strengthtraining.traditional.circle.fill	figure.strengthtraining.traditional	circle
figure.strengthtraining.traditional.circle.fill	2024	18.0	15.0	18.0	11.0	2.0	fitness,human,multicolor	human,person,sports			figure.strengthtraining.traditional	circle,fill
figure.surfing	2022	16.0	13.0	16.0	9.0	1.0	fitness,human	human,person,sports			figure.surfing	
figure.surfing.circle	2024	18.0	15.0	18.0	11.0	2.0	fitness,human,variable	human,person,sports		figure.surfing.circle.fill	figure.surfing	circle
figure.surfing.circle.fill	2024	18.0	15.0	18.0	11.0	2.0	fitness,human,multicolor	human,person,sports			figure.surfing	circle,fill
figure.table.tennis	2022	16.0	13.0	16.0	9.0	1.0	fitness,human	human,person,sports			figure.table.tennis	
figure.table.tennis.circle	2024	18.0	15.0	18.0	11.0	2.0	fitness,human,variable	human,person,sports		figure.table.tennis.circle.fill	figure.table.tennis	circle
figure.table.tennis.circle.fill	2024	18.0	15.0	18.0	11.0	2.0	fitness,human,multicolor	human,person,sports			figure.table.tennis	circle,fill
figure.taichi	2022	16.0	13.0	16.0	9.0	1.0	fitness,human	human,person,sports			figure.taichi	
figure.taichi.circle	2024	18.0	15.0	18.0	11.0	2.0	fitness,human,variable	human,person,sports		figure.taichi.circle.fill	figure.taichi	circle
figure.taichi.circle.fill	2024	18.0	15.0	18.0	11.0	2.0	fitness,human,multicolor	human,person,sports			figure.taichi	circle,fill
figure.teen	2026	27.0	27.0	27.0	27.0	27.0	human,whatsnew	human,person,teen			figure.teen	
figure.teen.and.lock	2026	27.0	27.0	27.0	27.0	27.0	human,whatsnew	human,person,teen		figure.teen.and.lock.fill	figure.teen.and.lock	
figure.teen.and.lock.fill	2026	27.0	27.0	27.0	27.0	27.0	human,whatsnew	human,person,teen			figure.teen.and.lock	fill
figure.teen.and.lock.open	2026	27.0	27.0	27.0	27.0	27.0	human,whatsnew	human,person,teen		figure.teen.and.lock.open.fill	figure.teen.and.lock.open	
figure.teen.and.lock.open.fill	2026	27.0	27.0	27.0	27.0	27.0	human,whatsnew	human,person,teen			figure.teen.and.lock.open	fill
figure.teen.shield	2026	27.0	27.0	27.0	27.0	27.0	human,whatsnew	human,teen		figure.teen.shield.fill	figure.teen.shield	
figure.teen.shield.fill	2026	27.0	27.0	27.0	27.0	27.0	human,multicolor,whatsnew	human,teen			figure.teen.shield	fill
figure.tennis	2022	16.0	13.0	16.0	9.0	1.0	fitness,human	human,person,sports			figure.tennis	
figure.tennis.circle	2024	18.0	15.0	18.0	11.0	2.0	fitness,human,variable	human,person,sports		figure.tennis.circle.fill	figure.tennis	circle
figure.tennis.circle.fill	2024	18.0	15.0	18.0	11.0	2.0	fitness,human,multicolor	human,person,sports			figure.tennis	circle,fill
figure.track.and.field	2022	16.0	13.0	16.0	9.0	1.0	fitness,human	human,person,sports			figure.track.and.field	
figure.track.and.field.circle	2024	18.0	15.0	18.0	11.0	2.0	fitness,human,variable	human,person,sports		figure.track.and.field.circle.fill	figure.track.and.field	circle
figure.track.and.field.circle.fill	2024	18.0	15.0	18.0	11.0	2.0	fitness,human,multicolor	human,person,sports			figure.track.and.field	circle,fill
figure.volleyball	2022	16.0	13.0	16.0	9.0	1.0	fitness,human	human,person,sports			figure.volleyball	
figure.volleyball.circle	2024	18.0	15.0	18.0	11.0	2.0	fitness,human,variable	human,person,sports		figure.volleyball.circle.fill	figure.volleyball	circle
figure.volleyball.circle.fill	2024	18.0	15.0	18.0	11.0	2.0	fitness,human,multicolor	human,person,sports			figure.volleyball	circle,fill
figure.walk	2020	14.0	11.0	14.0	7.0	1.0	fitness,human,maps,transportation	human,indoor walk,outdoor walk,person,sports,walking			figure.walk	
figure.walk.arrival	2022	16.0	13.0	16.0	9.0	1.0	home,human	human,person			figure.walk.arrival	
figure.walk.circle	2020	14.0	11.0	14.0	7.0	1.0	fitness,human,maps,transportation,variable	human,indoor walk,outdoor walk,person,sports,walking		figure.walk.circle.fill	figure.walk	circle
figure.walk.circle.fill	2020	14.0	11.0	14.0	7.0	1.0	fitness,human,maps,multicolor,transportation	human,indoor walk,outdoor walk,person,sports,walking			figure.walk	circle,fill
figure.walk.departure	2022	16.0	13.0	16.0	9.0	1.0	home,human	human,person			figure.walk.departure	
figure.walk.diamond	2020	14.0	11.0	14.0	7.0	1.0	fitness,human,maps,transportation	human,person,walking		figure.walk.diamond.fill	figure.walk.diamond	
figure.walk.diamond.fill	2020	14.0	11.0	14.0	7.0	1.0	fitness,human,maps,multicolor,transportation	human,person,walking			figure.walk.diamond	fill
figure.walk.motion	2022	16.0	13.0	16.0	9.0	1.0	fitness,human	human,person,sports,walking			figure.walk.motion	
figure.walk.motion.trianglebadge.exclamationmark	2023	17.0	14.0	17.0	10.0	1.0	fitness,human,multicolor	human,person,sports,walking			figure.walk.motion.trianglebadge.exclamationmark	
figure.walk.suitcase.rolling	2025	26.0	26.0	26.0	26.0	26.0	human,maps,transportation	gate,human,person,walking			figure.walk.suitcase.rolling	
figure.walk.suitcase.rolling.circle	2025	26.0	26.0	26.0	26.0	26.0	human,maps,transportation,variable	gate,human,person,walking		figure.walk.suitcase.rolling.circle.fill	figure.walk.suitcase.rolling	circle
figure.walk.suitcase.rolling.circle.fill	2025	26.0	26.0	26.0	26.0	26.0	human,maps,multicolor,transportation	gate,human,person,walking			figure.walk.suitcase.rolling	circle,fill
figure.walk.treadmill	2024	18.0	15.0	18.0	11.0	2.0	fitness,human	human,indoor walk,person,sports			figure.walk.treadmill	
figure.walk.treadmill.circle	2024	18.0	15.0	18.0	11.0	2.0	fitness,human,variable	human,indoor walk,person,sports		figure.walk.treadmill.circle.fill	figure.walk.treadmill	circle
figure.walk.treadmill.circle.fill	2024	18.0	15.0	18.0	11.0	2.0	fitness,human,multicolor	human,indoor walk,person,sports			figure.walk.treadmill	circle,fill
figure.walk.triangle	2024	18.0	15.0	18.0	11.0	2.0	human,maps,transportation	human,person,walking		figure.walk.triangle.fill	figure.walk.triangle	
figure.walk.triangle.fill	2024	18.0	15.0	18.0	11.0	2.0	human,maps,multicolor,transportation	human,person,walking			figure.walk.triangle	fill
figure.water.fitness	2022	16.0	13.0	16.0	9.0	1.0	fitness,human	human,person,sports,water			figure.water.fitness	
figure.water.fitness.circle	2024	18.0	15.0	18.0	11.0	2.0	fitness,human,variable	human,person,sports,water		figure.water.fitness.circle.fill	figure.water.fitness	circle
figure.water.fitness.circle.fill	2024	18.0	15.0	18.0	11.0	2.0	fitness,human,multicolor	human,person,sports,water			figure.water.fitness	circle,fill
figure.waterpolo	2022	16.0	13.0	16.0	9.0	1.0	fitness,human	human,person,sports,water			figure.waterpolo	
figure.waterpolo.circle	2024	18.0	15.0	18.0	11.0	2.0	fitness,human,variable	human,person,sports,water		figure.waterpolo.circle.fill	figure.waterpolo	circle
figure.waterpolo.circle.fill	2024	18.0	15.0	18.0	11.0	2.0	fitness,human,multicolor	human,person,sports,water			figure.waterpolo	circle,fill
figure.wave	2020	14.0	11.0	14.0	7.0	1.0	human,maps,transportation	human,person			figure.wave	
figure.wave.circle	2020	14.0	11.0	14.0	7.0	1.0	human,maps,transportation,variable	human,person		figure.wave.circle.fill	figure.wave	circle
figure.wave.circle.fill	2020	14.0	11.0	14.0	7.0	1.0	human,maps,multicolor,transportation	human,person			figure.wave	circle,fill
figure.wrestling	2022	16.0	13.0	16.0	9.0	1.0	fitness,human	human,person,sports			figure.wrestling	
figure.wrestling.circle	2024	18.0	15.0	18.0	11.0	2.0	fitness,human,variable	human,person,sports		figure.wrestling.circle.fill	figure.wrestling	circle
figure.wrestling.circle.fill	2024	18.0	15.0	18.0	11.0	2.0	fitness,human,multicolor	human,person,sports			figure.wrestling	circle,fill
figure.yoga	2022	16.0	13.0	16.0	9.0	1.0	fitness,human	human,person,sports			figure.yoga	
figure.yoga.circle	2024	18.0	15.0	18.0	11.0	2.0	fitness,human,variable	human,person,sports		figure.yoga.circle.fill	figure.yoga	circle
figure.yoga.circle.fill	2024	18.0	15.0	18.0	11.0	2.0	fitness,human,multicolor	human,person,sports			figure.yoga	circle,fill
filemenu.and.pointer.arrow	2025	26.0	26.0	26.0	26.0	26.0	accessibility	cursor			filemenu.and.pointer.arrow	
filemenu.and.selection	2020	14.0	11.0	14.0	7.0	1.0	multicolor				filemenu.and.selection	
film	2019	13.0	10.15	13.0	6.0	1.0	objectsandtools			film.fill	film	
film.circle	2021	15.0	12.0	15.0	8.0	1.0	objectsandtools,variable			film.circle.fill	film	circle
film.circle.fill	2021	15.0	12.0	15.0	8.0	1.0	multicolor,objectsandtools				film	circle,fill
film.fill	2019	13.0	10.15	13.0	6.0	1.0	objectsandtools				film	fill
film.stack	2022	16.0	13.0	16.0	9.0	1.0	objectsandtools			film.stack.fill	film.stack	
film.stack.fill	2022	16.0	13.0	16.0	9.0	1.0	objectsandtools				film.stack	fill
finder	2025	26.0	26.0	26.0	26.0	26.0			This symbol may not be modified and may only be used to refer to Apple's Finder app.		finder	
fire.extinguisher	2024	18.0	15.0	18.0	11.0	2.0	objectsandtools			fire.extinguisher.fill	fire.extinguisher	
fire.extinguisher.fill	2024	18.0	15.0	18.0	11.0	2.0	objectsandtools				fire.extinguisher	fill
fireplace	2022	16.0	13.0	16.0	9.0	1.0	home,objectsandtools			fireplace.fill	fireplace	
fireplace.fill	2022	16.0	13.0	16.0	9.0	1.0	home,objectsandtools				fireplace	fill
firewall	2022	16.0	13.0	16.0	9.0	1.0	privacyandsecurity	arrow		firewall.fill	firewall	
firewall.fill	2022	16.0	13.0	16.0	9.0	1.0	multicolor,privacyandsecurity	arrow			firewall	fill
fireworks	2023	17.0	14.0	17.0	10.0	1.0	objectsandtools	party			fireworks	
fish	2022	16.0	13.0	16.0	9.0	1.0	nature	animals		fish.fill	fish	
fish.circle	2022.1	16.1	13.0	16.1	9.1	1.0	nature,variable	animals		fish.circle.fill	fish	circle
fish.circle.fill	2022.1	16.1	13.0	16.1	9.1	1.0	multicolor,nature	animals			fish	circle,fill
fish.fill	2022	16.0	13.0	16.0	9.0	1.0	nature	animals			fish	fill
flag	2019	13.0	10.15	13.0	6.0	1.0	multicolor,objectsandtools	mail		flag.fill	flag	
flag.2.crossed	2021	15.0	12.0	15.0	8.0	1.0	fitness,gaming,objectsandtools			flag.2.crossed.fill	flag.2.crossed	
flag.2.crossed.circle	2022	16.0	13.0	16.0	9.0	1.0	fitness,gaming,objectsandtools,variable			flag.2.crossed.circle.fill	flag.2.crossed	circle
flag.2.crossed.circle.fill	2022	16.0	13.0	16.0	9.0	1.0	fitness,gaming,multicolor,objectsandtools				flag.2.crossed	circle,fill
flag.2.crossed.fill	2021	15.0	12.0	15.0	8.0	1.0	fitness,gaming,objectsandtools				flag.2.crossed	fill
flag.and.flag.filled.crossed	2021	15.0	12.0	15.0	8.0	1.0	fitness,gaming,objectsandtools				flag.and.flag.filled.crossed	
flag.badge.ellipsis	2020	14.0	11.0	14.0	7.0	1.0	multicolor,objectsandtools	action,dot.3,extra,more,overflow,…		flag.badge.ellipsis.fill	flag.badge.ellipsis	
flag.badge.ellipsis.fill	2020	14.0	11.0	14.0	7.0	1.0	multicolor,objectsandtools	action,dot.3,extra,more,overflow,…			flag.badge.ellipsis	fill
flag.circle	2019	13.0	10.15	13.0	6.0	1.0	multicolor,objectsandtools,variable	mail		flag.circle.fill	flag	circle
flag.circle.fill	2019	13.0	10.15	13.0	6.0	1.0	multicolor,objectsandtools	mail			flag	circle,fill
flag.fill	2019	13.0	10.15	13.0	6.0	1.0	multicolor,objectsandtools	mail			flag	fill
flag.filled.and.flag.crossed	2021	15.0	12.0	15.0	8.0	1.0	fitness,gaming,objectsandtools				flag.filled.and.flag.crossed	
flag.pattern.checkered	2024	18.0	15.0	18.0	11.0	2.0	fitness,gaming,objectsandtools	campground,camping			flag.pattern.checkered	
flag.pattern.checkered.2.crossed	2024	18.0	15.0	18.0	11.0	2.0	fitness,gaming,objectsandtools				flag.pattern.checkered.2.crossed	
flag.pattern.checkered.circle	2024	18.0	15.0	18.0	11.0	2.0	fitness,gaming,objectsandtools,variable	campground,camping		flag.pattern.checkered.circle.fill	flag.pattern.checkered	circle
flag.pattern.checkered.circle.fill	2024	18.0	15.0	18.0	11.0	2.0	fitness,gaming,multicolor,objectsandtools	campground,camping			flag.pattern.checkered	circle,fill
flag.pattern.checkered.lc	2024.3	18.4	15.4	18.4	11.4	2.4	automotive,objectsandtools				flag.pattern.checkered.lc	
flag.slash	2019	13.0	10.15	13.0	6.0	1.0	multicolor,objectsandtools	mail,remove		flag.slash.fill	flag	slash
flag.slash.circle	2020	14.0	11.0	14.0	7.0	1.0	multicolor,objectsandtools,variable	remove		flag.slash.circle.fill	flag	slash,circle
flag.slash.circle.fill	2020	14.0	11.0	14.0	7.0	1.0	multicolor,objectsandtools	remove			flag	slash,circle,fill
flag.slash.fill	2019	13.0	10.15	13.0	6.0	1.0	multicolor,objectsandtools	mail,remove			flag	slash,fill
flag.square	2021	15.0	12.0	15.0	8.0	1.0	multicolor,objectsandtools			flag.square.fill	flag	square
flag.square.fill	2021	15.0	12.0	15.0	8.0	1.0	multicolor,objectsandtools				flag	square,fill
flame	2019	13.0	10.15	13.0	6.0	1.0	nature	fire		flame.fill	flame	
flame.circle	2021	15.0	12.0	15.0	8.0	1.0	nature,variable	fire		flame.circle.fill	flame	circle
flame.circle.fill	2021	15.0	12.0	15.0	8.0	1.0	multicolor,nature	fire			flame	circle,fill
flame.fill	2019	13.0	10.15	13.0	6.0	1.0	nature	fire			flame	fill
flame.gauge.open	2025	26.0	26.0	26.0	26.0	26.0	variable				flame.gauge.open	
flashlight.off.circle	2023	17.0	14.0	17.0	10.0	1.0	objectsandtools,variable			flashlight.off.circle.fill	flashlight.off	circle
flashlight.off.circle.fill	2023	17.0	14.0	17.0	10.0	1.0	multicolor,objectsandtools				flashlight.off	circle,fill
flashlight.off.fill	2019.1	13.1	10.15	13.0	6.1	1.0	objectsandtools				flashlight.off	fill
flashlight.on.circle	2023	17.0	14.0	17.0	10.0	1.0	objectsandtools,variable			flashlight.on.circle.fill	flashlight.on	circle
flashlight.on.circle.fill	2023	17.0	14.0	17.0	10.0	1.0	multicolor,objectsandtools				flashlight.on	circle,fill
flashlight.on.fill	2019.1	13.1	10.15	13.0	6.1	1.0	objectsandtools				flashlight.on	fill
flashlight.slash	2023	17.0	14.0	17.0	10.0	1.0	objectsandtools				flashlight	slash
flashlight.slash.circle	2023	17.0	14.0	17.0	10.0	1.0	objectsandtools,variable			flashlight.slash.circle.fill	flashlight	slash,circle
flashlight.slash.circle.fill	2023	17.0	14.0	17.0	10.0	1.0	multicolor,objectsandtools				flashlight	slash,circle,fill
flask	2023	17.0	14.0	17.0	10.0	1.0	multicolor,objectsandtools	medical		flask.fill	flask	
flask.fill	2023	17.0	14.0	17.0	10.0	1.0	multicolor,objectsandtools	medical			flask	fill
fleuron	2022	16.0	13.0	16.0	9.0	1.0	textformatting			fleuron.fill	fleuron	
fleuron.fill	2022	16.0	13.0	16.0	9.0	1.0	textformatting				fleuron	fill
flipphone	2020	14.0	11.0	14.0	7.0	1.0	devices				flipphone	
florinsign	2022	16.0	13.0	16.0	9.0	1.0	commerce,indices	currencies,currency			florinsign	
florinsign.arrow.trianglehead.counterclockwise.rotate.90	2024	18.0	15.0	18.0	11.0	2.0	arrows,commerce	currencies,currency			florinsign.arrow.trianglehead.counterclockwise.rotate.90	
florinsign.building.classical	2026	27.0	27.0	27.0	27.0	27.0	commerce,objectsandtools	currencies,currency		florinsign.building.classical.fill	florinsign.building.classical	
florinsign.building.classical.fill	2026	27.0	27.0	27.0	27.0	27.0	commerce,multicolor,objectsandtools	currencies,currency			florinsign.building.classical	fill
florinsign.circle	2019	13.0	10.15	13.0	6.0	1.0	commerce,indices,variable	currencies,currency		florinsign.circle.fill	florinsign	circle
florinsign.circle.fill	2019	13.0	10.15	13.0	6.0	1.0	commerce,indices,multicolor	currencies,currency			florinsign	circle,fill
florinsign.gauge.chart.lefthalf.righthalf	2024	18.0	15.0	18.0	11.0	2.0	commerce,home,variable				florinsign.gauge.chart.lefthalf.righthalf	
florinsign.gauge.chart.leftthird.topthird.rightthird	2024	18.0	15.0	18.0	11.0	2.0	commerce,home,variable				florinsign.gauge.chart.leftthird.topthird.rightthird	
florinsign.ring	2024	18.0	15.0	18.0	11.0	2.0	commerce,home				florinsign.ring	
florinsign.ring.dashed	2024	18.0	15.0	18.0	11.0	2.0	commerce,home,variable				florinsign.ring.dashed	
florinsign.square	2019	13.0	10.15	13.0	6.0	1.0	commerce,indices	currencies,currency		florinsign.square.fill	florinsign	square
florinsign.square.fill	2019	13.0	10.15	13.0	6.0	1.0	commerce,indices,multicolor	currencies,currency			florinsign	square,fill
flowchart	2019	13.0	10.15	13.0	6.0	1.0				flowchart.fill	flowchart	
flowchart.fill	2019	13.0	10.15	13.0	6.0	1.0					flowchart	fill
fluid.batteryblock	2024	18.0	15.0	18.0	11.0	2.0	automotive,objectsandtools				fluid.batteryblock	
fluid.brakesignal	2022	16.0	13.0	16.0	9.0	1.0	automotive				fluid.brakesignal	
fluid.coolant	2024	18.0	15.0	18.0	11.0	2.0	automotive,objectsandtools				fluid.coolant	
fluid.transmission	2022.1	16.1	13.0	16.1	9.1	1.0	automotive				fluid.transmission	
fn	2020	14.0	11.0	14.0	7.0	1.0					fn	
folder	2019	13.0	10.15	13.0	6.0	1.0	multicolor,objectsandtools	move		folder.fill	folder	
folder.and.person	2026	27.0	27.0	27.0	27.0	27.0	human,objectsandtools,whatsnew			folder.and.person.fill	folder.and.person	
folder.and.person.fill	2026	27.0	27.0	27.0	27.0	27.0	human,objectsandtools,whatsnew				folder.and.person	fill
folder.badge.gearshape	2021	15.0	12.0	15.0	8.0	1.0	objectsandtools			folder.fill.badge.gearshape	folder.badge.gearshape	
folder.badge.minus	2019	13.0	10.15	13.0	6.0	1.0	multicolor,objectsandtools	-,delete,remove,subtract,−		folder.fill.badge.minus	folder.badge.minus	
folder.badge.person.crop	2019	13.0	10.15	13.0	6.0	1.0	human,multicolor,objectsandtools			folder.fill.badge.person.crop	folder.badge.person.crop	
folder.badge.plus	2019	13.0	10.15	13.0	6.0	1.0	multicolor,objectsandtools	+,add,create,new		folder.fill.badge.plus	folder.badge.plus	
folder.badge.questionmark	2020	14.0	11.0	14.0	7.0	1.0	multicolor,objectsandtools	?		folder.fill.badge.questionmark	folder.badge.questionmark	
folder.circle	2019	13.0	10.15	13.0	6.0	1.0	multicolor,objectsandtools,variable	move		folder.circle.fill	folder	circle
folder.circle.fill	2019	13.0	10.15	13.0	6.0	1.0	multicolor,objectsandtools	move			folder	circle,fill
folder.fill	2019	13.0	10.15	13.0	6.0	1.0	multicolor,objectsandtools	move			folder	fill
folder.fill.badge.gearshape	2021	15.0	12.0	15.0	8.0	1.0	objectsandtools				folder.fill.badge.gearshape	
folder.fill.badge.minus	2019	13.0	10.15	13.0	6.0	1.0	multicolor,objectsandtools	-,delete,remove,subtract,−			folder.fill.badge.minus	
folder.fill.badge.person.crop	2019	13.0	10.15	13.0	6.0	1.0	human,multicolor,objectsandtools				folder.fill.badge.person.crop	
folder.fill.badge.plus	2019	13.0	10.15	13.0	6.0	1.0	multicolor,objectsandtools	+,add,create,new			folder.fill.badge.plus	
folder.fill.badge.questionmark	2020	14.0	11.0	14.0	7.0	1.0	multicolor,objectsandtools	?			folder.fill.badge.questionmark	
fork.knife	2021	15.0	12.0	15.0	8.0	1.0	multicolor,objectsandtools	drink,food			fork.knife	
fork.knife.circle	2021	15.0	12.0	15.0	8.0	1.0	multicolor,objectsandtools,variable	drink,food		fork.knife.circle.fill	fork.knife	circle
fork.knife.circle.fill	2021	15.0	12.0	15.0	8.0	1.0	multicolor,objectsandtools	drink,food			fork.knife	circle,fill
formfitting.gamecontroller	2024	18.0	15.0	18.0	11.0	2.0	gaming			formfitting.gamecontroller.fill	formfitting.gamecontroller	
formfitting.gamecontroller.fill	2024	18.0	15.0	18.0	11.0	2.0	gaming				formfitting.gamecontroller	fill
forward	2019	13.0	10.15	13.0	6.0	1.0	media			forward.fill	forward	
forward.circle	2021	15.0	12.0	15.0	8.0	1.0	media,variable			forward.circle.fill	forward	circle
forward.circle.fill	2021	15.0	12.0	15.0	8.0	1.0	media,multicolor				forward	circle,fill
forward.end	2019	13.0	10.15	13.0	6.0	1.0	media			forward.end.fill	forward.end	
forward.end.alt	2019	13.0	10.15	13.0	6.0	1.0	media			forward.end.alt.fill	forward.end.alt	
forward.end.alt.fill	2019	13.0	10.15	13.0	6.0	1.0	media				forward.end.alt	fill
forward.end.circle	2022	16.0	13.0	16.0	9.0	1.0	media,variable			forward.end.circle.fill	forward.end	circle
forward.end.circle.fill	2022	16.0	13.0	16.0	9.0	1.0	media,multicolor				forward.end	circle,fill
forward.end.fill	2019	13.0	10.15	13.0	6.0	1.0	media				forward.end	fill
forward.fill	2019	13.0	10.15	13.0	6.0	1.0	media				forward	fill
forward.frame	2020	14.0	11.0	14.0	7.0	1.0	media			forward.frame.fill	forward.frame	
forward.frame.fill	2020	14.0	11.0	14.0	7.0	1.0	media				forward.frame	fill
fossil.shell	2022	16.0	13.0	16.0	9.0	1.0	nature,objectsandtools	ammonite,history		fossil.shell.fill	fossil.shell	
fossil.shell.fill	2022	16.0	13.0	16.0	9.0	1.0	nature,objectsandtools	ammonite,history			fossil.shell	fill
francsign	2022	16.0	13.0	16.0	9.0	1.0	commerce,indices	currencies,currency			francsign	
francsign.arrow.trianglehead.counterclockwise.rotate.90	2024	18.0	15.0	18.0	11.0	2.0	arrows,commerce	currencies,currency			francsign.arrow.trianglehead.counterclockwise.rotate.90	
francsign.building.classical	2026	27.0	27.0	27.0	27.0	27.0	commerce,objectsandtools	currencies,currency		francsign.building.classical.fill	francsign.building.classical	
francsign.building.classical.fill	2026	27.0	27.0	27.0	27.0	27.0	commerce,multicolor,objectsandtools	currencies,currency			francsign.building.classical	fill
francsign.circle	2019	13.0	10.15	13.0	6.0	1.0	commerce,indices,variable	currencies,currency		francsign.circle.fill	francsign	circle
francsign.circle.fill	2019	13.0	10.15	13.0	6.0	1.0	commerce,indices,multicolor	currencies,currency			francsign	circle,fill
francsign.gauge.chart.lefthalf.righthalf	2024	18.0	15.0	18.0	11.0	2.0	commerce,home,variable				francsign.gauge.chart.lefthalf.righthalf	
francsign.gauge.chart.leftthird.topthird.rightthird	2024	18.0	15.0	18.0	11.0	2.0	commerce,home,variable				francsign.gauge.chart.leftthird.topthird.rightthird	
francsign.ring	2024	18.0	15.0	18.0	11.0	2.0	commerce,home				francsign.ring	
francsign.ring.dashed	2024	18.0	15.0	18.0	11.0	2.0	commerce,home,variable				francsign.ring.dashed	
francsign.square	2019	13.0	10.15	13.0	6.0	1.0	commerce,indices	currencies,currency		francsign.square.fill	francsign	square
francsign.square.fill	2019	13.0	10.15	13.0	6.0	1.0	commerce,indices,multicolor	currencies,currency			francsign	square,fill
frying.pan	2022	16.0	13.0	16.0	9.0	1.0	home,objectsandtools	cooking		frying.pan.fill	frying.pan	
frying.pan.fill	2022	16.0	13.0	16.0	9.0	1.0	home,objectsandtools	cooking			frying.pan	fill
fuel.filter.water	2024.3	18.4	15.4	18.4	11.4	2.4	automotive				fuel.filter.water	
fuelpump	2021	15.0	12.0	15.0	8.0	1.0	automotive,maps,objectsandtools,transportation			fuelpump.fill	fuelpump	
fuelpump.and.filter	2024	18.0	15.0	18.0	11.0	2.0	automotive,objectsandtools,transportation				fuelpump.and.filter	
fuelpump.arrowtriangle.left	2023	17.0	14.0	17.0	10.0	1.0	automotive,objectsandtools,transportation			fuelpump.arrowtriangle.left.fill	fuelpump.arrowtriangle.left	
fuelpump.arrowtriangle.left.fill	2023	17.0	14.0	17.0	10.0	1.0	automotive,objectsandtools,transportation				fuelpump.arrowtriangle.left	fill
fuelpump.arrowtriangle.right	2023	17.0	14.0	17.0	10.0	1.0	automotive,objectsandtools,transportation			fuelpump.arrowtriangle.right.fill	fuelpump.arrowtriangle.right	
fuelpump.arrowtriangle.right.fill	2023	17.0	14.0	17.0	10.0	1.0	automotive,objectsandtools,transportation				fuelpump.arrowtriangle.right	fill
fuelpump.circle	2021	15.0	12.0	15.0	8.0	1.0	automotive,maps,objectsandtools,transportation,variable			fuelpump.circle.fill	fuelpump	circle
fuelpump.circle.fill	2021	15.0	12.0	15.0	8.0	1.0	automotive,maps,multicolor,objectsandtools,transportation				fuelpump	circle,fill
fuelpump.exclamationmark	2023	17.0	14.0	17.0	10.0	1.0	automotive,objectsandtools,transportation			fuelpump.exclamationmark.fill	fuelpump.exclamationmark	
fuelpump.exclamationmark.fill	2023	17.0	14.0	17.0	10.0	1.0	automotive,objectsandtools,transportation				fuelpump.exclamationmark	fill
fuelpump.fill	2021	15.0	12.0	15.0	8.0	1.0	automotive,maps,objectsandtools,transportation				fuelpump	fill
fuelpump.nozzle.and.drop	2026	27.0	27.0	27.0	27.0	27.0	automotive,whatsnew				fuelpump.nozzle.and.drop	
fuelpump.slash	2023	17.0	14.0	17.0	10.0	1.0	automotive,objectsandtools,transportation			fuelpump.slash.fill	fuelpump	slash
fuelpump.slash.fill	2023	17.0	14.0	17.0	10.0	1.0	automotive,objectsandtools,transportation				fuelpump	slash,fill
fuelpump.thermometer	2025	26.0	26.0	26.0	26.0	26.0	automotive,objectsandtools,transportation			fuelpump.thermometer.fill	fuelpump.thermometer	
fuelpump.thermometer.fill	2025	26.0	26.0	26.0	26.0	26.0	automotive,objectsandtools,transportation				fuelpump.thermometer	fill
function	2019	13.0	10.15	13.0	6.0	1.0	math				function	
fx	2019	13.0	10.15	13.0	6.0	1.0					fx	
g.circle	2019	13.0	10.15	13.0	6.0	1.0	indices,variable			g.circle.fill	g	circle
g.circle.fill	2019	13.0	10.15	13.0	6.0	1.0	indices,multicolor				g	circle,fill
g.square	2019	13.0	10.15	13.0	6.0	1.0	indices			g.square.fill	g	square
g.square.fill	2019	13.0	10.15	13.0	6.0	1.0	indices,multicolor				g	square,fill
gamecontroller	2019	13.0	10.15	13.0	6.0	1.0	devices,fitness,gaming,objectsandtools			gamecontroller.fill	gamecontroller	
gamecontroller.circle	2024	18.0	15.0	18.0	11.0	2.0	devices,fitness,gaming,objectsandtools,variable			gamecontroller.circle.fill	gamecontroller	circle
gamecontroller.circle.fill	2024	18.0	15.0	18.0	11.0	2.0	devices,fitness,gaming,multicolor,objectsandtools				gamecontroller	circle,fill
gamecontroller.fill	2019	13.0	10.15	13.0	6.0	1.0	devices,fitness,gaming,objectsandtools				gamecontroller	fill
gauge.chart.lefthalf.righthalf	2025	26.0	26.0	26.0	26.0	26.0	commerce,home,variable				gauge.chart.lefthalf.righthalf	
gauge.chart.leftthird.topthird.rightthird	2025	26.0	26.0	26.0	26.0	26.0	commerce,home,variable				gauge.chart.leftthird.topthird.rightthird	
gauge.open	2025	26.0	26.0	26.0	26.0	26.0	variable				gauge.open	
gauge.open.righthalf.dotted.with.needle.and.arrow.trianglehead.backward	2025	26.0	26.0	26.0	26.0	26.0	automotive				gauge.open.righthalf.dotted.with.needle.and.arrow.trianglehead.backward	
gauge.open.with.lines.needle.33percent	2023	17.0	14.0	17.0	10.0	1.0	automotive	control,cruise			gauge.open.with.lines.needle.33percent	
gauge.open.with.lines.needle.33percent.and.arrow.trianglehead.from.0percent.to.50percent	2024	18.0	15.0	18.0	11.0	2.0	automotive	control,cruise			gauge.open.with.lines.needle.33percent.and.arrow.trianglehead.from.0percent.to.50percent	
gauge.open.with.lines.needle.33percent.and.arrowtriangle	2023	17.0	14.0	17.0	10.0	1.0	automotive	control,cruise			gauge.open.with.lines.needle.33percent.and.arrowtriangle	
gauge.open.with.lines.needle.67percent.and.arrowtriangle	2023	17.0	14.0	17.0	10.0	1.0	automotive	control,cruise			gauge.open.with.lines.needle.67percent.and.arrowtriangle	
gauge.open.with.lines.needle.67percent.and.arrowtriangle.and.car	2023	17.0	14.0	17.0	10.0	1.0	automotive	control,cruise			gauge.open.with.lines.needle.67percent.and.arrowtriangle.and.car	
gauge.open.with.lines.needle.84percent.exclamation	2023	17.0	14.0	17.0	10.0	1.0	automotive	!,control,cruise,warning			gauge.open.with.lines.needle.84percent.exclamation	
gauge.range.33to100.dotted.with.needle	2026	27.0	27.0	27.0	27.0	27.0	objectsandtools,time,whatsnew	timer			gauge.range.33to100.dotted.with.needle	
gauge.with.dots.needle.0percent	2023	17.0	14.0	17.0	10.0	1.0	automotive,objectsandtools	low,speedometer			gauge.with.dots.needle.0percent	
gauge.with.dots.needle.100percent	2023	17.0	14.0	17.0	10.0	1.0	automotive,objectsandtools	high,speedometer			gauge.with.dots.needle.100percent	
gauge.with.dots.needle.33percent	2023	17.0	14.0	17.0	10.0	1.0	automotive,objectsandtools	low,medium,speedometer			gauge.with.dots.needle.33percent	
gauge.with.dots.needle.50percent	2023	17.0	14.0	17.0	10.0	1.0	automotive,objectsandtools	medium,speedometer			gauge.with.dots.needle.50percent	
gauge.with.dots.needle.67percent	2023	17.0	14.0	17.0	10.0	1.0	automotive,objectsandtools	high,medium,speedometer			gauge.with.dots.needle.67percent	
gauge.with.dots.needle.bottom.0percent	2023	17.0	14.0	17.0	10.0	1.0	automotive,objectsandtools	low			gauge.with.dots.needle.bottom.0percent	
gauge.with.dots.needle.bottom.100percent	2023	17.0	14.0	17.0	10.0	1.0	automotive,objectsandtools	high			gauge.with.dots.needle.bottom.100percent	
gauge.with.dots.needle.bottom.50percent	2023	17.0	14.0	17.0	10.0	1.0	automotive,objectsandtools	medium			gauge.with.dots.needle.bottom.50percent	
gauge.with.dots.needle.bottom.50percent.badge.minus	2023	17.0	14.0	17.0	10.0	1.0	automotive,multicolor,objectsandtools	medium,remove			gauge.with.dots.needle.bottom.50percent.badge.minus	
gauge.with.dots.needle.bottom.50percent.badge.plus	2023	17.0	14.0	17.0	10.0	1.0	automotive,multicolor,objectsandtools	add,medium			gauge.with.dots.needle.bottom.50percent.badge.plus	
gauge.with.needle	2023	17.0	14.0	17.0	10.0	1.0	fitness,objectsandtools,time	fitness,timer		gauge.with.needle.fill	gauge.with.needle	
gauge.with.needle.fill	2023	17.0	14.0	17.0	10.0	1.0	fitness,objectsandtools,time	fitness,timer			gauge.with.needle	fill
gear	2019	13.0	10.15	13.0	6.0	1.0	multicolor,objectsandtools	general,settings			gear	
gear.badge	2022	16.0	13.0	16.0	9.0	1.0	multicolor				gear.badge	
gear.badge.checkmark	2021	15.0	12.0	15.0	8.0	1.0	multicolor				gear.badge.checkmark	
gear.badge.questionmark	2021	15.0	12.0	15.0	8.0	1.0	multicolor				gear.badge.questionmark	
gear.badge.xmark	2021	15.0	12.0	15.0	8.0	1.0	multicolor				gear.badge.xmark	
gear.circle	2021	15.0	12.0	15.0	8.0	1.0	multicolor,variable			gear.circle.fill	gear	circle
gear.circle.fill	2021	15.0	12.0	15.0	8.0	1.0	multicolor				gear	circle,fill
gearshape	2020	14.0	11.0	14.0	7.0	1.0	objectsandtools	general,settings		gearshape.fill	gearshape	
gearshape.2	2020	14.0	11.0	14.0	7.0	1.0	objectsandtools	advanced		gearshape.2.fill	gearshape.2	
gearshape.2.fill	2020	14.0	11.0	14.0	7.0	1.0	objectsandtools	advanced			gearshape.2	fill
gearshape.arrow.trianglehead.2.clockwise.rotate.90	2024	18.0	15.0	18.0	11.0	2.0	arrows				gearshape.arrow.trianglehead.2.clockwise.rotate.90	
gearshape.circle	2021	15.0	12.0	15.0	8.0	1.0	variable			gearshape.circle.fill	gearshape	circle
gearshape.circle.fill	2021	15.0	12.0	15.0	8.0	1.0	multicolor				gearshape	circle,fill
gearshape.fill	2020	14.0	11.0	14.0	7.0	1.0	objectsandtools	general,settings			gearshape	fill
gearshift.layout.sixspeed	2023	17.0	14.0	17.0	10.0	1.0	gaming				gearshift.layout.sixspeed	
gift	2019	13.0	10.15	13.0	6.0	1.0	multicolor,objectsandtools	birthday		gift.fill	gift	
gift.circle	2020	14.0	11.0	14.0	7.0	1.0	objectsandtools,variable	birthday		gift.circle.fill	gift	circle
gift.circle.fill	2020	14.0	11.0	14.0	7.0	1.0	multicolor,objectsandtools	birthday			gift	circle,fill
gift.fill	2019	13.0	10.15	13.0	6.0	1.0	multicolor,objectsandtools	birthday			gift	fill
giftcard	2020	14.0	11.0	14.0	7.0	1.0	commerce			giftcard.fill	giftcard	
giftcard.fill	2020	14.0	11.0	14.0	7.0	1.0	commerce				giftcard	fill
globe	2019	13.0	10.15	13.0	6.0	1.0	keyboard	earth,language		globe.fill	globe	
globe.americas	2021	15.0	12.0	15.0	8.0	1.0	nature	earth		globe.americas.fill	globe.americas	
globe.americas.fill	2021	15.0	12.0	15.0	8.0	1.0	nature	earth			globe.americas	fill
globe.and.person	2026	27.0	27.0	27.0	27.0	27.0	human,whatsnew	earth,language			globe.and.person	
globe.asia.australia	2021	15.0	12.0	15.0	8.0	1.0	nature	earth		globe.asia.australia.fill	globe.asia.australia	
globe.asia.australia.fill	2021	15.0	12.0	15.0	8.0	1.0	nature	earth			globe.asia.australia	fill
globe.badge.chevron.backward	2021	15.0	12.0	15.0	8.0	1.0	keyboard,multicolor	earth,language			globe.badge.chevron.backward	
globe.badge.clock	2025	26.0	26.0	26.0	26.0	26.0	multicolor,time			globe.badge.clock.fill	globe.badge.clock	
globe.badge.clock.fill	2025	26.0	26.0	26.0	26.0	26.0	multicolor,time				globe.badge.clock	fill
globe.central.south.asia	2022	16.0	13.0	16.0	9.0	1.0	nature	earth		globe.central.south.asia.fill	globe.central.south.asia	
globe.central.south.asia.fill	2022	16.0	13.0	16.0	9.0	1.0	nature	earth			globe.central.south.asia	fill
globe.desk	2022	16.0	13.0	16.0	9.0	1.0	objectsandtools	geography		globe.desk.fill	globe.desk	
globe.desk.fill	2022	16.0	13.0	16.0	9.0	1.0	objectsandtools	geography			globe.desk	fill
globe.europe.africa	2021	15.0	12.0	15.0	8.0	1.0	nature	earth		globe.europe.africa.fill	globe.europe.africa	
globe.europe.africa.fill	2021	15.0	12.0	15.0	8.0	1.0	nature	earth			globe.europe.africa	fill
globe.fill	2025	26.0	26.0	26.0	26.0	26.0	keyboard				globe	fill
glowplug	2022.1	16.1	13.0	16.1	9.1	1.0	automotive				glowplug	
graduationcap	2020	14.0	11.0	14.0	7.0	1.0	objectsandtools	college,education,hat,school,student		graduationcap.fill	graduationcap	
graduationcap.circle	2021	15.0	12.0	15.0	8.0	1.0	objectsandtools,variable	college,education,hat,school,student		graduationcap.circle.fill	graduationcap	circle
graduationcap.circle.fill	2021	15.0	12.0	15.0	8.0	1.0	multicolor,objectsandtools	college,education,hat,school,student			graduationcap	circle,fill
graduationcap.fill	2020	14.0	11.0	14.0	7.0	1.0	objectsandtools	college,education,hat,school,student			graduationcap	fill
graph.2d	2025	26.0	26.0	26.0	26.0	26.0	math				graph.2d	
graph.3d	2025	26.0	26.0	26.0	26.0	26.0	math				graph.3d	
greaterthan	2019	13.0	10.15	13.0	6.0	1.0	math	>			greaterthan	
greaterthan.circle	2019	13.0	10.15	13.0	6.0	1.0	math,variable	>		greaterthan.circle.fill	greaterthan	circle
greaterthan.circle.fill	2019	13.0	10.15	13.0	6.0	1.0	math,multicolor	>			greaterthan	circle,fill
greaterthan.square	2019	13.0	10.15	13.0	6.0	1.0	math	>		greaterthan.square.fill	greaterthan	square
greaterthan.square.fill	2019	13.0	10.15	13.0	6.0	1.0	math,multicolor	>			greaterthan	square,fill
greaterthanorequalto	2024	18.0	15.0	18.0	11.0	2.0	math	>,≥			greaterthanorequalto	
greaterthanorequalto.circle	2024	18.0	15.0	18.0	11.0	2.0	math,variable	>,≥		greaterthanorequalto.circle.fill	greaterthanorequalto	circle
greaterthanorequalto.circle.fill	2024	18.0	15.0	18.0	11.0	2.0	math,multicolor	>,≥			greaterthanorequalto	circle,fill
greaterthanorequalto.square	2024	18.0	15.0	18.0	11.0	2.0	math	>,≥		greaterthanorequalto.square.fill	greaterthanorequalto	square
greaterthanorequalto.square.fill	2024	18.0	15.0	18.0	11.0	2.0	math,multicolor	>,≥			greaterthanorequalto	square,fill
greetingcard	2020	14.0	11.0	14.0	7.0	1.0	objectsandtools			greetingcard.fill	greetingcard	
greetingcard.fill	2020	14.0	11.0	14.0	7.0	1.0	objectsandtools				greetingcard	fill
grid	2019	13.0	10.15	13.0	6.0	1.0					grid	
grid.circle	2019	13.0	10.15	13.0	6.0	1.0	variable			grid.circle.fill	grid	circle
grid.circle.fill	2019	13.0	10.15	13.0	6.0	1.0	multicolor				grid	circle,fill
guaranisign	2022	16.0	13.0	16.0	9.0	1.0	commerce,indices	currencies,currency			guaranisign	
guaranisign.arrow.trianglehead.counterclockwise.rotate.90	2024	18.0	15.0	18.0	11.0	2.0	arrows,commerce	currencies,currency			guaranisign.arrow.trianglehead.counterclockwise.rotate.90	
guaranisign.building.classical	2026	27.0	27.0	27.0	27.0	27.0	commerce,objectsandtools	currencies,currency		guaranisign.building.classical.fill	guaranisign.building.classical	
guaranisign.building.classical.fill	2026	27.0	27.0	27.0	27.0	27.0	commerce,multicolor,objectsandtools	currencies,currency			guaranisign.building.classical	fill
guaranisign.circle	2019	13.0	10.15	13.0	6.0	1.0	commerce,indices,variable	currencies,currency		guaranisign.circle.fill	guaranisign	circle
guaranisign.circle.fill	2019	13.0	10.15	13.0	6.0	1.0	commerce,indices,multicolor	currencies,currency			guaranisign	circle,fill
guaranisign.gauge.chart.lefthalf.righthalf	2024	18.0	15.0	18.0	11.0	2.0	commerce,home,variable				guaranisign.gauge.chart.lefthalf.righthalf	
guaranisign.gauge.chart.leftthird.topthird.rightthird	2024	18.0	15.0	18.0	11.0	2.0	commerce,home,variable				guaranisign.gauge.chart.leftthird.topthird.rightthird	
guaranisign.ring	2024	18.0	15.0	18.0	11.0	2.0	commerce,home				guaranisign.ring	
guaranisign.ring.dashed	2024	18.0	15.0	18.0	11.0	2.0	commerce,home,variable				guaranisign.ring.dashed	
guaranisign.square	2019	13.0	10.15	13.0	6.0	1.0	commerce,indices	currencies,currency		guaranisign.square.fill	guaranisign	square
guaranisign.square.fill	2019	13.0	10.15	13.0	6.0	1.0	commerce,indices,multicolor	currencies,currency			guaranisign	square,fill
guidepoint.horizontal	2025	26.0	26.0	26.0	26.0	26.0	editing				guidepoint.horizontal	
guidepoint.vertical	2025	26.0	26.0	26.0	26.0	26.0	editing				guidepoint.vertical	
guidepoint.vertical.arrowtriangle.forward	2025	26.0	26.0	26.0	26.0	26.0	editing				guidepoint.vertical.arrowtriangle.forward	
guidepoint.vertical.numbers	2025	26.0	26.0	26.0	26.0	26.0	editing				guidepoint.vertical.numbers	
guitars	2019	13.0	10.15	13.0	6.0	1.0	objectsandtools			guitars.fill	guitars	
guitars.fill	2020	14.0	11.0	14.0	7.0	1.0	objectsandtools				guitars	fill
gyroscope	2020	14.0	11.0	14.0	7.0	1.0	objectsandtools				gyroscope	
h.circle	2019	13.0	10.15	13.0	6.0	1.0	indices,variable			h.circle.fill	h	circle
h.circle.fill	2019	13.0	10.15	13.0	6.0	1.0	indices,multicolor				h	circle,fill
h.square	2019	13.0	10.15	13.0	6.0	1.0	indices			h.square.fill	h	square
h.square.fill	2019	13.0	10.15	13.0	6.0	1.0	indices,multicolor				h	square,fill
h.square.on.square	2020	14.0	11.0	14.0	7.0	1.0				h.square.on.square.fill	h.square.on	square
h.square.on.square.fill	2021	15.0	12.0	15.0	8.0	1.0					h.square.on	square,fill
hammer	2019	13.0	10.15	13.0	6.0	1.0	objectsandtools			hammer.fill	hammer	
hammer.circle	2021	15.0	12.0	15.0	8.0	1.0	objectsandtools,variable			hammer.circle.fill	hammer	circle
hammer.circle.fill	2021	15.0	12.0	15.0	8.0	1.0	multicolor,objectsandtools				hammer	circle,fill
hammer.fill	2019	13.0	10.15	13.0	6.0	1.0	objectsandtools				hammer	fill
hammer.slash	2026	27.0	27.0	27.0	27.0	27.0	objectsandtools,whatsnew			hammer.slash.fill	hammer	slash
hammer.slash.fill	2026	27.0	27.0	27.0	27.0	27.0	objectsandtools,whatsnew				hammer	slash,fill
hand.draw	2019	13.0	10.15	13.0	6.0	1.0	human	touch		hand.draw.fill	hand.draw	
hand.draw.badge.ellipsis	2024	18.0	15.0	18.0	11.0	2.0	human,multicolor	touch		hand.draw.badge.ellipsis.fill	hand.draw.badge.ellipsis	
hand.draw.badge.ellipsis.fill	2024	18.0	15.0	18.0	11.0	2.0	human,multicolor	touch			hand.draw.badge.ellipsis	fill
hand.draw.fill	2019	13.0	10.15	13.0	6.0	1.0	human	touch			hand.draw	fill
hand.palm.facing	2024	18.0	15.0	18.0	11.0	2.0	human			hand.palm.facing.fill	hand.palm.facing	
hand.palm.facing.fill	2024	18.0	15.0	18.0	11.0	2.0	human				hand.palm.facing	fill
hand.pinch	2024	18.0	15.0	18.0	11.0	2.0	human			hand.pinch.fill	hand.pinch	
hand.pinch.fill	2024	18.0	15.0	18.0	11.0	2.0	human				hand.pinch	fill
hand.point.down	2020	14.0	11.0	14.0	7.0	1.0	human			hand.point.down.fill	hand.point.down	
hand.point.down.fill	2020	14.0	11.0	14.0	7.0	1.0	human				hand.point.down	fill
hand.point.left	2019	13.0	10.15	13.0	6.0	1.0	human			hand.point.left.fill	hand.point.left	
hand.point.left.fill	2019	13.0	10.15	13.0	6.0	1.0	human				hand.point.left	fill
hand.point.right	2019	13.0	10.15	13.0	6.0	1.0	human			hand.point.right.fill	hand.point.right	
hand.point.right.fill	2019	13.0	10.15	13.0	6.0	1.0	human				hand.point.right	fill
hand.point.up	2020	14.0	11.0	14.0	7.0	1.0	accessibility,human			hand.point.up.fill	hand.point.up	
hand.point.up.braille	2020	14.0	11.0	14.0	7.0	1.0	accessibility,human	touch		hand.point.up.braille.fill	hand.point.up.braille	
hand.point.up.braille.badge.ellipsis	2024	18.0	15.0	18.0	11.0	2.0	accessibility,human,multicolor	touch		hand.point.up.braille.badge.ellipsis.fill	hand.point.up.braille.badge.ellipsis	
hand.point.up.braille.badge.ellipsis.fill	2024	18.0	15.0	18.0	11.0	2.0	accessibility,human,multicolor	touch			hand.point.up.braille.badge.ellipsis	fill
hand.point.up.braille.fill	2020	14.0	11.0	14.0	7.0	1.0	accessibility,human	touch			hand.point.up.braille	fill
hand.point.up.fill	2020	14.0	11.0	14.0	7.0	1.0	accessibility,human				hand.point.up	fill
hand.point.up.left	2020	14.0	11.0	14.0	7.0	1.0	human	touch		hand.point.up.left.fill	hand.point.up.left	
hand.point.up.left.and.text	2023	17.0	14.0	17.0	10.0	1.0	human			hand.point.up.left.and.text.fill	hand.point.up.left.and.text	
hand.point.up.left.and.text.fill	2023	17.0	14.0	17.0	10.0	1.0	human				hand.point.up.left.and.text	fill
hand.point.up.left.fill	2020	14.0	11.0	14.0	7.0	1.0	human	touch			hand.point.up.left	fill
hand.raised	2019	13.0	10.15	13.0	6.0	1.0	human,multicolor,privacyandsecurity	block,privacy		hand.raised.fill	hand.raised	
hand.raised.app	2022.1	16.1	13.0	16.1	9.1	1.0	human,privacyandsecurity	privacy		hand.raised.app.fill	hand.raised.app	
hand.raised.app.fill	2022.1	16.1	13.0	16.1	9.1	1.0	human,multicolor,privacyandsecurity	privacy			hand.raised.app	fill
hand.raised.brakesignal	2022.1	16.1	13.0	16.1	9.1	1.0	automotive				hand.raised.brakesignal	
hand.raised.brakesignal.slash	2022.1	16.1	13.0	16.1	9.1	1.0	automotive				hand.raised.brakesignal	slash
hand.raised.circle	2021	15.0	12.0	15.0	8.0	1.0	human,multicolor,privacyandsecurity,variable	privacy		hand.raised.circle.fill	hand.raised	circle
hand.raised.circle.fill	2021	15.0	12.0	15.0	8.0	1.0	human,multicolor,privacyandsecurity	privacy			hand.raised	circle,fill
hand.raised.fill	2019	13.0	10.15	13.0	6.0	1.0	human,multicolor,privacyandsecurity	block,privacy			hand.raised	fill
hand.raised.fingers.spread	2022	16.0	13.0	16.0	9.0	1.0	human			hand.raised.fingers.spread.fill	hand.raised.fingers.spread	
hand.raised.fingers.spread.fill	2022	16.0	13.0	16.0	9.0	1.0	human				hand.raised.fingers.spread	fill
hand.raised.palm.facing	2024	18.0	15.0	18.0	11.0	2.0	human			hand.raised.palm.facing.fill	hand.raised.palm.facing	
hand.raised.palm.facing.fill	2024	18.0	15.0	18.0	11.0	2.0	human				hand.raised.palm.facing	fill
hand.raised.slash	2019	13.0	10.15	13.0	6.0	1.0	human,multicolor,privacyandsecurity	privacy,remove,unblock		hand.raised.slash.fill	hand.raised	slash
hand.raised.slash.fill	2019	13.0	10.15	13.0	6.0	1.0	human,privacyandsecurity	privacy,remove,unblock			hand.raised	slash,fill
hand.raised.square	2021	15.0	12.0	15.0	8.0	1.0	human,multicolor,privacyandsecurity	privacy		hand.raised.square.fill	hand.raised	square
hand.raised.square.fill	2021	15.0	12.0	15.0	8.0	1.0	human,multicolor,privacyandsecurity	privacy			hand.raised	square,fill
hand.raised.square.on.square	2021	15.0	12.0	15.0	8.0	1.0	privacyandsecurity			hand.raised.square.on.square.fill	hand.raised.square.on	square
hand.raised.square.on.square.fill	2021	15.0	12.0	15.0	8.0	1.0	privacyandsecurity				hand.raised.square.on	square,fill
hand.rays	2024	18.0	15.0	18.0	11.0	2.0	accessibility,human	touch		hand.rays.fill	hand.rays	
hand.rays.fill	2024	18.0	15.0	18.0	11.0	2.0	accessibility,human	touch			hand.rays	fill
hand.tap	2020	14.0	11.0	14.0	7.0	1.0	accessibility,human	touch		hand.tap.fill	hand.tap	
hand.tap.fill	2020	14.0	11.0	14.0	7.0	1.0	accessibility,human	touch			hand.tap	fill
hand.thumbsdown	2019	13.0	10.15	13.0	6.0	1.0	human	dislike		hand.thumbsdown.fill	hand.thumbsdown	
hand.thumbsdown.circle	2021	15.0	12.0	15.0	8.0	1.0	human,variable			hand.thumbsdown.circle.fill	hand.thumbsdown	circle
hand.thumbsdown.circle.fill	2021	15.0	12.0	15.0	8.0	1.0	human,multicolor				hand.thumbsdown	circle,fill
hand.thumbsdown.fill	2019	13.0	10.15	13.0	6.0	1.0	human	dislike			hand.thumbsdown	fill
hand.thumbsdown.filled.hand.thumbsup	2025	26.0	26.0	26.0	26.0	26.0	human				hand.thumbsdown.filled.hand.thumbsup	
hand.thumbsdown.hand.thumbsup	2025	26.0	26.0	26.0	26.0	26.0	human			hand.thumbsdown.hand.thumbsup.fill	hand.thumbsdown.hand.thumbsup	
hand.thumbsdown.hand.thumbsup.fill	2025	26.0	26.0	26.0	26.0	26.0	human				hand.thumbsdown.hand.thumbsup	fill
hand.thumbsdown.hand.thumbsup.filled	2025	26.0	26.0	26.0	26.0	26.0	human				hand.thumbsdown.hand.thumbsup.filled	
hand.thumbsdown.slash	2024.1	18.1	15.1	18.1	11.1	2.1	human			hand.thumbsdown.slash.fill	hand.thumbsdown	slash
hand.thumbsdown.slash.fill	2024.1	18.1	15.1	18.1	11.1	2.1	human				hand.thumbsdown	slash,fill
hand.thumbsup	2019	13.0	10.15	13.0	6.0	1.0	human	like		hand.thumbsup.fill	hand.thumbsup	
hand.thumbsup.circle	2021	15.0	12.0	15.0	8.0	1.0	human,variable			hand.thumbsup.circle.fill	hand.thumbsup	circle
hand.thumbsup.circle.fill	2021	15.0	12.0	15.0	8.0	1.0	human,multicolor				hand.thumbsup	circle,fill
hand.thumbsup.fill	2019	13.0	10.15	13.0	6.0	1.0	human	like			hand.thumbsup	fill
hand.thumbsup.slash	2024.1	18.1	15.1	18.1	11.1	2.1	human			hand.thumbsup.slash.fill	hand.thumbsup	slash
hand.thumbsup.slash.fill	2024.1	18.1	15.1	18.1	11.1	2.1	human				hand.thumbsup	slash,fill
hand.wave	2020	14.0	11.0	14.0	7.0	1.0	human			hand.wave.fill	hand.wave	
hand.wave.fill	2020	14.0	11.0	14.0	7.0	1.0	human				hand.wave	fill
handbag	2022.1	16.1	13.0	16.1	9.1	1.0	objectsandtools			handbag.fill	handbag	
handbag.circle	2023	17.0	14.0	17.0	10.0	1.0	objectsandtools,variable			handbag.circle.fill	handbag	circle
handbag.circle.fill	2023	17.0	14.0	17.0	10.0	1.0	multicolor,objectsandtools				handbag	circle,fill
handbag.fill	2022.1	16.1	13.0	16.1	9.1	1.0	objectsandtools				handbag	fill
handbag.sensor.tag.radiowaves.left.and.right	2025	26.0	26.0	26.0	26.0	26.0	devices,objectsandtools,variable			handbag.sensor.tag.radiowaves.left.and.right.fill	handbag.sensor.tag.radiowaves.left.and.right	
handbag.sensor.tag.radiowaves.left.and.right.fill	2025	26.0	26.0	26.0	26.0	26.0	devices,multicolor,objectsandtools,variable				handbag.sensor.tag.radiowaves.left.and.right	fill
hands.and.sparkles	2023	17.0	14.0	17.0	10.0	1.0	human			hands.and.sparkles.fill	hands.and.sparkles	
hands.and.sparkles.fill	2023	17.0	14.0	17.0	10.0	1.0	human				hands.and.sparkles	fill
hands.clap	2020	14.0	11.0	14.0	7.0	1.0	human			hands.clap.fill	hands.clap	
hands.clap.fill	2020	14.0	11.0	14.0	7.0	1.0	human				hands.clap	fill
hanger	2023	17.0	14.0	17.0	10.0	1.0	objectsandtools	clothing			hanger	
hare	2019	13.0	10.15	13.0	6.0	1.0	accessibility,nature	animals,fast,rabbit		hare.fill	hare	
hare.circle	2023	17.0	14.0	17.0	10.0	1.0	accessibility,nature,variable	animals,fast,rabbit		hare.circle.fill	hare	circle
hare.circle.fill	2023	17.0	14.0	17.0	10.0	1.0	accessibility,multicolor,nature	animals,fast,rabbit			hare	circle,fill
hare.fill	2019	13.0	10.15	13.0	6.0	1.0	accessibility,nature	animals,fast,rabbit			hare	fill
hat.cap	2024	18.0	15.0	18.0	11.0	2.0	objectsandtools	baseball		hat.cap.fill	hat.cap	
hat.cap.fill	2024	18.0	15.0	18.0	11.0	2.0	objectsandtools	baseball			hat.cap	fill
hat.widebrim	2024	18.0	15.0	18.0	11.0	2.0	objectsandtools			hat.widebrim.fill	hat.widebrim	
hat.widebrim.fill	2024	18.0	15.0	18.0	11.0	2.0	objectsandtools				hat.widebrim	fill
hazardsign	2022.1	16.1	13.0	16.1	9.1	1.0	automotive,multicolor			hazardsign.fill	hazardsign	
hazardsign.fill	2022.1	16.1	13.0	16.1	9.1	1.0	automotive,multicolor				hazardsign	fill
head.profile.vision.pro.remove	2025.1	26.1	26.1	26.1	26.1	26.1	devices		This symbol may not be modified and may only be used to refer to Apple Vision Pro.		head.profile.vision.pro.remove	
headlight.daytime	2022.1	16.1	13.0	16.1	9.1	1.0	automotive			headlight.daytime.fill	headlight.daytime	
headlight.daytime.fill	2022.1	16.1	13.0	16.1	9.1	1.0	automotive				headlight.daytime	fill
headlight.fog	2022.1	16.1	13.0	16.1	9.1	1.0	automotive,multicolor			headlight.fog.fill	headlight.fog	
headlight.fog.fill	2022.1	16.1	13.0	16.1	9.1	1.0	automotive,multicolor				headlight.fog	fill
headlight.high.beam	2022	16.0	13.0	16.0	9.0	1.0	automotive,multicolor			headlight.high.beam.fill	headlight.high.beam	
headlight.high.beam.fill	2022	16.0	13.0	16.0	9.0	1.0	automotive,multicolor				headlight.high.beam	fill
headlight.low.beam	2022	16.0	13.0	16.0	9.0	1.0	automotive,multicolor			headlight.low.beam.fill	headlight.low.beam	
headlight.low.beam.fill	2022	16.0	13.0	16.0	9.0	1.0	automotive,multicolor				headlight.low.beam	fill
headphones	2019	13.0	10.15	13.0	6.0	1.0	devices,objectsandtools	audio,sound,speaker			headphones	
headphones.circle	2020	14.0	11.0	14.0	7.0	1.0	devices,objectsandtools,variable	audio,sound,speaker		headphones.circle.fill	headphones	circle
headphones.circle.fill	2020	14.0	11.0	14.0	7.0	1.0	devices,multicolor,objectsandtools	audio,sound,speaker			headphones	circle,fill
headphones.dots	2024.2	18.2	15.2	18.2	11.2	2.2	devices,objectsandtools,variable	audio,sound,speaker			headphones.dots	
headphones.over.ear	2025	26.0	26.0	26.0	26.0	26.0	devices,objectsandtools	audio,sound,speaker			headphones.over.ear	
headphones.sensor.tag.radiowaves.left.and.right	2025	26.0	26.0	26.0	26.0	26.0	devices,objectsandtools,variable			headphones.sensor.tag.radiowaves.left.and.right.fill	headphones.sensor.tag.radiowaves.left.and.right	
headphones.sensor.tag.radiowaves.left.and.right.fill	2025	26.0	26.0	26.0	26.0	26.0	devices,multicolor,objectsandtools,variable				headphones.sensor.tag.radiowaves.left.and.right	fill
headphones.slash	2024	18.0	15.0	18.0	11.0	2.0	devices,objectsandtools	audio,sound,speaker			headphones	slash
headset	2024	18.0	15.0	18.0	11.0	2.0	automotive,devices,objectsandtools	concierge,road assistance			headset	
headset.circle	2024	18.0	15.0	18.0	11.0	2.0	automotive,devices,objectsandtools,variable	concierge,road assistance		headset.circle.fill	headset	circle
headset.circle.fill	2024	18.0	15.0	18.0	11.0	2.0	automotive,devices,multicolor,objectsandtools	concierge,road assistance			headset	circle,fill
hearingdevice.and.signal.meter	2022	16.0	13.0	16.0	9.0	1.0	accessibility,devices,health,human,variable	ear		hearingdevice.and.signal.meter.fill	hearingdevice.and.signal.meter	
hearingdevice.and.signal.meter.fill	2022	16.0	13.0	16.0	9.0	1.0	accessibility,devices,health,human,variable	ear			hearingdevice.and.signal.meter	fill
hearingdevice.ear	2021	15.0	12.0	15.0	8.0	1.0	accessibility,devices,health,human	ear		hearingdevice.ear.fill	hearingdevice.ear	
hearingdevice.ear.fill	2022	16.0	13.0	16.0	9.0	1.0	accessibility,devices,health,human	ear			hearingdevice.ear	fill
heart	2019	13.0	10.15	13.0	6.0	1.0	health,multicolor,variable	love,medical		heart.fill	heart	
heart.badge.bolt	2025	26.0	26.0	26.0	26.0	26.0	health			heart.badge.bolt.fill	heart.badge.bolt	
heart.badge.bolt.fill	2025	26.0	26.0	26.0	26.0	26.0	health				heart.badge.bolt	fill
heart.badge.bolt.slash	2025	26.0	26.0	26.0	26.0	26.0	health			heart.badge.bolt.slash.fill	heart.badge.bolt	slash
heart.badge.bolt.slash.fill	2025	26.0	26.0	26.0	26.0	26.0	health				heart.badge.bolt	slash,fill
heart.circle	2019	13.0	10.15	13.0	6.0	1.0	health,multicolor,variable	love,medical		heart.circle.fill	heart	circle
heart.circle.fill	2019	13.0	10.15	13.0	6.0	1.0	health,multicolor	love,medical			heart	circle,fill
heart.fill	2019	13.0	10.15	13.0	6.0	1.0	health,multicolor	love,medical			heart	fill
heart.gauge.open	2025	26.0	26.0	26.0	26.0	26.0	variable				heart.gauge.open	
heart.rectangle	2021	15.0	12.0	15.0	8.0	1.0	multicolor	medical		heart.rectangle.fill	heart	rectangle
heart.rectangle.fill	2021	15.0	12.0	15.0	8.0	1.0	multicolor	medical			heart	rectangle,fill
heart.slash	2019	13.0	10.15	13.0	6.0	1.0	multicolor,variable	remove		heart.slash.fill	heart	slash
heart.slash.circle	2019	13.0	10.15	13.0	6.0	1.0	multicolor,variable	remove		heart.slash.circle.fill	heart	slash,circle
heart.slash.circle.fill	2019	13.0	10.15	13.0	6.0	1.0	multicolor	remove			heart	slash,circle,fill
heart.slash.fill	2019	13.0	10.15	13.0	6.0	1.0	multicolor	remove			heart	slash,fill
heart.square	2021	15.0	12.0	15.0	8.0	1.0	multicolor	medical		heart.square.fill	heart	square
heart.square.fill	2021	15.0	12.0	15.0	8.0	1.0	multicolor	medical			heart	square,fill
heart.text.clipboard	2024	18.0	15.0	18.0	11.0	2.0	health,multicolor,objectsandtools	notes		heart.text.clipboard.fill	heart.text.clipboard	
heart.text.clipboard.fill	2024	18.0	15.0	18.0	11.0	2.0	health,multicolor,objectsandtools	notes			heart.text.clipboard	fill
heart.text.square	2020	14.0	11.0	14.0	7.0	1.0	health	medical		heart.text.square.fill	heart.text	square
heart.text.square.fill	2020	14.0	11.0	14.0	7.0	1.0	health,multicolor	medical			heart.text	square,fill
heat.element.windshield	2022.1	16.1	13.0	16.1	9.1	1.0	automotive				heat.element.windshield	
heat.waves	2023	17.0	14.0	17.0	10.0	1.0	arrows,automotive				heat.waves	
heat.waves.and.fan	2024	18.0	15.0	18.0	11.0	2.0	automotive				heat.waves.and.fan	
heat.waves.circle	2025	26.0	26.0	26.0	26.0	26.0	arrows,automotive,variable			heat.waves.circle.fill	heat.waves	circle
heat.waves.circle.fill	2025	26.0	26.0	26.0	26.0	26.0	arrows,automotive,multicolor				heat.waves	circle,fill
heat.waves.gauge.open	2025	26.0	26.0	26.0	26.0	26.0	variable				heat.waves.gauge.open	
heater.vertical	2022	16.0	13.0	16.0	9.0	1.0	home,objectsandtools			heater.vertical.fill	heater.vertical	
heater.vertical.fill	2022	16.0	13.0	16.0	9.0	1.0	home,objectsandtools				heater.vertical	fill
helm	2019	13.0	10.15	13.0	6.0	1.0					helm	
helmet	2024	18.0	15.0	18.0	11.0	2.0	objectsandtools	bike		helmet.fill	helmet	
helmet.fill	2024	18.0	15.0	18.0	11.0	2.0	objectsandtools	bike			helmet	fill
hexagon	2019	13.0	10.15	13.0	6.0	1.0	shapes			hexagon.fill	hexagon	
hexagon.bottomhalf.filled	2021	15.0	12.0	15.0	8.0	1.0					hexagon.bottomhalf.filled	
hexagon.fill	2019	13.0	10.15	13.0	6.0	1.0	shapes				hexagon	fill
hexagon.lefthalf.filled	2021	15.0	12.0	15.0	8.0	1.0					hexagon.lefthalf.filled	
hexagon.righthalf.filled	2021	15.0	12.0	15.0	8.0	1.0					hexagon.righthalf.filled	
hexagon.tophalf.filled	2021	15.0	12.0	15.0	8.0	1.0					hexagon.tophalf.filled	
hifireceiver	2022	16.0	13.0	16.0	9.0	1.0	home,objectsandtools			hifireceiver.fill	hifireceiver	
hifireceiver.fill	2022	16.0	13.0	16.0	9.0	1.0	home,objectsandtools				hifireceiver	fill
hifispeaker	2019	13.0	10.15	13.0	6.0	1.0	devices	audio,sound,speaker		hifispeaker.fill	hifispeaker	
hifispeaker.2	2020	14.0	11.0	14.0	7.0	1.0	devices	audio,sound,speaker		hifispeaker.2.fill	hifispeaker.2	
hifispeaker.2.badge.checkmark	2026	27.0	27.0	27.0	27.0	27.0	devices,multicolor,whatsnew	audio,sound,speaker		hifispeaker.2.badge.checkmark.fill	hifispeaker.2.badge.checkmark	
hifispeaker.2.badge.checkmark.fill	2026	27.0	27.0	27.0	27.0	27.0	devices,multicolor,whatsnew	audio,sound,speaker			hifispeaker.2.badge.checkmark	fill
hifispeaker.2.badge.exclamationmark	2026	27.0	27.0	27.0	27.0	27.0	devices,multicolor,whatsnew	audio,sound,speaker		hifispeaker.2.badge.exclamationmark.fill	hifispeaker.2.badge.exclamationmark	
hifispeaker.2.badge.exclamationmark.fill	2026	27.0	27.0	27.0	27.0	27.0	devices,multicolor,whatsnew	audio,sound,speaker			hifispeaker.2.badge.exclamationmark	fill
hifispeaker.2.badge.minus	2024	18.0	15.0	18.0	11.0	2.0	devices,multicolor	audio,sound,speaker		hifispeaker.2.badge.minus.fill	hifispeaker.2.badge.minus	
hifispeaker.2.badge.minus.fill	2024	18.0	15.0	18.0	11.0	2.0	devices,multicolor	audio,sound,speaker			hifispeaker.2.badge.minus	fill
hifispeaker.2.badge.plus	2024	18.0	15.0	18.0	11.0	2.0	devices,multicolor	audio,sound,speaker		hifispeaker.2.badge.plus.fill	hifispeaker.2.badge.plus	
hifispeaker.2.badge.plus.fill	2024	18.0	15.0	18.0	11.0	2.0	devices,multicolor	audio,sound,speaker			hifispeaker.2.badge.plus	fill
hifispeaker.2.fill	2020	14.0	11.0	14.0	7.0	1.0	devices	audio,sound,speaker			hifispeaker.2	fill
hifispeaker.and.appletv	2021	15.0	12.0	15.0	8.0	1.0	devices		This symbol may not be modified and may only be used to refer to Apple TV.	hifispeaker.and.appletv.fill	hifispeaker.and.appletv	
hifispeaker.and.appletv.fill	2021	15.0	12.0	15.0	8.0	1.0	devices		This symbol may not be modified and may only be used to refer to Apple TV.		hifispeaker.and.appletv	fill
hifispeaker.and.homepod	2020	14.0	11.0	14.0	7.0	1.0	devices	audio,sound,speaker	This symbol may not be modified and may only be used to refer to Apple’s HomePod.	hifispeaker.and.homepod.fill	hifispeaker.and.homepod	
hifispeaker.and.homepod.badge.checkmark	2026	27.0	27.0	27.0	27.0	27.0	devices,multicolor,whatsnew	audio,sound,speaker	This symbol may not be modified and may only be used to refer to Apple’s HomePod.	hifispeaker.and.homepod.badge.checkmark.fill	hifispeaker.and.homepod.badge.checkmark	
hifispeaker.and.homepod.badge.checkmark.fill	2026	27.0	27.0	27.0	27.0	27.0	devices,multicolor,whatsnew	audio,sound,speaker	This symbol may not be modified and may only be used to refer to Apple’s HomePod.		hifispeaker.and.homepod.badge.checkmark	fill
hifispeaker.and.homepod.badge.exclamationmark	2026	27.0	27.0	27.0	27.0	27.0	devices,multicolor,whatsnew	audio,sound,speaker	This symbol may not be modified and may only be used to refer to Apple’s HomePod.	hifispeaker.and.homepod.badge.exclamationmark.fill	hifispeaker.and.homepod.badge.exclamationmark	
hifispeaker.and.homepod.badge.exclamationmark.fill	2026	27.0	27.0	27.0	27.0	27.0	devices,multicolor,whatsnew	audio,sound,speaker	This symbol may not be modified and may only be used to refer to Apple’s HomePod.		hifispeaker.and.homepod.badge.exclamationmark	fill
hifispeaker.and.homepod.badge.minus	2024	18.0	15.0	18.0	11.0	2.0	devices,multicolor	audio,sound,speaker	This symbol may not be modified and may only be used to refer to Apple’s HomePod.	hifispeaker.and.homepod.badge.minus.fill	hifispeaker.and.homepod.badge.minus	
hifispeaker.and.homepod.badge.minus.fill	2024	18.0	15.0	18.0	11.0	2.0	devices,multicolor	audio,sound,speaker	This symbol may not be modified and may only be used to refer to Apple’s HomePod.		hifispeaker.and.homepod.badge.minus	fill
hifispeaker.and.homepod.badge.plus	2024	18.0	15.0	18.0	11.0	2.0	devices,multicolor	audio,sound,speaker	This symbol may not be modified and may only be used to refer to Apple’s HomePod.	hifispeaker.and.homepod.badge.plus.fill	hifispeaker.and.homepod.badge.plus	
hifispeaker.and.homepod.badge.plus.fill	2024	18.0	15.0	18.0	11.0	2.0	devices,multicolor	audio,sound,speaker	This symbol may not be modified and may only be used to refer to Apple’s HomePod.		hifispeaker.and.homepod.badge.plus	fill
hifispeaker.and.homepod.fill	2020	14.0	11.0	14.0	7.0	1.0	devices	audio,sound,speaker	This symbol may not be modified and may only be used to refer to Apple’s HomePod.		hifispeaker.and.homepod	fill
hifispeaker.and.homepod.mini	2024	18.0	15.0	18.0	11.0	2.0	devices	audio,sound,speaker	This symbol may not be modified and may only be used to refer to Apple’s HomePod mini.	hifispeaker.and.homepod.mini.fill	hifispeaker.and.homepod.mini	
hifispeaker.and.homepod.mini.badge.checkmark	2026	27.0	27.0	27.0	27.0	27.0	devices,multicolor,whatsnew	audio,sound,speaker	This symbol may not be modified and may only be used to refer to Apple’s HomePod mini.	hifispeaker.and.homepod.mini.badge.checkmark.fill	hifispeaker.and.homepod.mini.badge.checkmark	
hifispeaker.and.homepod.mini.badge.checkmark.fill	2026	27.0	27.0	27.0	27.0	27.0	devices,multicolor,whatsnew	audio,sound,speaker	This symbol may not be modified and may only be used to refer to Apple’s HomePod mini.		hifispeaker.and.homepod.mini.badge.checkmark	fill
hifispeaker.and.homepod.mini.badge.exclamationmark	2026	27.0	27.0	27.0	27.0	27.0	devices,multicolor,whatsnew	audio,sound,speaker	This symbol may not be modified and may only be used to refer to Apple’s HomePod mini.	hifispeaker.and.homepod.mini.badge.exclamationmark.fill	hifispeaker.and.homepod.mini.badge.exclamationmark	
hifispeaker.and.homepod.mini.badge.exclamationmark.fill	2026	27.0	27.0	27.0	27.0	27.0	devices,multicolor,whatsnew	audio,sound,speaker	This symbol may not be modified and may only be used to refer to Apple’s HomePod mini.		hifispeaker.and.homepod.mini.badge.exclamationmark	fill
hifispeaker.and.homepod.mini.badge.minus	2024	18.0	15.0	18.0	11.0	2.0	devices,multicolor	audio,sound,speaker	This symbol may not be modified and may only be used to refer to Apple’s HomePod mini.	hifispeaker.and.homepod.mini.badge.minus.fill	hifispeaker.and.homepod.mini.badge.minus	
hifispeaker.and.homepod.mini.badge.minus.fill	2024	18.0	15.0	18.0	11.0	2.0	devices,multicolor	audio,sound,speaker	This symbol may not be modified and may only be used to refer to Apple’s HomePod mini.		hifispeaker.and.homepod.mini.badge.minus	fill
hifispeaker.and.homepod.mini.badge.plus	2024	18.0	15.0	18.0	11.0	2.0	devices,multicolor	audio,sound,speaker	This symbol may not be modified and may only be used to refer to Apple’s HomePod mini.	hifispeaker.and.homepod.mini.badge.plus.fill	hifispeaker.and.homepod.mini.badge.plus	
hifispeaker.and.homepod.mini.badge.plus.fill	2024	18.0	15.0	18.0	11.0	2.0	devices,multicolor	audio,sound,speaker	This symbol may not be modified and may only be used to refer to Apple’s HomePod mini.		hifispeaker.and.homepod.mini.badge.plus	fill
hifispeaker.and.homepod.mini.fill	2024	18.0	15.0	18.0	11.0	2.0	devices	audio,sound,speaker	This symbol may not be modified and may only be used to refer to Apple’s HomePod mini.		hifispeaker.and.homepod.mini	fill
hifispeaker.arrow.forward	2024	18.0	15.0	18.0	11.0	2.0	devices	audio,sound,speaker		hifispeaker.arrow.forward.fill	hifispeaker.arrow.forward	
hifispeaker.arrow.forward.fill	2024	18.0	15.0	18.0	11.0	2.0	devices	audio,sound,speaker			hifispeaker.arrow.forward	fill
hifispeaker.badge.checkmark	2026	27.0	27.0	27.0	27.0	27.0	devices,multicolor,whatsnew	audio,sound,speaker		hifispeaker.badge.checkmark.fill	hifispeaker.badge.checkmark	
hifispeaker.badge.checkmark.fill	2026	27.0	27.0	27.0	27.0	27.0	devices,multicolor,whatsnew	audio,sound,speaker			hifispeaker.badge.checkmark	fill
hifispeaker.badge.exclamationmark	2026	27.0	27.0	27.0	27.0	27.0	devices,multicolor,whatsnew	audio,sound,speaker		hifispeaker.badge.exclamationmark.fill	hifispeaker.badge.exclamationmark	
hifispeaker.badge.exclamationmark.fill	2026	27.0	27.0	27.0	27.0	27.0	devices,multicolor,whatsnew	audio,sound,speaker			hifispeaker.badge.exclamationmark	fill
hifispeaker.badge.minus	2024	18.0	15.0	18.0	11.0	2.0	devices,multicolor	audio,sound,speaker		hifispeaker.badge.minus.fill	hifispeaker.badge.minus	
hifispeaker.badge.minus.fill	2024	18.0	15.0	18.0	11.0	2.0	devices,multicolor	audio,sound,speaker			hifispeaker.badge.minus	fill
hifispeaker.badge.plus	2024	18.0	15.0	18.0	11.0	2.0	devices,multicolor	audio,sound,speaker		hifispeaker.badge.plus.fill	hifispeaker.badge.plus	
hifispeaker.badge.plus.fill	2024	18.0	15.0	18.0	11.0	2.0	devices,multicolor	audio,sound,speaker			hifispeaker.badge.plus	fill
hifispeaker.fill	2019	13.0	10.15	13.0	6.0	1.0	devices	audio,sound,speaker			hifispeaker	fill
highlighter	2020	14.0	11.0	14.0	7.0	1.0	editing,objectsandtools	write,writing			highlighter	
highlighter.badge.ellipsis	2025	26.0	26.0	26.0	26.0	26.0	editing,multicolor,objectsandtools	write,writing			highlighter.badge.ellipsis	
hockey.puck	2022	16.0	13.0	16.0	9.0	1.0	fitness,objectsandtools	sports		hockey.puck.fill	hockey.puck	
hockey.puck.circle	2022	16.0	13.0	16.0	9.0	1.0	fitness,objectsandtools,variable	sports		hockey.puck.circle.fill	hockey.puck	circle
hockey.puck.circle.fill	2022	16.0	13.0	16.0	9.0	1.0	fitness,multicolor,objectsandtools	sports			hockey.puck	circle,fill
hockey.puck.fill	2022	16.0	13.0	16.0	9.0	1.0	fitness,objectsandtools	sports			hockey.puck	fill
hold.brakesignal	2022	16.0	13.0	16.0	9.0	1.0	automotive				hold.brakesignal	
homepod	2020	14.0	11.0	14.0	7.0	1.0	devices	audio,sound,speaker	This symbol may not be modified and may only be used to refer to Apple’s HomePod.	homepod.fill	homepod	
homepod.2	2020	14.0	11.0	14.0	7.0	1.0	devices	audio,sound,speaker	This symbol may not be modified and may only be used to refer to Apple’s HomePod.	homepod.2.fill	homepod.2	
homepod.2.badge.checkmark	2026	27.0	27.0	27.0	27.0	27.0	devices,multicolor,whatsnew	audio,sound,speaker	This symbol may not be modified and may only be used to refer to Apple’s HomePod.	homepod.2.badge.checkmark.fill	homepod.2.badge.checkmark	
homepod.2.badge.checkmark.fill	2026	27.0	27.0	27.0	27.0	27.0	devices,multicolor,whatsnew	audio,sound,speaker	This symbol may not be modified and may only be used to refer to Apple’s HomePod.		homepod.2.badge.checkmark	fill
homepod.2.badge.exclamationmark	2026	27.0	27.0	27.0	27.0	27.0	devices,multicolor,whatsnew	audio,sound,speaker	This symbol may not be modified and may only be used to refer to Apple’s HomePod.	homepod.2.badge.exclamationmark.fill	homepod.2.badge.exclamationmark	
homepod.2.badge.exclamationmark.fill	2026	27.0	27.0	27.0	27.0	27.0	devices,multicolor,whatsnew	audio,sound,speaker	This symbol may not be modified and may only be used to refer to Apple’s HomePod.		homepod.2.badge.exclamationmark	fill
homepod.2.badge.minus	2024	18.0	15.0	18.0	11.0	2.0	devices,multicolor	audio,sound,speaker	This symbol may not be modified and may only be used to refer to Apple’s HomePod.	homepod.2.badge.minus.fill	homepod.2.badge.minus	
homepod.2.badge.minus.fill	2024	18.0	15.0	18.0	11.0	2.0	devices,multicolor	audio,sound,speaker	This symbol may not be modified and may only be used to refer to Apple’s HomePod.		homepod.2.badge.minus	fill
homepod.2.badge.plus	2024	18.0	15.0	18.0	11.0	2.0	devices,multicolor	audio,sound,speaker	This symbol may not be modified and may only be used to refer to Apple’s HomePod.	homepod.2.badge.plus.fill	homepod.2.badge.plus	
homepod.2.badge.plus.fill	2024	18.0	15.0	18.0	11.0	2.0	devices,multicolor	audio,sound,speaker	This symbol may not be modified and may only be used to refer to Apple’s HomePod.		homepod.2.badge.plus	fill
homepod.2.fill	2020	14.0	11.0	14.0	7.0	1.0	devices	audio,sound,speaker	This symbol may not be modified and may only be used to refer to Apple’s HomePod.		homepod.2	fill
homepod.and.appletv	2021	15.0	12.0	15.0	8.0	1.0	devices		This symbol may not be modified and may only be used to refer to Apple’s HomePod and Apple TV.	homepod.and.appletv.fill	homepod.and.appletv	
homepod.and.appletv.fill	2021	15.0	12.0	15.0	8.0	1.0	devices		This symbol may not be modified and may only be used to refer to Apple’s HomePod and Apple TV.		homepod.and.appletv	fill
homepod.and.homepod.mini	2024	18.0	15.0	18.0	11.0	2.0	devices	audio,sound,speaker	This symbol may not be modified and may only be used to refer to Apple’s HomePod and HomePod mini.	homepod.and.homepod.mini.fill	homepod.and.homepod.mini	
homepod.and.homepod.mini.badge.checkmark	2026	27.0	27.0	27.0	27.0	27.0	devices,multicolor,whatsnew	audio,sound,speaker	This symbol may not be modified and may only be used to refer to Apple’s HomePod and HomePod mini.	homepod.and.homepod.mini.badge.checkmark.fill	homepod.and.homepod.mini.badge.checkmark	
homepod.and.homepod.mini.badge.checkmark.fill	2026	27.0	27.0	27.0	27.0	27.0	devices,multicolor,whatsnew	audio,sound,speaker	This symbol may not be modified and may only be used to refer to Apple’s HomePod and HomePod mini.		homepod.and.homepod.mini.badge.checkmark	fill
homepod.and.homepod.mini.badge.exclamationmark	2026	27.0	27.0	27.0	27.0	27.0	devices,multicolor,whatsnew	audio,sound,speaker	This symbol may not be modified and may only be used to refer to Apple’s HomePod and HomePod mini.	homepod.and.homepod.mini.badge.exclamationmark.fill	homepod.and.homepod.mini.badge.exclamationmark	
homepod.and.homepod.mini.badge.exclamationmark.fill	2026	27.0	27.0	27.0	27.0	27.0	devices,multicolor,whatsnew	audio,sound,speaker	This symbol may not be modified and may only be used to refer to Apple’s HomePod and HomePod mini.		homepod.and.homepod.mini.badge.exclamationmark	fill
homepod.and.homepod.mini.badge.minus	2024	18.0	15.0	18.0	11.0	2.0	devices,multicolor	audio,sound,speaker	This symbol may not be modified and may only be used to refer to Apple’s HomePod and HomePod mini.	homepod.and.homepod.mini.badge.minus.fill	homepod.and.homepod.mini.badge.minus	
homepod.and.homepod.mini.badge.minus.fill	2024	18.0	15.0	18.0	11.0	2.0	devices,multicolor	audio,sound,speaker	This symbol may not be modified and may only be used to refer to Apple’s HomePod and HomePod mini.		homepod.and.homepod.mini.badge.minus	fill
homepod.and.homepod.mini.badge.plus	2024	18.0	15.0	18.0	11.0	2.0	devices,multicolor	audio,sound,speaker	This symbol may not be modified and may only be used to refer to Apple’s HomePod and HomePod mini.	homepod.and.homepod.mini.badge.plus.fill	homepod.and.homepod.mini.badge.plus	
homepod.and.homepod.mini.badge.plus.fill	2024	18.0	15.0	18.0	11.0	2.0	devices,multicolor	audio,sound,speaker	This symbol may not be modified and may only be used to refer to Apple’s HomePod and HomePod mini.		homepod.and.homepod.mini.badge.plus	fill
homepod.and.homepod.mini.fill	2024	18.0	15.0	18.0	11.0	2.0	devices	audio,sound,speaker	This symbol may not be modified and may only be used to refer to Apple’s HomePod and HomePod mini.		homepod.and.homepod.mini	fill
homepod.arrow.forward	2024	18.0	15.0	18.0	11.0	2.0	devices	audio,sound,speaker	This symbol may not be modified and may only be used to refer to Apple’s HomePod.	homepod.arrow.forward.fill	homepod.arrow.forward	
homepod.arrow.forward.fill	2024	18.0	15.0	18.0	11.0	2.0	devices	audio,sound,speaker	This symbol may not be modified and may only be used to refer to Apple’s HomePod.		homepod.arrow.forward	fill
homepod.badge.checkmark	2025	26.0	26.0	26.0	26.0	26.0	devices,multicolor	audio,sound,speaker	This symbol may not be modified and may only be used to refer to Apple’s HomePod.	homepod.badge.checkmark.fill	homepod.badge.checkmark	
homepod.badge.checkmark.fill	2025	26.0	26.0	26.0	26.0	26.0	devices,multicolor	audio,sound,speaker	This symbol may not be modified and may only be used to refer to Apple’s HomePod.		homepod.badge.checkmark	fill
homepod.badge.exclamationmark	2026	27.0	27.0	27.0	27.0	27.0	devices,multicolor,whatsnew	audio,sound,speaker	This symbol may not be modified and may only be used to refer to Apple’s HomePod.	homepod.badge.exclamationmark.fill	homepod.badge.exclamationmark	
homepod.badge.exclamationmark.fill	2026	27.0	27.0	27.0	27.0	27.0	devices,multicolor,whatsnew	audio,sound,speaker	This symbol may not be modified and may only be used to refer to Apple’s HomePod.		homepod.badge.exclamationmark	fill
homepod.badge.minus	2024	18.0	15.0	18.0	11.0	2.0	devices,multicolor	audio,sound,speaker	This symbol may not be modified and may only be used to refer to Apple’s HomePod.	homepod.badge.minus.fill	homepod.badge.minus	
homepod.badge.minus.fill	2024	18.0	15.0	18.0	11.0	2.0	devices,multicolor	audio,sound,speaker	This symbol may not be modified and may only be used to refer to Apple’s HomePod.		homepod.badge.minus	fill
homepod.badge.plus	2024	18.0	15.0	18.0	11.0	2.0	devices,multicolor	audio,sound,speaker	This symbol may not be modified and may only be used to refer to Apple’s HomePod.	homepod.badge.plus.fill	homepod.badge.plus	
homepod.badge.plus.fill	2024	18.0	15.0	18.0	11.0	2.0	devices,multicolor	audio,sound,speaker	This symbol may not be modified and may only be used to refer to Apple’s HomePod.		homepod.badge.plus	fill
homepod.fill	2020	14.0	11.0	14.0	7.0	1.0	devices	audio,sound,speaker	This symbol may not be modified and may only be used to refer to Apple’s HomePod.		homepod	fill
homepod.mini	2024	18.0	15.0	18.0	11.0	2.0	devices	audio,sound,speaker	This symbol may not be modified and may only be used to refer to Apple’s HomePod mini.	homepod.mini.fill	homepod.mini	
homepod.mini.2	2024	18.0	15.0	18.0	11.0	2.0	devices	audio,sound,speaker	This symbol may not be modified and may only be used to refer to Apple’s HomePod mini.	homepod.mini.2.fill	homepod.mini.2	
homepod.mini.2.badge.checkmark	2026	27.0	27.0	27.0	27.0	27.0	devices,multicolor,whatsnew	audio,sound,speaker	This symbol may not be modified and may only be used to refer to Apple’s HomePod mini.	homepod.mini.2.badge.checkmark.fill	homepod.mini.2.badge.checkmark	
homepod.mini.2.badge.checkmark.fill	2026	27.0	27.0	27.0	27.0	27.0	devices,multicolor,whatsnew	audio,sound,speaker	This symbol may not be modified and may only be used to refer to Apple’s HomePod mini.		homepod.mini.2.badge.checkmark	fill
homepod.mini.2.badge.exclamationmark	2026	27.0	27.0	27.0	27.0	27.0	devices,multicolor,whatsnew	audio,sound,speaker	This symbol may not be modified and may only be used to refer to Apple’s HomePod mini.	homepod.mini.2.badge.exclamationmark.fill	homepod.mini.2.badge.exclamationmark	
homepod.mini.2.badge.exclamationmark.fill	2026	27.0	27.0	27.0	27.0	27.0	devices,multicolor,whatsnew	audio,sound,speaker	This symbol may not be modified and may only be used to refer to Apple’s HomePod mini.		homepod.mini.2.badge.exclamationmark	fill
homepod.mini.2.badge.minus	2024	18.0	15.0	18.0	11.0	2.0	devices,multicolor	audio,sound,speaker	This symbol may not be modified and may only be used to refer to Apple’s HomePod mini.	homepod.mini.2.badge.minus.fill	homepod.mini.2.badge.minus	
homepod.mini.2.badge.minus.fill	2024	18.0	15.0	18.0	11.0	2.0	devices,multicolor	audio,sound,speaker	This symbol may not be modified and may only be used to refer to Apple’s HomePod mini.		homepod.mini.2.badge.minus	fill
homepod.mini.2.badge.plus	2024	18.0	15.0	18.0	11.0	2.0	devices,multicolor	audio,sound,speaker	This symbol may not be modified and may only be used to refer to Apple’s HomePod mini.	homepod.mini.2.badge.plus.fill	homepod.mini.2.badge.plus	
homepod.mini.2.badge.plus.fill	2024	18.0	15.0	18.0	11.0	2.0	devices,multicolor	audio,sound,speaker	This symbol may not be modified and may only be used to refer to Apple’s HomePod mini.		homepod.mini.2.badge.plus	fill
homepod.mini.2.fill	2024	18.0	15.0	18.0	11.0	2.0	devices	audio,sound,speaker	This symbol may not be modified and may only be used to refer to Apple’s HomePod mini.		homepod.mini.2	fill
homepod.mini.and.appletv	2025	26.0	26.0	26.0	26.0	26.0	devices		This symbol may not be modified and may only be used to refer to Apple’s HomePod mini and Apple TV.	homepod.mini.and.appletv.fill	homepod.mini.and.appletv	
homepod.mini.and.appletv.fill	2025	26.0	26.0	26.0	26.0	26.0	devices		This symbol may not be modified and may only be used to refer to Apple’s HomePod mini and Apple TV.		homepod.mini.and.appletv	fill
homepod.mini.arrow.forward	2024	18.0	15.0	18.0	11.0	2.0	devices	audio,sound,speaker	This symbol may not be modified and may only be used to refer to Apple’s HomePod mini.	homepod.mini.arrow.forward.fill	homepod.mini.arrow.forward	
homepod.mini.arrow.forward.fill	2024	18.0	15.0	18.0	11.0	2.0	devices	audio,sound,speaker	This symbol may not be modified and may only be used to refer to Apple’s HomePod mini.		homepod.mini.arrow.forward	fill
homepod.mini.badge.checkmark	2025	26.0	26.0	26.0	26.0	26.0	devices,multicolor	audio,sound,speaker	This symbol may not be modified and may only be used to refer to Apple’s HomePod mini.	homepod.mini.badge.checkmark.fill	homepod.mini.badge.checkmark	
homepod.mini.badge.checkmark.fill	2025	26.0	26.0	26.0	26.0	26.0	devices,multicolor	audio,sound,speaker	This symbol may not be modified and may only be used to refer to Apple’s HomePod mini.		homepod.mini.badge.checkmark	fill
homepod.mini.badge.exclamationmark	2026	27.0	27.0	27.0	27.0	27.0	devices,multicolor,whatsnew	audio,sound,speaker	This symbol may not be modified and may only be used to refer to Apple’s HomePod mini.	homepod.mini.badge.exclamationmark.fill	homepod.mini.badge.exclamationmark	
homepod.mini.badge.exclamationmark.fill	2026	27.0	27.0	27.0	27.0	27.0	devices,multicolor,whatsnew	audio,sound,speaker	This symbol may not be modified and may only be used to refer to Apple’s HomePod mini.		homepod.mini.badge.exclamationmark	fill
homepod.mini.badge.minus	2024	18.0	15.0	18.0	11.0	2.0	devices,multicolor	audio,sound,speaker	This symbol may not be modified and may only be used to refer to Apple’s HomePod mini.	homepod.mini.badge.minus.fill	homepod.mini.badge.minus	
homepod.mini.badge.minus.fill	2024	18.0	15.0	18.0	11.0	2.0	devices,multicolor	audio,sound,speaker	This symbol may not be modified and may only be used to refer to Apple’s HomePod mini.		homepod.mini.badge.minus	fill
homepod.mini.badge.plus	2024	18.0	15.0	18.0	11.0	2.0	devices,multicolor	audio,sound,speaker	This symbol may not be modified and may only be used to refer to Apple’s HomePod mini.	homepod.mini.badge.plus.fill	homepod.mini.badge.plus	
homepod.mini.badge.plus.fill	2024	18.0	15.0	18.0	11.0	2.0	devices,multicolor	audio,sound,speaker	This symbol may not be modified and may only be used to refer to Apple’s HomePod mini.		homepod.mini.badge.plus	fill
homepod.mini.fill	2024	18.0	15.0	18.0	11.0	2.0	devices	audio,sound,speaker	This symbol may not be modified and may only be used to refer to Apple’s HomePod mini.		homepod.mini	fill
horn	2023	17.0	14.0	17.0	10.0	1.0	automotive,objectsandtools			horn.fill	horn	
horn.blast	2023	17.0	14.0	17.0	10.0	1.0	automotive,objectsandtools			horn.blast.fill	horn.blast	
horn.blast.fill	2023	17.0	14.0	17.0	10.0	1.0	automotive,objectsandtools				horn.blast	fill
horn.fill	2023	17.0	14.0	17.0	10.0	1.0	automotive,objectsandtools				horn	fill
hourglass	2019	13.0	10.15	13.0	6.0	1.0	multicolor,objectsandtools,time				hourglass	
hourglass.badge.eye	2024	18.0	15.0	18.0	11.0	2.0	multicolor,objectsandtools,time				hourglass.badge.eye	
hourglass.badge.lock	2025	26.0	26.0	26.0	26.0	26.0	multicolor,objectsandtools,time				hourglass.badge.lock	
hourglass.badge.plus	2020	14.0	11.0	14.0	7.0	1.0	multicolor,objectsandtools,time	add			hourglass.badge.plus	
hourglass.bottomhalf.filled	2021	15.0	12.0	15.0	8.0	1.0	multicolor,objectsandtools,time				hourglass.bottomhalf.filled	
hourglass.circle	2021	15.0	12.0	15.0	8.0	1.0	multicolor,objectsandtools,time,variable			hourglass.circle.fill	hourglass	circle
hourglass.circle.fill	2021	15.0	12.0	15.0	8.0	1.0	multicolor,objectsandtools,time				hourglass	circle,fill
hourglass.tophalf.filled	2021	15.0	12.0	15.0	8.0	1.0	multicolor,objectsandtools,time				hourglass.tophalf.filled	
house	2019	13.0	10.15	13.0	6.0	1.0	gaming,home,multicolor	home,house		house.fill	house	
house.and.flag	2022.1	16.1	13.0	16.1	9.1	1.0	objectsandtools	campground,camping,ranger station		house.and.flag.fill	house.and.flag	
house.and.flag.circle	2022.1	16.1	13.0	16.1	9.1	1.0	objectsandtools,variable	campground,camping,ranger station		house.and.flag.circle.fill	house.and.flag	circle
house.and.flag.circle.fill	2022.1	16.1	13.0	16.1	9.1	1.0	multicolor,objectsandtools	campground,camping,ranger station			house.and.flag	circle,fill
house.and.flag.fill	2022.1	16.1	13.0	16.1	9.1	1.0	objectsandtools	campground,camping,ranger station			house.and.flag	fill
house.badge.exclamationmark	2024	18.0	15.0	18.0	11.0	2.0	media,multicolor	home,house		house.badge.exclamationmark.fill	house.badge.exclamationmark	
house.badge.exclamationmark.fill	2024	18.0	15.0	18.0	11.0	2.0	media,multicolor	home,house			house.badge.exclamationmark	fill
house.badge.wifi	2024	18.0	15.0	18.0	11.0	2.0	home,multicolor,variable	home,house		house.badge.wifi.fill	house.badge.wifi	
house.badge.wifi.fill	2024	18.0	15.0	18.0	11.0	2.0	home,multicolor,variable	home,house			house.badge.wifi	fill
house.circle	2020	14.0	11.0	14.0	7.0	1.0	gaming,home,multicolor,variable	home,house		house.circle.fill	house	circle
house.circle.fill	2020	14.0	11.0	14.0	7.0	1.0	gaming,home,multicolor	home,house			house	circle,fill
house.fill	2019	13.0	10.15	13.0	6.0	1.0	gaming,home,multicolor	home,house			house	fill
house.lodge	2022.1	16.1	13.0	16.1	9.1	1.0	objectsandtools	campground,camping		house.lodge.fill	house.lodge	
house.lodge.circle	2022.1	16.1	13.0	16.1	9.1	1.0	objectsandtools,variable	campground,camping		house.lodge.circle.fill	house.lodge	circle
house.lodge.circle.fill	2022.1	16.1	13.0	16.1	9.1	1.0	multicolor,objectsandtools	campground,camping			house.lodge	circle,fill
house.lodge.fill	2022.1	16.1	13.0	16.1	9.1	1.0	objectsandtools	campground,camping			house.lodge	fill
house.slash	2024	18.0	15.0	18.0	11.0	2.0	gaming,home	home,house		house.slash.fill	house	slash
house.slash.fill	2024	18.0	15.0	18.0	11.0	2.0	gaming,home	home,house			house	slash,fill
hryvniasign	2022	16.0	13.0	16.0	9.0	1.0	commerce,indices	currencies,currency			hryvniasign	
hryvniasign.arrow.trianglehead.counterclockwise.rotate.90	2024	18.0	15.0	18.0	11.0	2.0	arrows,commerce	currencies,currency			hryvniasign.arrow.trianglehead.counterclockwise.rotate.90	
hryvniasign.building.classical	2026	27.0	27.0	27.0	27.0	27.0	commerce,objectsandtools	currencies,currency		hryvniasign.building.classical.fill	hryvniasign.building.classical	
hryvniasign.building.classical.fill	2026	27.0	27.0	27.0	27.0	27.0	commerce,multicolor,objectsandtools	currencies,currency			hryvniasign.building.classical	fill
hryvniasign.circle	2019	13.0	10.15	13.0	6.0	1.0	commerce,indices,variable	currencies,currency		hryvniasign.circle.fill	hryvniasign	circle
hryvniasign.circle.fill	2019	13.0	10.15	13.0	6.0	1.0	commerce,indices,multicolor	currencies,currency			hryvniasign	circle,fill
hryvniasign.gauge.chart.lefthalf.righthalf	2024	18.0	15.0	18.0	11.0	2.0	commerce,home,variable				hryvniasign.gauge.chart.lefthalf.righthalf	
hryvniasign.gauge.chart.leftthird.topthird.rightthird	2024	18.0	15.0	18.0	11.0	2.0	commerce,home,variable				hryvniasign.gauge.chart.leftthird.topthird.rightthird	
hryvniasign.ring	2024	18.0	15.0	18.0	11.0	2.0	commerce,home				hryvniasign.ring	
hryvniasign.ring.dashed	2024	18.0	15.0	18.0	11.0	2.0	commerce,home,variable				hryvniasign.ring.dashed	
hryvniasign.square	2019	13.0	10.15	13.0	6.0	1.0	commerce,indices	currencies,currency		hryvniasign.square.fill	hryvniasign	square
hryvniasign.square.fill	2019	13.0	10.15	13.0	6.0	1.0	commerce,indices,multicolor	currencies,currency			hryvniasign	square,fill
humidifier	2022	16.0	13.0	16.0	9.0	1.0	home,objectsandtools			humidifier.fill	humidifier	
humidifier.and.droplets	2022	16.0	13.0	16.0	9.0	1.0	home,objectsandtools,variable	humidity,mist,water		humidifier.and.droplets.fill	humidifier.and.droplets	
humidifier.and.droplets.fill	2022	16.0	13.0	16.0	9.0	1.0	home,objectsandtools,variable	humidity,mist,water			humidifier.and.droplets	fill
humidifier.and.ellipsis	2025	26.0	26.0	26.0	26.0	26.0	home,objectsandtools,variable			humidifier.and.ellipsis.fill	humidifier.and.ellipsis	
humidifier.and.ellipsis.fill	2025	26.0	26.0	26.0	26.0	26.0	home,objectsandtools,variable				humidifier.and.ellipsis	fill
humidifier.fill	2022	16.0	13.0	16.0	9.0	1.0	home,objectsandtools				humidifier	fill
humidity	2021	15.0	12.0	15.0	8.0	1.0	nature,variable,weather	drop,weather		humidity.fill	humidity	
humidity.fill	2021	15.0	12.0	15.0	8.0	1.0	nature,variable,weather	drop,weather			humidity	fill
hurricane	2019	13.0	10.15	13.0	6.0	1.0	multicolor,nature,weather	weather			hurricane	
hurricane.circle	2022	16.0	13.0	16.0	9.0	1.0	nature,variable,weather	weather		hurricane.circle.fill	hurricane	circle
hurricane.circle.fill	2022	16.0	13.0	16.0	9.0	1.0	multicolor,nature,weather	weather			hurricane	circle,fill
hydrogen	2024.3	18.4	15.4	18.4	11.4	2.4	automotive				hydrogen	
hydrogen.circle	2024.3	18.4	15.4	18.4	11.4	2.4	automotive,variable			hydrogen.circle.fill	hydrogen	circle
hydrogen.circle.fill	2024.3	18.4	15.4	18.4	11.4	2.4	automotive,multicolor				hydrogen	circle,fill
hydrogen.square	2024.3	18.4	15.4	18.4	11.4	2.4	automotive			hydrogen.square.fill	hydrogen	square
hydrogen.square.fill	2024.3	18.4	15.4	18.4	11.4	2.4	automotive,multicolor				hydrogen	square,fill
i.circle	2019	13.0	10.15	13.0	6.0	1.0	indices,variable			i.circle.fill	i	circle
i.circle.fill	2019	13.0	10.15	13.0	6.0	1.0	indices,multicolor				i	circle,fill
i.square	2019	13.0	10.15	13.0	6.0	1.0	indices			i.square.fill	i	square
i.square.fill	2019	13.0	10.15	13.0	6.0	1.0	indices,multicolor				i	square,fill
icloud	2019	13.0	10.15	13.0	6.0	1.0	connectivity,multicolor		This symbol may not be modified and may only be used to refer to Apple’s iCloud service.	icloud.fill	icloud	
icloud.and.arrow.down	2019	13.0	10.15	13.0	6.0	1.0	connectivity		This symbol may not be modified and may only be used to refer to Apple’s iCloud service.	icloud.and.arrow.down.fill	icloud.and.arrow.down	
icloud.and.arrow.down.fill	2019	13.0	10.15	13.0	6.0	1.0	connectivity		This symbol may not be modified and may only be used to refer to Apple’s iCloud service.		icloud.and.arrow.down	fill
icloud.and.arrow.up	2019	13.0	10.15	13.0	6.0	1.0	connectivity		This symbol may not be modified and may only be used to refer to Apple’s iCloud service.	icloud.and.arrow.up.fill	icloud.and.arrow.up	
icloud.and.arrow.up.fill	2019	13.0	10.15	13.0	6.0	1.0	connectivity		This symbol may not be modified and may only be used to refer to Apple’s iCloud service.		icloud.and.arrow.up	fill
icloud.circle	2019	13.0	10.15	13.0	6.0	1.0	connectivity,multicolor,variable		This symbol may not be modified and may only be used to refer to Apple’s iCloud service.	icloud.circle.fill	icloud	circle
icloud.circle.fill	2019	13.0	10.15	13.0	6.0	1.0	connectivity,multicolor		This symbol may not be modified and may only be used to refer to Apple’s iCloud service.		icloud	circle,fill
icloud.dashed	2025	26.0	26.0	26.0	26.0	26.0	connectivity		This symbol may not be modified and may only be used to refer to Apple’s iCloud service.		icloud.dashed	
icloud.fill	2019	13.0	10.15	13.0	6.0	1.0	connectivity,multicolor		This symbol may not be modified and may only be used to refer to Apple’s iCloud service.		icloud	fill
icloud.slash	2019	13.0	10.15	13.0	6.0	1.0	connectivity,multicolor	remove	This symbol may not be modified and may only be used to refer to Apple’s iCloud service.	icloud.slash.fill	icloud	slash
icloud.slash.fill	2019	13.0	10.15	13.0	6.0	1.0	connectivity,multicolor	remove	This symbol may not be modified and may only be used to refer to Apple’s iCloud service.		icloud	slash,fill
icloud.square	2021	15.0	12.0	15.0	8.0	1.0	connectivity,multicolor		This symbol may not be modified and may only be used to refer to Apple’s iCloud service.	icloud.square.fill	icloud	square
icloud.square.fill	2021	15.0	12.0	15.0	8.0	1.0	connectivity,multicolor		This symbol may not be modified and may only be used to refer to Apple’s iCloud service.		icloud	square,fill
increase.indent	2019	13.0	10.15	13.0	6.0	1.0	multicolor,textformatting				increase.indent	
increase.quotelevel	2019	13.0	10.15	13.0	6.0	1.0	multicolor,textformatting				increase.quotelevel	
indianrupeesign	2022	16.0	13.0	16.0	9.0	1.0	commerce,indices	currencies,currency			indianrupeesign	
indianrupeesign.arrow.trianglehead.counterclockwise.rotate.90	2024	18.0	15.0	18.0	11.0	2.0	arrows,commerce	currencies,currency			indianrupeesign.arrow.trianglehead.counterclockwise.rotate.90	
indianrupeesign.building.classical	2026	27.0	27.0	27.0	27.0	27.0	commerce,objectsandtools	currencies,currency		indianrupeesign.building.classical.fill	indianrupeesign.building.classical	
indianrupeesign.building.classical.fill	2026	27.0	27.0	27.0	27.0	27.0	commerce,multicolor,objectsandtools	currencies,currency			indianrupeesign.building.classical	fill
indianrupeesign.circle	2019	13.0	10.15	13.0	6.0	1.0	commerce,indices,variable	currencies,currency		indianrupeesign.circle.fill	indianrupeesign	circle
indianrupeesign.circle.fill	2019	13.0	10.15	13.0	6.0	1.0	commerce,indices,multicolor	currencies,currency			indianrupeesign	circle,fill
indianrupeesign.gauge.chart.lefthalf.righthalf	2024	18.0	15.0	18.0	11.0	2.0	commerce,home,variable				indianrupeesign.gauge.chart.lefthalf.righthalf	
indianrupeesign.gauge.chart.leftthird.topthird.rightthird	2024	18.0	15.0	18.0	11.0	2.0	commerce,home,variable				indianrupeesign.gauge.chart.leftthird.topthird.rightthird	
indianrupeesign.ring	2024	18.0	15.0	18.0	11.0	2.0	commerce,home				indianrupeesign.ring	
indianrupeesign.ring.dashed	2024	18.0	15.0	18.0	11.0	2.0	commerce,home,variable				indianrupeesign.ring.dashed	
indianrupeesign.square	2019	13.0	10.15	13.0	6.0	1.0	commerce,indices	currencies,currency		indianrupeesign.square.fill	indianrupeesign	square
indianrupeesign.square.fill	2019	13.0	10.15	13.0	6.0	1.0	commerce,indices,multicolor	currencies,currency			indianrupeesign	square,fill
infinity	2020	14.0	11.0	14.0	7.0	1.0	media				infinity	
infinity.circle	2020.1	14.2	11.0	14.2	7.1	1.0	media,variable			infinity.circle.fill	infinity	circle
infinity.circle.fill	2020.1	14.2	11.0	14.2	7.1	1.0	media,multicolor				infinity	circle,fill
info	2019	13.0	10.15	13.0	6.0	1.0	multicolor	info			info	
info.app	2026	27.0	27.0	27.0	27.0	27.0	whatsnew	info		info.app.fill	info.app	
info.app.fill	2026	27.0	27.0	27.0	27.0	27.0	multicolor,whatsnew	info			info.app	fill
info.bubble	2022	16.0	13.0	16.0	9.0	1.0	communication			info.bubble.fill	info.bubble	
info.bubble.fill	2022	16.0	13.0	16.0	9.0	1.0	communication,multicolor				info.bubble	fill
info.circle	2019	13.0	10.15	13.0	6.0	1.0	multicolor,variable	info		info.circle.fill	info	circle
info.circle.badge	2026	27.0	27.0	27.0	27.0	27.0	multicolor,whatsnew	info		info.circle.badge.fill	info.circle.badge	
info.circle.badge.fill	2026	27.0	27.0	27.0	27.0	27.0	multicolor,whatsnew	info			info.circle.badge	fill
info.circle.fill	2019	13.0	10.15	13.0	6.0	1.0	multicolor	info			info	circle,fill
info.circle.text.page	2024.3	18.4	15.4	18.4	11.4	2.4				info.circle.text.page.fill	info.circle.text.page	
info.circle.text.page.fill	2024.3	18.4	15.4	18.4	11.4	2.4					info.circle.text.page	fill
info.square	2022	16.0	13.0	16.0	9.0	1.0	automotive,multicolor	info		info.square.fill	info	square
info.square.fill	2022	16.0	13.0	16.0	9.0	1.0	automotive,multicolor	info			info	square,fill
info.triangle	2024.2	18.2	15.2	18.2	11.2	2.2				info.triangle.fill	info.triangle	
info.triangle.fill	2024.2	18.2	15.2	18.2	11.2	2.2	multicolor				info.triangle	fill
info.windshield	2022.1	16.1	13.0	16.1	9.1	1.0	automotive				info.windshield	
inhaler	2024	18.0	15.0	18.0	11.0	2.0	objectsandtools			inhaler.fill	inhaler	
inhaler.fill	2024	18.0	15.0	18.0	11.0	2.0	objectsandtools				inhaler	fill
inset.filled.applewatch.case	2024	18.0	15.0	18.0	11.0	2.0	devices		This symbol may not be modified and may only be used to refer to Apple Watch.		inset.filled.applewatch.case	
inset.filled.bottomhalf.rectangle	2024	18.0	15.0	18.0	11.0	2.0					inset.filled.bottomhalf	rectangle
inset.filled.bottomhalf.rectangle.portrait	2024	18.0	15.0	18.0	11.0	2.0					inset.filled.bottomhalf.rectangle.portrait	
inset.filled.bottomhalf.tophalf.rectangle	2024	18.0	15.0	18.0	11.0	2.0					inset.filled.bottomhalf.tophalf	rectangle
inset.filled.bottomleading.bottomtrailing.rectangle	2025	26.0	26.0	26.0	26.0	26.0					inset.filled.bottomleading.bottomtrailing	rectangle
inset.filled.bottomleading.rectangle	2024	18.0	15.0	18.0	11.0	2.0					inset.filled.bottomleading	rectangle
inset.filled.bottomleading.rectangle.portrait	2024	18.0	15.0	18.0	11.0	2.0					inset.filled.bottomleading.rectangle.portrait	
inset.filled.bottomleft.bottomright.rectangle	2025	26.0	26.0	26.0	26.0	26.0					inset.filled.bottomleft.bottomright	rectangle
inset.filled.bottomleft.rectangle	2024	18.0	15.0	18.0	11.0	2.0					inset.filled.bottomleft	rectangle
inset.filled.bottomleft.rectangle.portrait	2024	18.0	15.0	18.0	11.0	2.0					inset.filled.bottomleft.rectangle.portrait	
inset.filled.bottomright.rectangle	2024	18.0	15.0	18.0	11.0	2.0					inset.filled.bottomright	rectangle
inset.filled.bottomright.rectangle.portrait	2024	18.0	15.0	18.0	11.0	2.0					inset.filled.bottomright.rectangle.portrait	
inset.filled.bottomthird.rectangle	2024	18.0	15.0	18.0	11.0	2.0					inset.filled.bottomthird	rectangle
inset.filled.bottomthird.rectangle.portrait	2024	18.0	15.0	18.0	11.0	2.0					inset.filled.bottomthird.rectangle.portrait	
inset.filled.bottomthird.square	2024	18.0	15.0	18.0	11.0	2.0					inset.filled.bottomthird	square
inset.filled.bottomtrailing.rectangle	2024	18.0	15.0	18.0	11.0	2.0					inset.filled.bottomtrailing	rectangle
inset.filled.bottomtrailing.rectangle.portrait	2024	18.0	15.0	18.0	11.0	2.0					inset.filled.bottomtrailing.rectangle.portrait	
inset.filled.bubble	2026	27.0	27.0	27.0	27.0	27.0	communication,whatsnew				inset.filled.bubble	
inset.filled.capsule	2024	18.0	15.0	18.0	11.0	2.0					inset.filled.capsule	
inset.filled.capsule.portrait	2024	18.0	15.0	18.0	11.0	2.0					inset.filled.capsule.portrait	
inset.filled.center.rectangle	2024	18.0	15.0	18.0	11.0	2.0					inset.filled.center	rectangle
inset.filled.center.rectangle.badge.plus	2024	18.0	15.0	18.0	11.0	2.0	multicolor				inset.filled.center.rectangle.badge.plus	
inset.filled.center.rectangle.portrait	2024	18.0	15.0	18.0	11.0	2.0					inset.filled.center.rectangle.portrait	
inset.filled.circle	2024	18.0	15.0	18.0	11.0	2.0	variable	completed,task			inset.filled	circle
inset.filled.circle.dashed	2024	18.0	15.0	18.0	11.0	2.0	editing				inset.filled.circle.dashed	
inset.filled.circle.slash	2025	26.0	26.0	26.0	26.0	26.0	variable				inset.filled	circle,slash
inset.filled.diamond	2024	18.0	15.0	18.0	11.0	2.0					inset.filled.diamond	
inset.filled.leadinghalf.arrow.leading.rectangle	2024	18.0	15.0	18.0	11.0	2.0					inset.filled.leadinghalf.arrow.leading	rectangle
inset.filled.leadinghalf.arrowtriangle.backward.rectangle	2026	27.0	27.0	27.0	27.0	27.0	whatsnew				inset.filled.leadinghalf.arrowtriangle.backward	rectangle
inset.filled.leadinghalf.rectangle	2024	18.0	15.0	18.0	11.0	2.0					inset.filled.leadinghalf	rectangle
inset.filled.leadinghalf.rectangle.portrait	2024	18.0	15.0	18.0	11.0	2.0					inset.filled.leadinghalf.rectangle.portrait	
inset.filled.leadinghalf.toptrailing.bottomtrailing.rectangle	2024	18.0	15.0	18.0	11.0	2.0					inset.filled.leadinghalf.toptrailing.bottomtrailing	rectangle
inset.filled.leadinghalf.trailinghalf.rectangle	2024	18.0	15.0	18.0	11.0	2.0					inset.filled.leadinghalf.trailinghalf	rectangle
inset.filled.leadingthird.rectangle	2024	18.0	15.0	18.0	11.0	2.0					inset.filled.leadingthird	rectangle
inset.filled.leadingthird.rectangle.badge.xmark	2026	27.0	27.0	27.0	27.0	27.0	multicolor,whatsnew				inset.filled.leadingthird.rectangle.badge.xmark	
inset.filled.leadingthird.rectangle.portrait	2024	18.0	15.0	18.0	11.0	2.0					inset.filled.leadingthird.rectangle.portrait	
inset.filled.leadingthird.square	2024	18.0	15.0	18.0	11.0	2.0					inset.filled.leadingthird	square
inset.filled.lefthalf.arrow.left.rectangle	2024	18.0	15.0	18.0	11.0	2.0					inset.filled.lefthalf.arrow.left	rectangle
inset.filled.lefthalf.arrowtriangle.left.rectangle	2026	27.0	27.0	27.0	27.0	27.0	whatsnew				inset.filled.lefthalf.arrowtriangle.left	rectangle
inset.filled.lefthalf.rectangle	2024	18.0	15.0	18.0	11.0	2.0					inset.filled.lefthalf	rectangle
inset.filled.lefthalf.rectangle.portrait	2024	18.0	15.0	18.0	11.0	2.0					inset.filled.lefthalf.rectangle.portrait	
inset.filled.lefthalf.righthalf.rectangle	2024	18.0	15.0	18.0	11.0	2.0					inset.filled.lefthalf.righthalf	rectangle
inset.filled.lefthalf.topright.bottomright.rectangle	2024	18.0	15.0	18.0	11.0	2.0					inset.filled.lefthalf.topright.bottomright	rectangle
inset.filled.leftthird.middlethird.rightthird.rectangle	2025	26.0	26.0	26.0	26.0	26.0	variable				inset.filled.leftthird.middlethird.rightthird	rectangle
inset.filled.leftthird.rectangle	2024	18.0	15.0	18.0	11.0	2.0					inset.filled.leftthird	rectangle
inset.filled.leftthird.rectangle.badge.xmark	2026	27.0	27.0	27.0	27.0	27.0	multicolor,whatsnew				inset.filled.leftthird.rectangle.badge.xmark	
inset.filled.leftthird.rectangle.portrait	2024	18.0	15.0	18.0	11.0	2.0					inset.filled.leftthird.rectangle.portrait	
inset.filled.leftthird.square	2024	18.0	15.0	18.0	11.0	2.0					inset.filled.leftthird	square
inset.filled.oval	2024	18.0	15.0	18.0	11.0	2.0					inset.filled.oval	
inset.filled.oval.portrait	2024	18.0	15.0	18.0	11.0	2.0					inset.filled.oval.portrait	
inset.filled.pano	2025	26.0	26.0	26.0	26.0	26.0					inset.filled.pano	
inset.filled.rectangle	2024	18.0	15.0	18.0	11.0	2.0					inset.filled	rectangle
inset.filled.rectangle.and.person	2026	27.0	27.0	27.0	27.0	27.0	human	people,screen sharing			inset.filled.rectangle.and.person	
inset.filled.rectangle.and.person.filled.circle	2024.2	18.2	15.2	18.2	11.2	2.2	human,variable	people,screen sharing		inset.filled.rectangle.and.person.filled.circle.fill	inset.filled.rectangle.and.person.filled	circle
inset.filled.rectangle.and.person.filled.circle.fill	2024.2	18.2	15.2	18.2	11.2	2.2	human,multicolor	people,screen sharing			inset.filled.rectangle.and.person.filled	circle,fill
inset.filled.rectangle.and.person.slash	2026	27.0	27.0	27.0	27.0	27.0	human	people,screen sharing			inset.filled.rectangle.and.person	slash
inset.filled.rectangle.and.pointer.arrow	2025	26.0	26.0	26.0	26.0	26.0	human	cursor			inset.filled.rectangle.and.pointer.arrow	
inset.filled.rectangle.badge.record	2024	18.0	15.0	18.0	11.0	2.0	human				inset.filled.rectangle.badge.record	
inset.filled.rectangle.on.rectangle	2024	18.0	15.0	18.0	11.0	2.0					inset.filled.rectangle.on	rectangle
inset.filled.rectangle.portrait	2024	18.0	15.0	18.0	11.0	2.0					inset.filled.rectangle.portrait	
inset.filled.righthalf.arrow.right.rectangle	2024	18.0	15.0	18.0	11.0	2.0					inset.filled.righthalf.arrow.right	rectangle
inset.filled.righthalf.arrowtriangle.right.rectangle	2026	27.0	27.0	27.0	27.0	27.0	whatsnew				inset.filled.righthalf.arrowtriangle.right	rectangle
inset.filled.righthalf.lefthalf.rectangle	2024	18.0	15.0	18.0	11.0	2.0					inset.filled.righthalf.lefthalf	rectangle
inset.filled.righthalf.rectangle	2024	18.0	15.0	18.0	11.0	2.0					inset.filled.righthalf	rectangle
inset.filled.righthalf.rectangle.portrait	2024	18.0	15.0	18.0	11.0	2.0					inset.filled.righthalf.rectangle.portrait	
inset.filled.rightthird.rectangle	2024	18.0	15.0	18.0	11.0	2.0					inset.filled.rightthird	rectangle
inset.filled.rightthird.rectangle.badge.xmark	2026	27.0	27.0	27.0	27.0	27.0	multicolor,whatsnew				inset.filled.rightthird.rectangle.badge.xmark	
inset.filled.rightthird.rectangle.portrait	2024	18.0	15.0	18.0	11.0	2.0					inset.filled.rightthird.rectangle.portrait	
inset.filled.rightthird.square	2024	18.0	15.0	18.0	11.0	2.0					inset.filled.rightthird	square
inset.filled.square	2024	18.0	15.0	18.0	11.0	2.0					inset.filled	square
inset.filled.square.dashed	2024	18.0	15.0	18.0	11.0	2.0	editing				inset.filled.square.dashed	
inset.filled.square.dashed.micro	2026	27.0	27.0	27.0	27.0	27.0	editing,whatsnew				inset.filled.square.dashed.micro	
inset.filled.tophalf.bottomhalf.rectangle	2024	18.0	15.0	18.0	11.0	2.0					inset.filled.tophalf.bottomhalf	rectangle
inset.filled.tophalf.bottomleft.bottomright.rectangle	2024	18.0	15.0	18.0	11.0	2.0					inset.filled.tophalf.bottomleft.bottomright	rectangle
inset.filled.tophalf.rectangle	2024	18.0	15.0	18.0	11.0	2.0					inset.filled.tophalf	rectangle
inset.filled.tophalf.rectangle.portrait	2024	18.0	15.0	18.0	11.0	2.0					inset.filled.tophalf.rectangle.portrait	
inset.filled.topleading.bottomleading.trailinghalf.rectangle	2024	18.0	15.0	18.0	11.0	2.0					inset.filled.topleading.bottomleading.trailinghalf	rectangle
inset.filled.topleading.rectangle	2024	18.0	15.0	18.0	11.0	2.0					inset.filled.topleading	rectangle
inset.filled.topleading.rectangle.portrait	2024	18.0	15.0	18.0	11.0	2.0					inset.filled.topleading.rectangle.portrait	
inset.filled.topleft.bottomleft.righthalf.rectangle	2024	18.0	15.0	18.0	11.0	2.0					inset.filled.topleft.bottomleft.righthalf	rectangle
inset.filled.topleft.rectangle	2024	18.0	15.0	18.0	11.0	2.0					inset.filled.topleft	rectangle
inset.filled.topleft.rectangle.portrait	2024	18.0	15.0	18.0	11.0	2.0					inset.filled.topleft.rectangle.portrait	
inset.filled.topleft.topright.bottomhalf.rectangle	2024	18.0	15.0	18.0	11.0	2.0					inset.filled.topleft.topright.bottomhalf	rectangle
inset.filled.topleft.topright.bottomleft.bottomright.rectangle	2024	18.0	15.0	18.0	11.0	2.0					inset.filled.topleft.topright.bottomleft.bottomright	rectangle
inset.filled.topright.rectangle	2024	18.0	15.0	18.0	11.0	2.0					inset.filled.topright	rectangle
inset.filled.topright.rectangle.portrait	2024	18.0	15.0	18.0	11.0	2.0					inset.filled.topright.rectangle.portrait	
inset.filled.topthird.middlethird.bottomthird.rectangle	2025	26.0	26.0	26.0	26.0	26.0	variable				inset.filled.topthird.middlethird.bottomthird	rectangle
inset.filled.topthird.rectangle	2024	18.0	15.0	18.0	11.0	2.0					inset.filled.topthird	rectangle
inset.filled.topthird.rectangle.portrait	2024	18.0	15.0	18.0	11.0	2.0					inset.filled.topthird.rectangle.portrait	
inset.filled.topthird.square	2024	18.0	15.0	18.0	11.0	2.0					inset.filled.topthird	square
inset.filled.toptrailing.rectangle	2024	18.0	15.0	18.0	11.0	2.0					inset.filled.toptrailing	rectangle
inset.filled.toptrailing.rectangle.portrait	2024	18.0	15.0	18.0	11.0	2.0					inset.filled.toptrailing.rectangle.portrait	
inset.filled.trailinghalf.arrow.trailing.rectangle	2024	18.0	15.0	18.0	11.0	2.0					inset.filled.trailinghalf.arrow.trailing	rectangle
inset.filled.trailinghalf.arrowtriangle.forward.rectangle	2026	27.0	27.0	27.0	27.0	27.0	whatsnew				inset.filled.trailinghalf.arrowtriangle.forward	rectangle
inset.filled.trailinghalf.leadinghalf.rectangle	2024	18.0	15.0	18.0	11.0	2.0					inset.filled.trailinghalf.leadinghalf	rectangle
inset.filled.trailinghalf.rectangle	2024	18.0	15.0	18.0	11.0	2.0					inset.filled.trailinghalf	rectangle
inset.filled.trailinghalf.rectangle.portrait	2024	18.0	15.0	18.0	11.0	2.0					inset.filled.trailinghalf.rectangle.portrait	
inset.filled.trailingthird.rectangle	2024	18.0	15.0	18.0	11.0	2.0					inset.filled.trailingthird	rectangle
inset.filled.trailingthird.rectangle.badge.xmark	2026	27.0	27.0	27.0	27.0	27.0	multicolor,whatsnew				inset.filled.trailingthird.rectangle.badge.xmark	
inset.filled.trailingthird.rectangle.portrait	2024	18.0	15.0	18.0	11.0	2.0					inset.filled.trailingthird.rectangle.portrait	
inset.filled.trailingthird.square	2024	18.0	15.0	18.0	11.0	2.0					inset.filled.trailingthird	square
inset.filled.triangle	2024	18.0	15.0	18.0	11.0	2.0					inset.filled.triangle	
inset.filled.tv	2024	18.0	15.0	18.0	11.0	2.0	devices				inset.filled.tv	
inset.left.half.filled.square.dashed.micro	2026	27.0	27.0	27.0	27.0	27.0	editing,whatsnew				inset.left.half.filled.square.dashed.micro	
inset.left.half.square.dashed.micro	2026	27.0	27.0	27.0	27.0	27.0	editing,whatsnew				inset.left.half.square.dashed.micro	
inset.square.dashed.micro	2026	27.0	27.0	27.0	27.0	27.0	editing,whatsnew				inset.square.dashed.micro	
interface.window	2026	27.0	27.0	27.0	27.0	27.0	multicolor				interface.window	
interface.window.and.pointer.arrow	2026	27.0	27.0	27.0	27.0	27.0	multicolor	cursor			interface.window.and.pointer.arrow	
interface.window.badge.plus	2026	27.0	27.0	27.0	27.0	27.0	multicolor	+,add,create,new			interface.window.badge.plus	
interface.window.dashed	2026	27.0	27.0	27.0	27.0	27.0	multicolor,whatsnew				interface.window.dashed	
interface.window.on.rectangle	2026	27.0	27.0	27.0	27.0	27.0	multicolor				interface.window.on	rectangle
interface.window.on.rectangle.dashed	2026	27.0	27.0	27.0	27.0	27.0	multicolor,whatsnew				interface.window.on.rectangle.dashed	
interface.window.stack	2026	27.0	27.0	27.0	27.0	27.0	multicolor				interface.window.stack	
internaldrive	2020	14.0	11.0	14.0	7.0	1.0	objectsandtools			internaldrive.fill	internaldrive	
internaldrive.fill	2020	14.0	11.0	14.0	7.0	1.0	objectsandtools				internaldrive	fill
ipad	2020	14.0	11.0	14.0	7.0	1.0	devices		This symbol may not be modified and may only be used to refer to Apple’s iPad.		ipad	
ipad.and.arrow.forward	2021	15.0	12.0	15.0	8.0	1.0	devices				ipad.and.arrow.forward	
ipad.badge.checkmark	2025	26.0	26.0	26.0	26.0	26.0	devices,multicolor		This symbol may not be modified and may only be used to refer to Apple’s iPad.		ipad.badge.checkmark	
ipad.badge.exclamationmark	2023.3	17.4	14.4	17.4	10.4	1.1	devices,multicolor		This symbol may not be modified and may only be used to refer to Apple’s iPad.		ipad.badge.exclamationmark	
ipad.badge.location	2024	18.0	15.0	18.0	11.0	2.0	devices,multicolor		This symbol may not be modified and may only be used to refer to Apple’s iPad.		ipad.badge.location	
ipad.badge.play	2020.1	14.2	11.0	14.2	7.1	1.0	devices,multicolor		This symbol may not be modified and may only be used to refer to Apple’s iPad.		ipad.badge.play	
ipad.case	2023	17.0	14.0	17.0	10.0	1.0	devices		This symbol may not be modified and may only be used to refer to Apple’s iPad case.		ipad.case	
ipad.case.and.iphone.case	2023	17.0	14.0	17.0	10.0	1.0	devices		This symbol may not be modified and may only be used to refer to Apple’s iPad and iPhone case.		ipad.case.and.iphone.case	
ipad.gen1	2022.1	16.1	13.0	16.1	9.1	1.0	devices		This symbol may not be modified and may only be used to refer to Apple’s iPad.		ipad.gen1	
ipad.gen1.badge.exclamationmark	2023.3	17.4	14.4	17.4	10.4	1.1	devices,multicolor		This symbol may not be modified and may only be used to refer to Apple’s iPad.		ipad.gen1.badge.exclamationmark	
ipad.gen1.badge.location	2024	18.0	15.0	18.0	11.0	2.0	devices,multicolor		This symbol may not be modified and may only be used to refer to Apple’s iPad.		ipad.gen1.badge.location	
ipad.gen1.badge.play	2022.1	16.1	13.0	16.1	9.1	1.0	devices,multicolor		This symbol may not be modified and may only be used to refer to Apple’s iPad.		ipad.gen1.badge.play	
ipad.gen1.crop.homebutton.circle	2025	26.0	26.0	26.0	26.0	26.0	devices		This symbol may not be modified and may only be used to refer to Apple’s iPad.		ipad.gen1.crop.homebutton	circle
ipad.gen1.landscape	2022.1	16.1	13.0	16.1	9.1	1.0	devices		This symbol may not be modified and may only be used to refer to Apple’s iPad.		ipad.gen1.landscape	
ipad.gen1.landscape.badge.exclamationmark	2023.3	17.4	14.4	17.4	10.4	1.1	devices,multicolor		This symbol may not be modified and may only be used to refer to Apple’s iPad.		ipad.gen1.landscape.badge.exclamationmark	
ipad.gen1.landscape.badge.location	2024	18.0	15.0	18.0	11.0	2.0	devices,multicolor		This symbol may not be modified and may only be used to refer to Apple’s iPad.		ipad.gen1.landscape.badge.location	
ipad.gen1.landscape.badge.play	2022.1	16.1	13.0	16.1	9.1	1.0	devices,multicolor		This symbol may not be modified and may only be used to refer to Apple’s iPad.		ipad.gen1.landscape.badge.play	
ipad.gen1.landscape.slash	2024	18.0	15.0	18.0	11.0	2.0	devices		This symbol may not be modified and may only be used to refer to Apple’s iPad.		ipad.gen1.landscape	slash
ipad.gen1.sizes	2025	26.0	26.0	26.0	26.0	26.0	devices		This symbol may not be modified and may only be used to refer to Apple’s iPad.		ipad.gen1.sizes	
ipad.gen1.slash	2024	18.0	15.0	18.0	11.0	2.0	devices		This symbol may not be modified and may only be used to refer to Apple’s iPad.		ipad.gen1	slash
ipad.gen2	2022.1	16.1	13.0	16.1	9.1	1.0	devices		This symbol may not be modified and may only be used to refer to Apple’s iPad.		ipad.gen2	
ipad.gen2.badge.exclamationmark	2023.3	17.4	14.4	17.4	10.4	1.1	devices,multicolor		This symbol may not be modified and may only be used to refer to Apple’s iPad.		ipad.gen2.badge.exclamationmark	
ipad.gen2.badge.location	2024	18.0	15.0	18.0	11.0	2.0	devices,multicolor		This symbol may not be modified and may only be used to refer to Apple’s iPad.		ipad.gen2.badge.location	
ipad.gen2.badge.play	2022.1	16.1	13.0	16.1	9.1	1.0	devices,multicolor		This symbol may not be modified and may only be used to refer to Apple’s iPad.		ipad.gen2.badge.play	
ipad.gen2.landscape	2022.1	16.1	13.0	16.1	9.1	1.0	devices		This symbol may not be modified and may only be used to refer to Apple’s iPad.		ipad.gen2.landscape	
ipad.gen2.landscape.badge.exclamationmark	2023.3	17.4	14.4	17.4	10.4	1.1	devices,multicolor		This symbol may not be modified and may only be used to refer to Apple’s iPad.		ipad.gen2.landscape.badge.exclamationmark	
ipad.gen2.landscape.badge.location	2024	18.0	15.0	18.0	11.0	2.0	devices,multicolor		This symbol may not be modified and may only be used to refer to Apple’s iPad.		ipad.gen2.landscape.badge.location	
ipad.gen2.landscape.badge.play	2022.1	16.1	13.0	16.1	9.1	1.0	devices,multicolor		This symbol may not be modified and may only be used to refer to Apple’s iPad.		ipad.gen2.landscape.badge.play	
ipad.gen2.landscape.slash	2024	18.0	15.0	18.0	11.0	2.0	devices		This symbol may not be modified and may only be used to refer to Apple’s iPad.		ipad.gen2.landscape	slash
ipad.gen2.sizes	2025	26.0	26.0	26.0	26.0	26.0	devices		This symbol may not be modified and may only be used to refer to Apple’s iPad.		ipad.gen2.sizes	
ipad.gen2.slash	2024	18.0	15.0	18.0	11.0	2.0	devices		This symbol may not be modified and may only be used to refer to Apple’s iPad.		ipad.gen2	slash
ipad.landscape	2020	14.0	11.0	14.0	7.0	1.0	devices		This symbol may not be modified and may only be used to refer to Apple’s iPad.		ipad.landscape	
ipad.landscape.and.applewatch	2025	26.0	26.0	26.0	26.0	26.0	devices	applewatch,ipad	This symbol may not be modified and may only be used to refer to Apple’s iPad and Apple Watch.		ipad.landscape.and.applewatch	
ipad.landscape.and.iphone	2024	18.0	15.0	18.0	11.0	2.0	devices	ipad,iphone	This symbol may not be modified and may only be used to refer to Apple’s iPad and iPhone.		ipad.landscape.and.iphone	
ipad.landscape.and.iphone.slash	2024	18.0	15.0	18.0	11.0	2.0	devices	ipad,iphone	This symbol may not be modified and may only be used to refer to Apple’s iPad and iPhone.		ipad.landscape.and.iphone	slash
ipad.landscape.and.ipod	2025	26.0	26.0	26.0	26.0	26.0	devices	applewatch,ipad	This symbol may not be modified and may only be used to refer to Apple’s iPad and iPod. 		ipad.landscape.and.ipod	
ipad.landscape.badge.exclamationmark	2023.3	17.4	14.4	17.4	10.4	1.1	devices,multicolor		This symbol may not be modified and may only be used to refer to Apple’s iPad.		ipad.landscape.badge.exclamationmark	
ipad.landscape.badge.location	2024	18.0	15.0	18.0	11.0	2.0	devices,multicolor		This symbol may not be modified and may only be used to refer to Apple’s iPad.		ipad.landscape.badge.location	
ipad.landscape.badge.play	2020.1	14.2	11.0	14.2	7.1	1.0	devices,multicolor		This symbol may not be modified and may only be used to refer to Apple’s iPad.		ipad.landscape.badge.play	
ipad.rear.camera	2021	15.0	12.0	15.0	8.0	1.0	cameraandphotos,devices				ipad.rear.camera	
ipad.sizes	2023	17.0	14.0	17.0	10.0	1.0	devices		This symbol may not be modified and may only be used to refer to Apple’s iPad.		ipad.sizes	
iphone	2020	14.0	11.0	14.0	7.0	1.0	devices		This symbol may not be modified and may only be used to refer to Apple’s iPhone.		iphone	
iphone.and.arrow.forward.inward	2024	18.0	15.0	18.0	11.0	2.0	devices				iphone.and.arrow.forward.inward	
iphone.and.arrow.forward.outward	2024	18.0	15.0	18.0	11.0	2.0	devices				iphone.and.arrow.forward.outward	
iphone.and.arrow.left.and.arrow.right.inward	2024	18.0	15.0	18.0	11.0	2.0	devices		This symbol may not be modified and may only be used to refer to Apple’s iPhone.		iphone.and.arrow.left.and.arrow.right.inward	
iphone.and.arrow.right.inward	2024	18.0	15.0	18.0	11.0	2.0	devices				iphone.and.arrow.right.inward	
iphone.and.arrow.right.outward	2024	18.0	15.0	18.0	11.0	2.0	devices				iphone.and.arrow.right.outward	
iphone.and.ipod	2025	26.0	26.0	26.0	26.0	26.0	devices		This symbol may not be modified and may only be used to refer to Apple’s iPhone and iPod.		iphone.and.ipod	
iphone.and.vision.pro	2025	26.0	26.0	26.0	26.0	26.0	devices		This symbol may not be modified and may only be used to refer to Apple’s iPhone and Vision Pro.		iphone.and.vision.pro	
iphone.app.switcher	2024	18.0	15.0	18.0	11.0	2.0	devices		This symbol may not be modified and may only be used to refer to Apple’s iPhone.		iphone.app.switcher	
iphone.badge.checkmark	2025	26.0	26.0	26.0	26.0	26.0	devices,multicolor		This symbol may not be modified and may only be used to refer to Apple’s iPhone.		iphone.badge.checkmark	
iphone.badge.exclamationmark	2023.3	17.4	14.4	17.4	10.4	1.1	devices,multicolor		This symbol may not be modified and may only be used to refer to Apple’s iPhone.		iphone.badge.exclamationmark	
iphone.badge.location	2024	18.0	15.0	18.0	11.0	2.0	devices,multicolor		This symbol may not be modified and may only be used to refer to Apple’s iPhone.		iphone.badge.location	
iphone.badge.play	2020.1	14.2	11.0	14.2	7.1	1.0	devices,multicolor		This symbol may not be modified and may only be used to refer to Apple’s iPhone.		iphone.badge.play	
iphone.case	2023	17.0	14.0	17.0	10.0	1.0	devices		This symbol may not be modified and may only be used to refer to Apple’s iPhone case.		iphone.case	
iphone.circle	2021	15.0	12.0	15.0	8.0	1.0	devices,variable		This symbol may not be modified and may only be used to refer to Apple’s iPhone.	iphone.circle.fill	iphone	circle
iphone.circle.fill	2021	15.0	12.0	15.0	8.0	1.0	devices,multicolor		This symbol may not be modified and may only be used to refer to Apple’s iPhone.		iphone	circle,fill
iphone.crop.circle	2024	18.0	15.0	18.0	11.0	2.0	devices		This symbol may not be modified and may only be used to refer to Apple’s iPhone.		iphone.crop	circle
iphone.dock.motorized.viewfinder	2024	18.0	15.0	18.0	11.0	2.0	devices,multicolor		This symbol may not be modified and may only be used to refer to accessories and software that are compatible with the DockKit API.		iphone.dock.motorized.viewfinder	
iphone.gen1	2022.1	16.1	13.0	16.1	9.1	1.0	devices		This symbol may not be modified and may only be used to refer to Apple’s iPhone.		iphone.gen1	
iphone.gen1.and.arrow.left	2024	18.0	15.0	18.0	11.0	2.0	devices		This symbol may not be modified and may only be used to refer to Apple’s iPhone.		iphone.gen1.and.arrow.left	
iphone.gen1.badge.exclamationmark	2023.3	17.4	14.4	17.4	10.4	1.1	devices,multicolor		This symbol may not be modified and may only be used to refer to Apple’s iPhone.		iphone.gen1.badge.exclamationmark	
iphone.gen1.badge.location	2024	18.0	15.0	18.0	11.0	2.0	devices,multicolor		This symbol may not be modified and may only be used to refer to Apple’s iPhone.		iphone.gen1.badge.location	
iphone.gen1.badge.play	2022.1	16.1	13.0	16.1	9.1	1.0	devices,multicolor		This symbol may not be modified and may only be used to refer to Apple’s iPhone.		iphone.gen1.badge.play	
iphone.gen1.circle	2022.1	16.1	13.0	16.1	9.1	1.0	devices,variable		This symbol may not be modified and may only be used to refer to Apple’s iPhone.	iphone.gen1.circle.fill	iphone.gen1	circle
iphone.gen1.circle.fill	2022.1	16.1	13.0	16.1	9.1	1.0	devices,multicolor		This symbol may not be modified and may only be used to refer to Apple’s iPhone.		iphone.gen1	circle,fill
iphone.gen1.crop.circle	2024	18.0	15.0	18.0	11.0	2.0	devices		This symbol may not be modified and may only be used to refer to Apple’s iPhone.		iphone.gen1.crop	circle
iphone.gen1.crop.homebutton.circle	2025	26.0	26.0	26.0	26.0	26.0	devices		This symbol may not be modified and may only be used to refer to Apple’s iPhone.		iphone.gen1.crop.homebutton	circle
iphone.gen1.landscape	2022.1	16.1	13.0	16.1	9.1	1.0	devices		This symbol may not be modified and may only be used to refer to Apple’s iPhone.		iphone.gen1.landscape	
iphone.gen1.landscape.slash	2024	18.0	15.0	18.0	11.0	2.0	devices		This symbol may not be modified and may only be used to refer to Apple’s iPhone.		iphone.gen1.landscape	slash
iphone.gen1.motion	2024	18.0	15.0	18.0	11.0	2.0	devices		This symbol may not be modified and may only be used to refer to Apple’s iPhone.		iphone.gen1.motion	
iphone.gen1.radiowaves.left.and.right	2022.1	16.1	13.0	16.1	9.1	1.0	devices,variable		This symbol may not be modified and may only be used to refer to Apple’s iPhone.		iphone.gen1.radiowaves.left.and.right	
iphone.gen1.radiowaves.left.and.right.circle	2022.1	16.1	13.0	16.1	9.1	1.0	devices,variable		This symbol may not be modified and may only be used to refer to Apple’s iPhone.	iphone.gen1.radiowaves.left.and.right.circle.fill	iphone.gen1.radiowaves.left.and.right	circle
iphone.gen1.radiowaves.left.and.right.circle.fill	2022.1	16.1	13.0	16.1	9.1	1.0	devices,multicolor,variable		This symbol may not be modified and may only be used to refer to Apple’s iPhone.		iphone.gen1.radiowaves.left.and.right	circle,fill
iphone.gen1.sizes	2025	26.0	26.0	26.0	26.0	26.0	devices		This symbol may not be modified and may only be used to refer to Apple’s iPhone.		iphone.gen1.sizes	
iphone.gen1.slash	2022.1	16.1	13.0	16.1	9.1	1.0	devices	remove	This symbol may not be modified and may only be used to refer to Apple’s iPhone.		iphone.gen1	slash
iphone.gen1.slash.circle	2022.1	16.1	13.0	16.1	9.1	1.0	devices,variable	remove	This symbol may not be modified and may only be used to refer to Apple’s iPhone.	iphone.gen1.slash.circle.fill	iphone.gen1	slash,circle
iphone.gen1.slash.circle.fill	2022.1	16.1	13.0	16.1	9.1	1.0	devices,multicolor	remove	This symbol may not be modified and may only be used to refer to Apple’s iPhone.		iphone.gen1	slash,circle,fill
iphone.gen2	2022.1	16.1	13.0	16.1	9.1	1.0	devices		This symbol may not be modified and may only be used to refer to Apple’s iPhone.		iphone.gen2	
iphone.gen2.and.arrow.left.and.arrow.right.inward	2024	18.0	15.0	18.0	11.0	2.0	devices		This symbol may not be modified and may only be used to refer to Apple’s iPhone.		iphone.gen2.and.arrow.left.and.arrow.right.inward	
iphone.gen2.badge.exclamationmark	2023.3	17.4	14.4	17.4	10.4	1.1	devices,multicolor		This symbol may not be modified and may only be used to refer to Apple’s iPhone.		iphone.gen2.badge.exclamationmark	
iphone.gen2.badge.location	2024	18.0	15.0	18.0	11.0	2.0	devices,multicolor		This symbol may not be modified and may only be used to refer to Apple’s iPhone.		iphone.gen2.badge.location	
iphone.gen2.badge.play	2022.1	16.1	13.0	16.1	9.1	1.0	devices,multicolor		This symbol may not be modified and may only be used to refer to Apple’s iPhone.		iphone.gen2.badge.play	
iphone.gen2.circle	2022.1	16.1	13.0	16.1	9.1	1.0	devices,variable		This symbol may not be modified and may only be used to refer to Apple’s iPhone.	iphone.gen2.circle.fill	iphone.gen2	circle
iphone.gen2.circle.fill	2022.1	16.1	13.0	16.1	9.1	1.0	devices,multicolor		This symbol may not be modified and may only be used to refer to Apple’s iPhone.		iphone.gen2	circle,fill
iphone.gen2.crop.circle	2024	18.0	15.0	18.0	11.0	2.0	devices		This symbol may not be modified and may only be used to refer to Apple’s iPhone.		iphone.gen2.crop	circle
iphone.gen2.landscape	2022.1	16.1	13.0	16.1	9.1	1.0	devices		This symbol may not be modified and may only be used to refer to Apple’s iPhone.		iphone.gen2.landscape	
iphone.gen2.landscape.slash	2024	18.0	15.0	18.0	11.0	2.0	devices		This symbol may not be modified and may only be used to refer to Apple’s iPhone.		iphone.gen2.landscape	slash
iphone.gen2.motion	2024	18.0	15.0	18.0	11.0	2.0	devices		This symbol may not be modified and may only be used to refer to Apple’s iPhone.		iphone.gen2.motion	
iphone.gen2.radiowaves.left.and.right	2022.1	16.1	13.0	16.1	9.1	1.0	devices,variable		This symbol may not be modified and may only be used to refer to Apple’s iPhone.		iphone.gen2.radiowaves.left.and.right	
iphone.gen2.radiowaves.left.and.right.circle	2022.1	16.1	13.0	16.1	9.1	1.0	devices,variable		This symbol may not be modified and may only be used to refer to Apple’s iPhone.	iphone.gen2.radiowaves.left.and.right.circle.fill	iphone.gen2.radiowaves.left.and.right	circle
iphone.gen2.radiowaves.left.and.right.circle.fill	2022.1	16.1	13.0	16.1	9.1	1.0	devices,multicolor,variable		This symbol may not be modified and may only be used to refer to Apple’s iPhone.		iphone.gen2.radiowaves.left.and.right	circle,fill
iphone.gen2.sizes	2025	26.0	26.0	26.0	26.0	26.0	devices		This symbol may not be modified and may only be used to refer to Apple’s iPhone.		iphone.gen2.sizes	
iphone.gen2.slash	2022.1	16.1	13.0	16.1	9.1	1.0	devices	remove	This symbol may not be modified and may only be used to refer to Apple’s iPhone.		iphone.gen2	slash
iphone.gen2.slash.circle	2022.1	16.1	13.0	16.1	9.1	1.0	devices,variable	remove	This symbol may not be modified and may only be used to refer to Apple’s iPhone.	iphone.gen2.slash.circle.fill	iphone.gen2	slash,circle
iphone.gen2.slash.circle.fill	2022.1	16.1	13.0	16.1	9.1	1.0	devices,multicolor	remove	This symbol may not be modified and may only be used to refer to Apple’s iPhone.		iphone.gen2	slash,circle,fill
iphone.gen3	2022.1	16.1	13.0	16.1	9.1	1.0	devices		This symbol may not be modified and may only be used to refer to Apple’s iPhone.		iphone.gen3	
iphone.gen3.and.arrow.left.and.arrow.right.inward	2024	18.0	15.0	18.0	11.0	2.0	devices		This symbol may not be modified and may only be used to refer to Apple’s iPhone.		iphone.gen3.and.arrow.left.and.arrow.right.inward	
iphone.gen3.badge.exclamationmark	2023.3	17.4	14.4	17.4	10.4	1.1	devices,multicolor		This symbol may not be modified and may only be used to refer to Apple’s iPhone.		iphone.gen3.badge.exclamationmark	
iphone.gen3.badge.location	2024	18.0	15.0	18.0	11.0	2.0	devices,multicolor		This symbol may not be modified and may only be used to refer to Apple’s iPhone.		iphone.gen3.badge.location	
iphone.gen3.badge.play	2022.1	16.1	13.0	16.1	9.1	1.0	devices,multicolor		This symbol may not be modified and may only be used to refer to Apple’s iPhone.		iphone.gen3.badge.play	
iphone.gen3.circle	2022.1	16.1	13.0	16.1	9.1	1.0	devices,variable		This symbol may not be modified and may only be used to refer to Apple’s iPhone.	iphone.gen3.circle.fill	iphone.gen3	circle
iphone.gen3.circle.fill	2022.1	16.1	13.0	16.1	9.1	1.0	devices,multicolor		This symbol may not be modified and may only be used to refer to Apple’s iPhone.		iphone.gen3	circle,fill
iphone.gen3.crop.circle	2024	18.0	15.0	18.0	11.0	2.0	devices		This symbol may not be modified and may only be used to refer to Apple’s iPhone.		iphone.gen3.crop	circle
iphone.gen3.landscape	2022.1	16.1	13.0	16.1	9.1	1.0	devices		This symbol may not be modified and may only be used to refer to Apple’s iPhone.		iphone.gen3.landscape	
iphone.gen3.landscape.slash	2024	18.0	15.0	18.0	11.0	2.0	devices		This symbol may not be modified and may only be used to refer to Apple’s iPhone.		iphone.gen3.landscape	slash
iphone.gen3.motion	2024	18.0	15.0	18.0	11.0	2.0	devices		This symbol may not be modified and may only be used to refer to Apple’s iPhone.		iphone.gen3.motion	
iphone.gen3.radiowaves.left.and.right	2022.1	16.1	13.0	16.1	9.1	1.0	devices,variable		This symbol may not be modified and may only be used to refer to Apple’s iPhone.		iphone.gen3.radiowaves.left.and.right	
iphone.gen3.radiowaves.left.and.right.circle	2022.1	16.1	13.0	16.1	9.1	1.0	devices,variable		This symbol may not be modified and may only be used to refer to Apple’s iPhone.	iphone.gen3.radiowaves.left.and.right.circle.fill	iphone.gen3.radiowaves.left.and.right	circle
iphone.gen3.radiowaves.left.and.right.circle.fill	2022.1	16.1	13.0	16.1	9.1	1.0	devices,multicolor,variable		This symbol may not be modified and may only be used to refer to Apple’s iPhone.		iphone.gen3.radiowaves.left.and.right	circle,fill
iphone.gen3.sizes	2025	26.0	26.0	26.0	26.0	26.0	devices		This symbol may not be modified and may only be used to refer to Apple’s iPhone.		iphone.gen3.sizes	
iphone.gen3.slash	2022.1	16.1	13.0	16.1	9.1	1.0	devices	remove	This symbol may not be modified and may only be used to refer to Apple’s iPhone.		iphone.gen3	slash
iphone.gen3.slash.circle	2022.1	16.1	13.0	16.1	9.1	1.0	devices,variable	remove	This symbol may not be modified and may only be used to refer to Apple’s iPhone.	iphone.gen3.slash.circle.fill	iphone.gen3	slash,circle
iphone.gen3.slash.circle.fill	2022.1	16.1	13.0	16.1	9.1	1.0	devices,multicolor	remove	This symbol may not be modified and may only be used to refer to Apple’s iPhone.		iphone.gen3	slash,circle,fill
iphone.landscape	2020.1	14.2	11.0	14.2	7.1	1.0	devices		This symbol may not be modified and may only be used to refer to Apple’s iPhone.		iphone.landscape	
iphone.motion	2024	18.0	15.0	18.0	11.0	2.0	devices		This symbol may not be modified and may only be used to refer to Apple’s iPhone.		iphone.motion	
iphone.pattern.diagonalline	2025	26.0	26.0	26.0	26.0	26.0	devices				iphone.pattern.diagonalline	
iphone.pattern.diagonalline.on.rectangle.portrait.dashed	2025	26.0	26.0	26.0	26.0	26.0	devices				iphone.pattern.diagonalline.on.rectangle.portrait.dashed	
iphone.radiowaves.left.and.right	2020	14.0	11.0	14.0	7.0	1.0	devices,variable		This symbol may not be modified and may only be used to refer to Apple’s iPhone.		iphone.radiowaves.left.and.right	
iphone.radiowaves.left.and.right.circle	2021	15.0	12.0	15.0	8.0	1.0	devices,variable		This symbol may not be modified and may only be used to refer to Apple’s iPhone.	iphone.radiowaves.left.and.right.circle.fill	iphone.radiowaves.left.and.right	circle
iphone.radiowaves.left.and.right.circle.fill	2021	15.0	12.0	15.0	8.0	1.0	devices,multicolor,variable		This symbol may not be modified and may only be used to refer to Apple’s iPhone.		iphone.radiowaves.left.and.right	circle,fill
iphone.rear.camera	2021	15.0	12.0	15.0	8.0	1.0	cameraandphotos,devices				iphone.rear.camera	
iphone.sizes	2023	17.0	14.0	17.0	10.0	1.0	devices		This symbol may not be modified and may only be used to refer to Apple’s iPhone.		iphone.sizes	
iphone.slash	2020	14.0	11.0	14.0	7.0	1.0	devices	remove	This symbol may not be modified and may only be used to refer to Apple’s iPhone.		iphone	slash
iphone.slash.circle	2021	15.0	12.0	15.0	8.0	1.0	devices,variable	remove	This symbol may not be modified and may only be used to refer to Apple’s iPhone.	iphone.slash.circle.fill	iphone	slash,circle
iphone.slash.circle.fill	2021	15.0	12.0	15.0	8.0	1.0	devices,multicolor	remove	This symbol may not be modified and may only be used to refer to Apple’s iPhone.		iphone	slash,circle,fill
iphone.smartbatterycase.gen1	2021	15.0	12.0	15.0	8.0	1.0	devices		This symbol may not be modified and may only be used to refer to Apple’s iPhone Smart Battery Case.		iphone.smartbatterycase.gen1	
iphone.smartbatterycase.gen2	2021	15.0	12.0	15.0	8.0	1.0	devices		This symbol may not be modified and may only be used to refer to Apple’s iPhone Smart Battery Case.		iphone.smartbatterycase.gen2	
ipod	2020	14.0	11.0	14.0	7.0	1.0	devices		This symbol may not be modified and may only be used to refer to Apple’s iPod.		ipod	
ipod.and.applewatch	2025	26.0	26.0	26.0	26.0	26.0	devices		This symbol may not be modified and may only be used to refer to Apple’s iPod and Apple Watch.		ipod.and.applewatch	
ipod.and.vision.pro	2025	26.0	26.0	26.0	26.0	26.0	devices		This symbol may not be modified and may only be used to refer to Apple’s iPod and Vision Pro.		ipod.and.vision.pro	
ipod.shuffle.gen1	2024	18.0	15.0	18.0	11.0	2.0	devices		This symbol may not be modified and may only be used to refer to Apple’s iPod shuffle.		ipod.shuffle.gen1	
ipod.shuffle.gen2	2024	18.0	15.0	18.0	11.0	2.0	devices		This symbol may not be modified and may only be used to refer to Apple’s iPod shuffle.		ipod.shuffle.gen2	
ipod.shuffle.gen3	2024	18.0	15.0	18.0	11.0	2.0	devices		This symbol may not be modified and may only be used to refer to Apple’s iPod shuffle.		ipod.shuffle.gen3	
ipod.shuffle.gen4	2024	18.0	15.0	18.0	11.0	2.0	devices		This symbol may not be modified and may only be used to refer to Apple’s iPod shuffle.		ipod.shuffle.gen4	
ipod.touch	2024	18.0	15.0	18.0	11.0	2.0	devices		This symbol may not be modified and may only be used to refer to Apple’s iPod touch.		ipod.touch	
ipod.touch.landscape	2024	18.0	15.0	18.0	11.0	2.0	devices		This symbol may not be modified and may only be used to refer to Apple’s iPod touch.		ipod.touch.landscape	
ipod.touch.slash	2024	18.0	15.0	18.0	11.0	2.0	devices	remove	This symbol may not be modified and may only be used to refer to Apple’s iPod touch.		ipod.touch	slash
italic	2019	13.0	10.15	13.0	6.0	1.0	multicolor,textformatting				italic	
ivfluid.bag	2021	15.0	12.0	15.0	8.0	1.0	health,multicolor,objectsandtools	medical		ivfluid.bag.fill	ivfluid.bag	
ivfluid.bag.fill	2021	15.0	12.0	15.0	8.0	1.0	health,multicolor,objectsandtools	medical			ivfluid.bag	fill
j.circle	2019	13.0	10.15	13.0	6.0	1.0	indices,variable			j.circle.fill	j	circle
j.circle.fill	2019	13.0	10.15	13.0	6.0	1.0	indices,multicolor				j	circle,fill
j.square	2019	13.0	10.15	13.0	6.0	1.0	indices			j.square.fill	j	square
j.square.fill	2019	13.0	10.15	13.0	6.0	1.0	indices,multicolor				j	square,fill
j.square.on.square	2020	14.0	11.0	14.0	7.0	1.0				j.square.on.square.fill	j.square.on	square
j.square.on.square.fill	2021	15.0	12.0	15.0	8.0	1.0					j.square.on	square,fill
jacket	2024	18.0	15.0	18.0	11.0	2.0	objectsandtools			jacket.fill	jacket	
jacket.circle	2025	26.0	26.0	26.0	26.0	26.0	variable			jacket.circle.fill	jacket	circle
jacket.circle.fill	2025	26.0	26.0	26.0	26.0	26.0	multicolor				jacket	circle,fill
jacket.fill	2024	18.0	15.0	18.0	11.0	2.0	objectsandtools				jacket	fill
jacket.sensor.tag.radiowaves.left.and.right	2025	26.0	26.0	26.0	26.0	26.0	devices,objectsandtools,variable			jacket.sensor.tag.radiowaves.left.and.right.fill	jacket.sensor.tag.radiowaves.left.and.right	
jacket.sensor.tag.radiowaves.left.and.right.fill	2025	26.0	26.0	26.0	26.0	26.0	devices,multicolor,objectsandtools,variable				jacket.sensor.tag.radiowaves.left.and.right	fill
k	2020	14.0	11.0	14.0	7.0	1.0					k	
k.circle	2019	13.0	10.15	13.0	6.0	1.0	indices,variable			k.circle.fill	k	circle
k.circle.fill	2019	13.0	10.15	13.0	6.0	1.0	indices,multicolor				k	circle,fill
k.square	2019	13.0	10.15	13.0	6.0	1.0	indices			k.square.fill	k	square
k.square.fill	2019	13.0	10.15	13.0	6.0	1.0	indices,multicolor				k	square,fill
kashida.arabic	2023	17.0	14.0	17.0	10.0	1.0	textformatting				kashida.arabic	
key	2020	14.0	11.0	14.0	7.0	1.0	automotive,objectsandtools,privacyandsecurity	password,security		key.fill	key	
key.2.on.ring	2024	18.0	15.0	18.0	11.0	2.0	objectsandtools	security		key.2.on.ring.fill	key.2.on.ring	
key.2.on.ring.fill	2024	18.0	15.0	18.0	11.0	2.0	objectsandtools	security			key.2.on.ring	fill
key.car.radiowaves.forward	2024	18.0	15.0	18.0	11.0	2.0	automotive,objectsandtools,variable			key.car.radiowaves.forward.fill	key.car.radiowaves.forward	
key.car.radiowaves.forward.fill	2024	18.0	15.0	18.0	11.0	2.0	automotive,objectsandtools,variable				key.car.radiowaves.forward	fill
key.car.side	2024.3	18.4	15.4	18.4	11.4	2.4	automotive			key.car.side.fill	key.car.side	
key.car.side.fill	2024.3	18.4	15.4	18.4	11.4	2.4	automotive,multicolor				key.car.side	fill
key.card	2024	18.0	15.0	18.0	11.0	2.0	automotive,objectsandtools			key.card.fill	key.card	
key.card.fill	2024	18.0	15.0	18.0	11.0	2.0	automotive,multicolor,objectsandtools				key.card	fill
key.circle	2025	26.0	26.0	26.0	26.0	26.0	automotive,objectsandtools,privacyandsecurity,variable	password,security		key.circle.fill	key	circle
key.circle.fill	2025	26.0	26.0	26.0	26.0	26.0	automotive,multicolor,objectsandtools,privacyandsecurity	password,security			key	circle,fill
key.convertible.side	2024.3	18.4	15.4	18.4	11.4	2.4	automotive			key.convertible.side.fill	key.convertible.side	
key.convertible.side.fill	2024.3	18.4	15.4	18.4	11.4	2.4	automotive,multicolor				key.convertible.side	fill
key.fill	2020	14.0	11.0	14.0	7.0	1.0	automotive,objectsandtools,privacyandsecurity	password,security			key	fill
key.horizontal	2022.1	16.1	13.0	16.1	9.1	1.0	automotive,objectsandtools,privacyandsecurity	security		key.horizontal.fill	key.horizontal	
key.horizontal.fill	2022.1	16.1	13.0	16.1	9.1	1.0	automotive,objectsandtools,privacyandsecurity	security			key.horizontal	fill
key.icloud	2020	14.0	11.0	14.0	7.0	1.0	connectivity,privacyandsecurity		This symbol may not be modified and may only be used to refer to Apple’s iCloud service.	key.icloud.fill	key.icloud	
key.icloud.fill	2020	14.0	11.0	14.0	7.0	1.0	connectivity,multicolor,privacyandsecurity		This symbol may not be modified and may only be used to refer to Apple’s iCloud service.		key.icloud	fill
key.radiowaves.forward	2022.1	16.1	13.0	16.1	9.1	1.0	automotive,objectsandtools,privacyandsecurity,variable	security		key.radiowaves.forward.fill	key.radiowaves.forward	
key.radiowaves.forward.fill	2022.1	16.1	13.0	16.1	9.1	1.0	automotive,objectsandtools,privacyandsecurity,variable	security			key.radiowaves.forward	fill
key.radiowaves.forward.slash	2023	17.0	14.0	17.0	10.0	1.0	automotive,objectsandtools,privacyandsecurity	security		key.radiowaves.forward.slash.fill	key.radiowaves.forward	slash
key.radiowaves.forward.slash.fill	2023	17.0	14.0	17.0	10.0	1.0	automotive,objectsandtools,privacyandsecurity	security			key.radiowaves.forward	slash,fill
key.sensor.tag.radiowaves.left.and.right	2025	26.0	26.0	26.0	26.0	26.0	devices,objectsandtools,variable			key.sensor.tag.radiowaves.left.and.right.fill	key.sensor.tag.radiowaves.left.and.right	
key.sensor.tag.radiowaves.left.and.right.fill	2025	26.0	26.0	26.0	26.0	26.0	devices,multicolor,objectsandtools,variable				key.sensor.tag.radiowaves.left.and.right	fill
key.shield	2025	26.0	26.0	26.0	26.0	26.0	privacyandsecurity			key.shield.fill	key.shield	
key.shield.fill	2025	26.0	26.0	26.0	26.0	26.0	multicolor,privacyandsecurity				key.shield	fill
key.slash	2023	17.0	14.0	17.0	10.0	1.0	automotive,objectsandtools,privacyandsecurity	password,security		key.slash.fill	key	slash
key.slash.fill	2023	17.0	14.0	17.0	10.0	1.0	automotive,objectsandtools,privacyandsecurity	password,security			key	slash,fill
key.suv.side	2024.3	18.4	15.4	18.4	11.4	2.4	automotive			key.suv.side.fill	key.suv.side	
key.suv.side.fill	2024.3	18.4	15.4	18.4	11.4	2.4	automotive,multicolor				key.suv.side	fill
key.truck.pickup.side	2024.3	18.4	15.4	18.4	11.4	2.4	automotive			key.truck.pickup.side.fill	key.truck.pickup.side	
key.truck.pickup.side.fill	2024.3	18.4	15.4	18.4	11.4	2.4	automotive,multicolor				key.truck.pickup.side	fill
key.viewfinder	2021.3	15.4	12.3	15.4	8.5	1.0	objectsandtools,privacyandsecurity	password,security			key.viewfinder	
keyboard	2019	13.0	10.15	13.0	6.0	1.0	devices,keyboard			keyboard.fill	keyboard	
keyboard.badge.ellipsis	2020	14.0	11.0	14.0	7.0	1.0	devices,keyboard,multicolor	action,dot.3,extra,more,overflow,…		keyboard.badge.ellipsis.fill	keyboard.badge.ellipsis	
keyboard.badge.ellipsis.fill	2022	16.0	13.0	16.0	9.0	1.0	devices,keyboard,multicolor	action,dot.3,extra,more,overflow,…			keyboard.badge.ellipsis	fill
keyboard.badge.eye	2022	16.0	13.0	16.0	9.0	1.0	devices,keyboard			keyboard.badge.eye.fill	keyboard.badge.eye	
keyboard.badge.eye.fill	2022	16.0	13.0	16.0	9.0	1.0	devices,keyboard				keyboard.badge.eye	fill
keyboard.chevron.compact.down	2019	13.0	10.15	13.0	6.0	1.0	devices,keyboard			keyboard.chevron.compact.down.fill	keyboard.chevron.compact.down	
keyboard.chevron.compact.down.fill	2022	16.0	13.0	16.0	9.0	1.0	devices,keyboard				keyboard.chevron.compact.down	fill
keyboard.chevron.compact.left	2020	14.0	11.0	14.0	7.0	1.0	devices,keyboard			keyboard.chevron.compact.left.fill	keyboard.chevron.compact.left	
keyboard.chevron.compact.left.fill	2022	16.0	13.0	16.0	9.0	1.0	devices,keyboard				keyboard.chevron.compact.left	fill
keyboard.fill	2021	15.0	12.0	15.0	8.0	1.0	devices,keyboard				keyboard	fill
keyboard.interface.window	2026	27.0	27.0	27.0	27.0	27.0	multicolor				keyboard.interface.window	
keyboard.onehanded.left	2020	14.0	11.0	14.0	7.0	1.0	devices,keyboard			keyboard.onehanded.left.fill	keyboard.onehanded.left	
keyboard.onehanded.left.fill	2022	16.0	13.0	16.0	9.0	1.0	devices,keyboard				keyboard.onehanded.left	fill
keyboard.onehanded.right	2020	14.0	11.0	14.0	7.0	1.0	devices,keyboard			keyboard.onehanded.right.fill	keyboard.onehanded.right	
keyboard.onehanded.right.fill	2022	16.0	13.0	16.0	9.0	1.0	devices,keyboard				keyboard.onehanded.right	fill
kipsign	2022	16.0	13.0	16.0	9.0	1.0	commerce,indices	currencies,currency			kipsign	
kipsign.arrow.trianglehead.counterclockwise.rotate.90	2024	18.0	15.0	18.0	11.0	2.0	arrows,commerce	currencies,currency			kipsign.arrow.trianglehead.counterclockwise.rotate.90	
kipsign.building.classical	2026	27.0	27.0	27.0	27.0	27.0	commerce,objectsandtools	currencies,currency		kipsign.building.classical.fill	kipsign.building.classical	
kipsign.building.classical.fill	2026	27.0	27.0	27.0	27.0	27.0	commerce,multicolor,objectsandtools	currencies,currency			kipsign.building.classical	fill
kipsign.circle	2019	13.0	10.15	13.0	6.0	1.0	commerce,indices,variable	currencies,currency		kipsign.circle.fill	kipsign	circle
kipsign.circle.fill	2019	13.0	10.15	13.0	6.0	1.0	commerce,indices,multicolor	currencies,currency			kipsign	circle,fill
kipsign.gauge.chart.lefthalf.righthalf	2024	18.0	15.0	18.0	11.0	2.0	commerce,home,variable				kipsign.gauge.chart.lefthalf.righthalf	
kipsign.gauge.chart.leftthird.topthird.rightthird	2024	18.0	15.0	18.0	11.0	2.0	commerce,home,variable				kipsign.gauge.chart.leftthird.topthird.rightthird	
kipsign.ring	2024	18.0	15.0	18.0	11.0	2.0	commerce,home				kipsign.ring	
kipsign.ring.dashed	2024	18.0	15.0	18.0	11.0	2.0	commerce,home,variable				kipsign.ring.dashed	
kipsign.square	2019	13.0	10.15	13.0	6.0	1.0	commerce,indices	currencies,currency		kipsign.square.fill	kipsign	square
kipsign.square.fill	2019	13.0	10.15	13.0	6.0	1.0	commerce,indices,multicolor	currencies,currency			kipsign	square,fill
kph	2022.1	16.1	13.0	16.1	9.1	1.0	automotive				kph	
kph.circle	2022.1	16.1	13.0	16.1	9.1	1.0	automotive,variable			kph.circle.fill	kph	circle
kph.circle.fill	2022.1	16.1	13.0	16.1	9.1	1.0	automotive,multicolor				kph	circle,fill
l.button.roundedbottom.horizontal	2023	17.0	14.0	17.0	10.0	1.0	gaming			l.button.roundedbottom.horizontal.fill	l.button.roundedbottom.horizontal	
l.button.roundedbottom.horizontal.fill	2023	17.0	14.0	17.0	10.0	1.0	gaming,multicolor				l.button.roundedbottom.horizontal	fill
l.circle	2019	13.0	10.15	13.0	6.0	1.0	gaming,indices,variable			l.circle.fill	l	circle
l.circle.fill	2019	13.0	10.15	13.0	6.0	1.0	gaming,indices,multicolor				l	circle,fill
l.joystick	2020	14.0	11.0	14.0	7.0	1.0	gaming			l.joystick.fill	l.joystick	
l.joystick.fill	2020	14.0	11.0	14.0	7.0	1.0	gaming				l.joystick	fill
l.joystick.press.down	2021	15.0	12.0	15.0	8.0	1.0	gaming			l.joystick.press.down.fill	l.joystick.press.down	
l.joystick.press.down.fill	2021	15.0	12.0	15.0	8.0	1.0	gaming				l.joystick.press.down	fill
l.joystick.tilt.down	2021	15.0	12.0	15.0	8.0	1.0	gaming			l.joystick.tilt.down.fill	l.joystick.tilt.down	
l.joystick.tilt.down.fill	2021	15.0	12.0	15.0	8.0	1.0	gaming				l.joystick.tilt.down	fill
l.joystick.tilt.left	2021	15.0	12.0	15.0	8.0	1.0	gaming			l.joystick.tilt.left.fill	l.joystick.tilt.left	
l.joystick.tilt.left.fill	2021	15.0	12.0	15.0	8.0	1.0	gaming				l.joystick.tilt.left	fill
l.joystick.tilt.right	2021	15.0	12.0	15.0	8.0	1.0	gaming			l.joystick.tilt.right.fill	l.joystick.tilt.right	
l.joystick.tilt.right.fill	2021	15.0	12.0	15.0	8.0	1.0	gaming				l.joystick.tilt.right	fill
l.joystick.tilt.up	2021	15.0	12.0	15.0	8.0	1.0	gaming			l.joystick.tilt.up.fill	l.joystick.tilt.up	
l.joystick.tilt.up.fill	2021	15.0	12.0	15.0	8.0	1.0	gaming				l.joystick.tilt.up	fill
l.square	2019	13.0	10.15	13.0	6.0	1.0	indices			l.square.fill	l	square
l.square.fill	2019	13.0	10.15	13.0	6.0	1.0	indices,multicolor				l	square,fill
l1.button.roundedbottom.horizontal	2023	17.0	14.0	17.0	10.0	1.0	gaming			l1.button.roundedbottom.horizontal.fill	l1.button.roundedbottom.horizontal	
l1.button.roundedbottom.horizontal.fill	2023	17.0	14.0	17.0	10.0	1.0	gaming,multicolor				l1.button.roundedbottom.horizontal	fill
l1.circle	2023	17.0	14.0	17.0	10.0	1.0	gaming,variable			l1.circle.fill	l1	circle
l1.circle.fill	2023	17.0	14.0	17.0	10.0	1.0	gaming,multicolor				l1	circle,fill
l2.button.angledtop.vertical.left	2023	17.0	14.0	17.0	10.0	1.0	gaming			l2.button.angledtop.vertical.left.fill	l2.button.angledtop.vertical.left	
l2.button.angledtop.vertical.left.fill	2023	17.0	14.0	17.0	10.0	1.0	gaming,multicolor				l2.button.angledtop.vertical.left	fill
l2.button.roundedtop.horizontal	2023	17.0	14.0	17.0	10.0	1.0	gaming			l2.button.roundedtop.horizontal.fill	l2.button.roundedtop.horizontal	
l2.button.roundedtop.horizontal.fill	2023	17.0	14.0	17.0	10.0	1.0	gaming,multicolor				l2.button.roundedtop.horizontal	fill
l2.circle	2023	17.0	14.0	17.0	10.0	1.0	gaming,variable			l2.circle.fill	l2	circle
l2.circle.fill	2023	17.0	14.0	17.0	10.0	1.0	gaming,multicolor				l2	circle,fill
l3.button.angledbottom.horizontal.left	2023	17.0	14.0	17.0	10.0	1.0	gaming			l3.button.angledbottom.horizontal.left.fill	l3.button.angledbottom.horizontal.left	
l3.button.angledbottom.horizontal.left.fill	2023	17.0	14.0	17.0	10.0	1.0	gaming,multicolor				l3.button.angledbottom.horizontal.left	fill
l4.button.horizontal	2023	17.0	14.0	17.0	10.0	1.0	gaming			l4.button.horizontal.fill	l4.button.horizontal	
l4.button.horizontal.fill	2023	17.0	14.0	17.0	10.0	1.0	gaming,multicolor				l4.button.horizontal	fill
ladybug	2020	14.0	11.0	14.0	7.0	1.0	nature	animals,bug		ladybug.fill	ladybug	
ladybug.circle	2023	17.0	14.0	17.0	10.0	1.0	nature,variable	animals,bug		ladybug.circle.fill	ladybug	circle
ladybug.circle.fill	2023	17.0	14.0	17.0	10.0	1.0	multicolor,nature	animals,bug			ladybug	circle,fill
ladybug.fill	2020	14.0	11.0	14.0	7.0	1.0	multicolor,nature	animals,bug			ladybug	fill
ladybug.slash	2024	18.0	15.0	18.0	11.0	2.0	nature	animals,bug		ladybug.slash.fill	ladybug	slash
ladybug.slash.circle	2024	18.0	15.0	18.0	11.0	2.0	nature,variable	animals,bug		ladybug.slash.circle.fill	ladybug	slash,circle
ladybug.slash.circle.fill	2024	18.0	15.0	18.0	11.0	2.0	multicolor,nature	animals,bug			ladybug	slash,circle,fill
ladybug.slash.fill	2024	18.0	15.0	18.0	11.0	2.0	nature	animals,bug			ladybug	slash,fill
lamp.ceiling	2022	16.0	13.0	16.0	9.0	1.0	home,objectsandtools	light		lamp.ceiling.fill	lamp.ceiling	
lamp.ceiling.fill	2022	16.0	13.0	16.0	9.0	1.0	home,objectsandtools	light			lamp.ceiling	fill
lamp.ceiling.inverse	2022	16.0	13.0	16.0	9.0	1.0	home,objectsandtools	light			lamp.ceiling.inverse	
lamp.desk	2022	16.0	13.0	16.0	9.0	1.0	home,objectsandtools	light		lamp.desk.fill	lamp.desk	
lamp.desk.fill	2022	16.0	13.0	16.0	9.0	1.0	home,objectsandtools	light			lamp.desk	fill
lamp.floor	2022	16.0	13.0	16.0	9.0	1.0	home,objectsandtools	light		lamp.floor.fill	lamp.floor	
lamp.floor.fill	2022	16.0	13.0	16.0	9.0	1.0	home,objectsandtools	light			lamp.floor	fill
lamp.table	2022	16.0	13.0	16.0	9.0	1.0	home,objectsandtools	light		lamp.table.fill	lamp.table	
lamp.table.fill	2022	16.0	13.0	16.0	9.0	1.0	home,objectsandtools	light			lamp.table	fill
lane	2022.1	16.1	13.0	16.1	9.1	1.0	fitness	running,sports			lane	
lanyardcard	2021	15.0	12.0	15.0	8.0	1.0	objectsandtools			lanyardcard.fill	lanyardcard	
lanyardcard.fill	2021	15.0	12.0	15.0	8.0	1.0	objectsandtools				lanyardcard	fill
laptopcomputer	2020	14.0	11.0	14.0	7.0	1.0	devices				laptopcomputer	
laptopcomputer.and.arrow.down	2021	15.0	12.0	15.0	8.0	1.0	devices				laptopcomputer.and.arrow.down	
laptopcomputer.badge.checkmark	2025	26.0	26.0	26.0	26.0	26.0	devices,multicolor				laptopcomputer.badge.checkmark	
laptopcomputer.display.clean	2026	27.0	27.0	27.0	27.0	27.0	devices,whatsnew				laptopcomputer.display.clean	
laptopcomputer.slash	2022.1	16.1	13.0	16.1	9.1	1.0	devices				laptopcomputer	slash
laptopcomputer.trianglebadge.exclamationmark	2021	15.0	12.0	15.0	8.0	1.0	devices,multicolor	!,warning			laptopcomputer.trianglebadge.exclamationmark	
larisign	2022	16.0	13.0	16.0	9.0	1.0	commerce,indices	currencies,currency			larisign	
larisign.arrow.trianglehead.counterclockwise.rotate.90	2024	18.0	15.0	18.0	11.0	2.0	arrows,commerce	currencies,currency			larisign.arrow.trianglehead.counterclockwise.rotate.90	
larisign.building.classical	2026	27.0	27.0	27.0	27.0	27.0	commerce,objectsandtools	currencies,currency		larisign.building.classical.fill	larisign.building.classical	
larisign.building.classical.fill	2026	27.0	27.0	27.0	27.0	27.0	commerce,multicolor,objectsandtools	currencies,currency			larisign.building.classical	fill
larisign.circle	2019	13.0	10.15	13.0	6.0	1.0	commerce,indices,variable	currencies,currency		larisign.circle.fill	larisign	circle
larisign.circle.fill	2019	13.0	10.15	13.0	6.0	1.0	commerce,indices,multicolor	currencies,currency			larisign	circle,fill
larisign.gauge.chart.lefthalf.righthalf	2024	18.0	15.0	18.0	11.0	2.0	commerce,home,variable				larisign.gauge.chart.lefthalf.righthalf	
larisign.gauge.chart.leftthird.topthird.rightthird	2024	18.0	15.0	18.0	11.0	2.0	commerce,home,variable				larisign.gauge.chart.leftthird.topthird.rightthird	
larisign.ring	2024	18.0	15.0	18.0	11.0	2.0	commerce,home				larisign.ring	
larisign.ring.dashed	2024	18.0	15.0	18.0	11.0	2.0	commerce,home,variable				larisign.ring.dashed	
larisign.square	2019	13.0	10.15	13.0	6.0	1.0	commerce,indices	currencies,currency		larisign.square.fill	larisign	square
larisign.square.fill	2019	13.0	10.15	13.0	6.0	1.0	commerce,indices,multicolor	currencies,currency			larisign	square,fill
laser.burst	2023	17.0	14.0	17.0	10.0	1.0	objectsandtools	party			laser.burst	
lasso	2019	13.0	10.15	13.0	6.0	1.0	editing,objectsandtools				lasso	
lasso.badge.sparkles	2023	17.0	14.0	17.0	10.0	1.0	editing,objectsandtools				lasso.badge.sparkles	
latch.2.case	2020	14.0	11.0	14.0	7.0	1.0	objectsandtools			latch.2.case.fill	latch.2.case	
latch.2.case.fill	2020	14.0	11.0	14.0	7.0	1.0	objectsandtools				latch.2.case	fill
laurel.leading	2022	16.0	13.0	16.0	9.0	1.0	nature				laurel.leading	
laurel.leading.laurel.trailing	2024.1	18.1	15.1	18.1	11.1	2.1					laurel.leading.laurel.trailing	
laurel.trailing	2022	16.0	13.0	16.0	9.0	1.0	nature				laurel.trailing	
lb.button.roundedbottom.horizontal	2023	17.0	14.0	17.0	10.0	1.0	gaming			lb.button.roundedbottom.horizontal.fill	lb.button.roundedbottom.horizontal	
lb.button.roundedbottom.horizontal.fill	2023	17.0	14.0	17.0	10.0	1.0	gaming,multicolor				lb.button.roundedbottom.horizontal	fill
lb.circle	2023	17.0	14.0	17.0	10.0	1.0	gaming,variable			lb.circle.fill	lb	circle
lb.circle.fill	2023	17.0	14.0	17.0	10.0	1.0	gaming,multicolor				lb	circle,fill
leaf	2020	14.0	11.0	14.0	7.0	1.0	multicolor,nature			leaf.fill	leaf	
leaf.arrow.trianglehead.clockwise	2024	18.0	15.0	18.0	11.0	2.0	arrows,multicolor,nature				leaf.arrow.trianglehead.clockwise	
leaf.circle	2021	15.0	12.0	15.0	8.0	1.0	multicolor,nature,variable			leaf.circle.fill	leaf	circle
leaf.circle.fill	2021	15.0	12.0	15.0	8.0	1.0	multicolor,nature				leaf	circle,fill
leaf.fill	2020	14.0	11.0	14.0	7.0	1.0	multicolor,nature				leaf	fill
left	2023	17.0	14.0	17.0	10.0	1.0					left	
left.circle	2023	17.0	14.0	17.0	10.0	1.0	variable			left.circle.fill	left	circle
left.circle.fill	2023	17.0	14.0	17.0	10.0	1.0	multicolor				left	circle,fill
lessthan	2019	13.0	10.15	13.0	6.0	1.0	math	<			lessthan	
lessthan.circle	2019	13.0	10.15	13.0	6.0	1.0	math,variable	<		lessthan.circle.fill	lessthan	circle
lessthan.circle.fill	2019	13.0	10.15	13.0	6.0	1.0	math,multicolor	<			lessthan	circle,fill
lessthan.square	2019	13.0	10.15	13.0	6.0	1.0	math	<		lessthan.square.fill	lessthan	square
lessthan.square.fill	2019	13.0	10.15	13.0	6.0	1.0	math,multicolor	<			lessthan	square,fill
lessthanorequalto	2024	18.0	15.0	18.0	11.0	2.0	math	<,≤			lessthanorequalto	
lessthanorequalto.circle	2024	18.0	15.0	18.0	11.0	2.0	math,variable	<,≤		lessthanorequalto.circle.fill	lessthanorequalto	circle
lessthanorequalto.circle.fill	2024	18.0	15.0	18.0	11.0	2.0	math,multicolor	<,≤			lessthanorequalto	circle,fill
lessthanorequalto.square	2024	18.0	15.0	18.0	11.0	2.0	math	<,≤		lessthanorequalto.square.fill	lessthanorequalto	square
lessthanorequalto.square.fill	2024	18.0	15.0	18.0	11.0	2.0	math,multicolor	<,≤			lessthanorequalto	square,fill
level	2020	14.0	11.0	14.0	7.0	1.0	objectsandtools			level.fill	level	
level.fill	2020	14.0	11.0	14.0	7.0	1.0	objectsandtools				level	fill
licenseplate	2023	17.0	14.0	17.0	10.0	1.0	automotive,maps,objectsandtools			licenseplate.fill	licenseplate	
licenseplate.fill	2023	17.0	14.0	17.0	10.0	1.0	automotive,maps,multicolor,objectsandtools				licenseplate	fill
lifepreserver	2020	14.0	11.0	14.0	7.0	1.0	objectsandtools			lifepreserver.fill	lifepreserver	
lifepreserver.fill	2020	14.0	11.0	14.0	7.0	1.0	objectsandtools				lifepreserver	fill
light.beacon.max	2022	16.0	13.0	16.0	9.0	1.0	home,multicolor,objectsandtools	emergency,security alarm,siren		light.beacon.max.fill	light.beacon.max	
light.beacon.max.fill	2022	16.0	13.0	16.0	9.0	1.0	home,multicolor,objectsandtools	emergency,security alarm,siren			light.beacon.max	fill
light.beacon.min	2022	16.0	13.0	16.0	9.0	1.0	home,multicolor,objectsandtools	emergency,security alarm,siren		light.beacon.min.fill	light.beacon.min	
light.beacon.min.fill	2022	16.0	13.0	16.0	9.0	1.0	home,multicolor,objectsandtools	emergency,security alarm,siren			light.beacon.min	fill
light.cylindrical.ceiling	2022	16.0	13.0	16.0	9.0	1.0	home,objectsandtools			light.cylindrical.ceiling.fill	light.cylindrical.ceiling	
light.cylindrical.ceiling.fill	2022	16.0	13.0	16.0	9.0	1.0	home,objectsandtools				light.cylindrical.ceiling	fill
light.cylindrical.ceiling.inverse	2022	16.0	13.0	16.0	9.0	1.0	home,objectsandtools				light.cylindrical.ceiling.inverse	
light.max	2019	13.0	10.15	13.0	6.0	1.0	keyboard				light.max	
light.min	2019	13.0	10.15	13.0	6.0	1.0	keyboard				light.min	
light.overhead.left	2022.1	16.1	13.0	16.1	9.1	1.0	automotive			light.overhead.left.fill	light.overhead.left	
light.overhead.left.fill	2022.1	16.1	13.0	16.1	9.1	1.0	automotive				light.overhead.left	fill
light.overhead.right	2022.1	16.1	13.0	16.1	9.1	1.0	automotive			light.overhead.right.fill	light.overhead.right	
light.overhead.right.fill	2022.1	16.1	13.0	16.1	9.1	1.0	automotive				light.overhead.right	fill
light.panel	2022	16.0	13.0	16.0	9.0	1.0	home,objectsandtools			light.panel.fill	light.panel	
light.panel.fill	2022	16.0	13.0	16.0	9.0	1.0	home,objectsandtools				light.panel	fill
light.recessed	2022	16.0	13.0	16.0	9.0	1.0	home,objectsandtools			light.recessed.fill	light.recessed	
light.recessed.3	2022	16.0	13.0	16.0	9.0	1.0	home,objectsandtools			light.recessed.3.fill	light.recessed.3	
light.recessed.3.fill	2022	16.0	13.0	16.0	9.0	1.0	home,objectsandtools				light.recessed.3	fill
light.recessed.3.inverse	2022	16.0	13.0	16.0	9.0	1.0	home,objectsandtools				light.recessed.3.inverse	
light.recessed.fill	2022	16.0	13.0	16.0	9.0	1.0	home,objectsandtools				light.recessed	fill
light.recessed.inverse	2022	16.0	13.0	16.0	9.0	1.0	home,objectsandtools				light.recessed.inverse	
light.ribbon	2022	16.0	13.0	16.0	9.0	1.0	home,objectsandtools			light.ribbon.fill	light.ribbon	
light.ribbon.fill	2022	16.0	13.0	16.0	9.0	1.0	home,objectsandtools				light.ribbon	fill
light.strip.2	2022	16.0	13.0	16.0	9.0	1.0	home,objectsandtools			light.strip.2.fill	light.strip.2	
light.strip.2.fill	2022	16.0	13.0	16.0	9.0	1.0	home,objectsandtools				light.strip.2	fill
light.tube.rays	2026	27.0	27.0	27.0	27.0	27.0	cameraandphotos,home,objectsandtools,variable,whatsnew				light.tube.rays	
lightbulb	2019	13.0	10.15	13.0	6.0	1.0	home,objectsandtools			lightbulb.fill	lightbulb	
lightbulb.2	2022	16.0	13.0	16.0	9.0	1.0	home,objectsandtools			lightbulb.2.fill	lightbulb.2	
lightbulb.2.fill	2022	16.0	13.0	16.0	9.0	1.0	home,objectsandtools				lightbulb.2	fill
lightbulb.circle	2021	15.0	12.0	15.0	8.0	1.0	home,objectsandtools,variable			lightbulb.circle.fill	lightbulb	circle
lightbulb.circle.fill	2021	15.0	12.0	15.0	8.0	1.0	home,multicolor,objectsandtools				lightbulb	circle,fill
lightbulb.fill	2019	13.0	10.15	13.0	6.0	1.0	home,multicolor,objectsandtools				lightbulb	fill
lightbulb.led	2022	16.0	13.0	16.0	9.0	1.0	home,objectsandtools			lightbulb.led.fill	lightbulb.led	
lightbulb.led.fill	2022	16.0	13.0	16.0	9.0	1.0	home,multicolor,objectsandtools				lightbulb.led	fill
lightbulb.led.wide	2022	16.0	13.0	16.0	9.0	1.0	home,objectsandtools			lightbulb.led.wide.fill	lightbulb.led.wide	
lightbulb.led.wide.fill	2022	16.0	13.0	16.0	9.0	1.0	home,multicolor,objectsandtools				lightbulb.led.wide	fill
lightbulb.max	2023	17.0	14.0	17.0	10.0	1.0	home,objectsandtools			lightbulb.max.fill	lightbulb.max	
lightbulb.max.fill	2023	17.0	14.0	17.0	10.0	1.0	home,objectsandtools				lightbulb.max	fill
lightbulb.min	2023	17.0	14.0	17.0	10.0	1.0	home,objectsandtools			lightbulb.min.fill	lightbulb.min	
lightbulb.min.badge.exclamationmark	2023	17.0	14.0	17.0	10.0	1.0	home,multicolor,objectsandtools			lightbulb.min.badge.exclamationmark.fill	lightbulb.min.badge.exclamationmark	
lightbulb.min.badge.exclamationmark.fill	2023	17.0	14.0	17.0	10.0	1.0	home,multicolor,objectsandtools				lightbulb.min.badge.exclamationmark	fill
lightbulb.min.fill	2023	17.0	14.0	17.0	10.0	1.0	home,objectsandtools				lightbulb.min	fill
lightbulb.slash	2019	13.0	10.15	13.0	6.0	1.0	home,objectsandtools	remove		lightbulb.slash.fill	lightbulb	slash
lightbulb.slash.fill	2019	13.0	10.15	13.0	6.0	1.0	home,objectsandtools	remove			lightbulb	slash,fill
lightrail	2023	17.0	14.0	17.0	10.0	1.0	transportation			lightrail.fill	lightrail	
lightrail.fill	2023	17.0	14.0	17.0	10.0	1.0	transportation				lightrail	fill
lightspectrum.horizontal	2023	17.0	14.0	17.0	10.0	1.0	cameraandphotos,multicolor	edit,vibrance			lightspectrum.horizontal	
lightswitch.off	2022	16.0	13.0	16.0	9.0	1.0	home			lightswitch.off.fill	lightswitch.off	
lightswitch.off.fill	2022	16.0	13.0	16.0	9.0	1.0	home				lightswitch.off	fill
lightswitch.off.square	2022	16.0	13.0	16.0	9.0	1.0	home			lightswitch.off.square.fill	lightswitch.off	square
lightswitch.off.square.fill	2022	16.0	13.0	16.0	9.0	1.0	home,multicolor				lightswitch.off	square,fill
lightswitch.on	2022	16.0	13.0	16.0	9.0	1.0	home			lightswitch.on.fill	lightswitch.on	
lightswitch.on.fill	2022	16.0	13.0	16.0	9.0	1.0	home				lightswitch.on	fill
lightswitch.on.square	2022	16.0	13.0	16.0	9.0	1.0	home			lightswitch.on.square.fill	lightswitch.on	square
lightswitch.on.square.fill	2022	16.0	13.0	16.0	9.0	1.0	home,multicolor				lightswitch.on	square,fill
line.2.horizontal.decrease.circle	2021	15.0	12.0	15.0	8.0	1.0	variable			line.2.horizontal.decrease.circle.fill	line.2.horizontal.decrease	circle
line.2.horizontal.decrease.circle.fill	2021	15.0	12.0	15.0	8.0	1.0	multicolor				line.2.horizontal.decrease	circle,fill
line.3.crossed.swirl.circle	2020	14.0	11.0	14.0	7.0	1.0				line.3.crossed.swirl.circle.fill	line.3.crossed.swirl	circle
line.3.crossed.swirl.circle.fill	2020	14.0	11.0	14.0	7.0	1.0					line.3.crossed.swirl	circle,fill
line.3.horizontal	2021	15.0	12.0	15.0	8.0	1.0					line.3.horizontal	
line.3.horizontal.button.angledtop.vertical.right	2023	17.0	14.0	17.0	10.0	1.0	gaming			line.3.horizontal.button.angledtop.vertical.right.fill	line.3.horizontal.button.angledtop.vertical.right	
line.3.horizontal.button.angledtop.vertical.right.fill	2023	17.0	14.0	17.0	10.0	1.0	gaming,multicolor				line.3.horizontal.button.angledtop.vertical.right	fill
line.3.horizontal.circle	2021	15.0	12.0	15.0	8.0	1.0	gaming,variable			line.3.horizontal.circle.fill	line.3.horizontal	circle
line.3.horizontal.circle.fill	2021	15.0	12.0	15.0	8.0	1.0	gaming,multicolor				line.3.horizontal	circle,fill
line.3.horizontal.decrease	2021	15.0	12.0	15.0	8.0	1.0		filter			line.3.horizontal.decrease	
line.3.horizontal.decrease.circle	2021	15.0	12.0	15.0	8.0	1.0	variable	filter,mail		line.3.horizontal.decrease.circle.fill	line.3.horizontal.decrease	circle
line.3.horizontal.decrease.circle.fill	2021	15.0	12.0	15.0	8.0	1.0	multicolor	filter,mail			line.3.horizontal.decrease	circle,fill
line.diagonal	2020	14.0	11.0	14.0	7.0	1.0	communication				line.diagonal	
line.diagonal.trianglehead.up.right	2025	26.0	26.0	26.0	26.0	26.0	communication				line.diagonal.trianglehead.up.right	
line.diagonal.trianglehead.up.right.left.down	2025	26.0	26.0	26.0	26.0	26.0	communication				line.diagonal.trianglehead.up.right.left.down	
line.horizontal.star.fill.line.horizontal	2020	14.0	11.0	14.0	7.0	1.0		favorite			line.horizontal.star.fill.line.horizontal	
lines.measurement.horizontal	2021	15.0	12.0	15.0	8.0	1.0	variable				lines.measurement.horizontal	
lines.measurement.horizontal.aligned.bottom	2025	26.0	26.0	26.0	26.0	26.0	variable				lines.measurement.horizontal.aligned.bottom	
lines.measurement.vertical	2023	17.0	14.0	17.0	10.0	1.0	variable				lines.measurement.vertical	
lineweight	2020	14.0	11.0	14.0	7.0	1.0					lineweight	
link	2019	13.0	10.15	13.0	6.0	1.0	multicolor,objectsandtools				link	
link.badge.plus	2020	14.0	11.0	14.0	7.0	1.0	multicolor,objectsandtools	add			link.badge.plus	
link.circle	2019	13.0	10.15	13.0	6.0	1.0	multicolor,objectsandtools,variable			link.circle.fill	link	circle
link.circle.fill	2019	13.0	10.15	13.0	6.0	1.0	multicolor,objectsandtools				link	circle,fill
link.icloud	2019	13.0	10.15	13.0	6.0	1.0	connectivity		This symbol may not be modified and may only be used to refer to Apple’s iCloud service.	link.icloud.fill	link.icloud	
link.icloud.fill	2019	13.0	10.15	13.0	6.0	1.0	connectivity,multicolor		This symbol may not be modified and may only be used to refer to Apple’s iCloud service.		link.icloud	fill
lirasign	2022	16.0	13.0	16.0	9.0	1.0	commerce,indices	currencies,currency			lirasign	
lirasign.arrow.trianglehead.counterclockwise.rotate.90	2024	18.0	15.0	18.0	11.0	2.0	arrows,commerce	currencies,currency			lirasign.arrow.trianglehead.counterclockwise.rotate.90	
lirasign.building.classical	2026	27.0	27.0	27.0	27.0	27.0	commerce,objectsandtools	currencies,currency		lirasign.building.classical.fill	lirasign.building.classical	
lirasign.building.classical.fill	2026	27.0	27.0	27.0	27.0	27.0	commerce,multicolor,objectsandtools	currencies,currency			lirasign.building.classical	fill
lirasign.circle	2019	13.0	10.15	13.0	6.0	1.0	commerce,indices,variable	currencies,currency		lirasign.circle.fill	lirasign	circle
lirasign.circle.fill	2019	13.0	10.15	13.0	6.0	1.0	commerce,indices,multicolor	currencies,currency			lirasign	circle,fill
lirasign.gauge.chart.lefthalf.righthalf	2024	18.0	15.0	18.0	11.0	2.0	commerce,home,variable				lirasign.gauge.chart.lefthalf.righthalf	
lirasign.gauge.chart.leftthird.topthird.rightthird	2024	18.0	15.0	18.0	11.0	2.0	commerce,home,variable				lirasign.gauge.chart.leftthird.topthird.rightthird	
lirasign.ring	2024	18.0	15.0	18.0	11.0	2.0	commerce,home				lirasign.ring	
lirasign.ring.dashed	2024	18.0	15.0	18.0	11.0	2.0	commerce,home,variable				lirasign.ring.dashed	
lirasign.square	2019	13.0	10.15	13.0	6.0	1.0	commerce,indices	currencies,currency		lirasign.square.fill	lirasign	square
lirasign.square.fill	2019	13.0	10.15	13.0	6.0	1.0	commerce,indices,multicolor	currencies,currency			lirasign	square,fill
list.and.film	2020	14.0	11.0	14.0	7.0	1.0					list.and.film	
list.bullet	2019	13.0	10.15	13.0	6.0	1.0	multicolor,textformatting				list.bullet	
list.bullet.badge.ellipsis	2025	26.0	26.0	26.0	26.0	26.0	multicolor,textformatting				list.bullet.badge.ellipsis	
list.bullet.below.rectangle	2019	13.0	10.15	13.0	6.0	1.0					list.bullet.below	rectangle
list.bullet.circle	2021	15.0	12.0	15.0	8.0	1.0	textformatting,variable			list.bullet.circle.fill	list.bullet	circle
list.bullet.circle.fill	2021	15.0	12.0	15.0	8.0	1.0	multicolor,textformatting				list.bullet	circle,fill
list.bullet.clipboard	2022	16.0	13.0	16.0	9.0	1.0	health,multicolor,objectsandtools	notes		list.bullet.clipboard.fill	list.bullet.clipboard	
list.bullet.clipboard.fill	2022	16.0	13.0	16.0	9.0	1.0	health,multicolor,objectsandtools	notes			list.bullet.clipboard	fill
list.bullet.indent	2019	13.0	10.15	13.0	6.0	1.0	multicolor,textformatting				list.bullet.indent	
list.bullet.rectangle	2020	14.0	11.0	14.0	7.0	1.0				list.bullet.rectangle.fill	list.bullet	rectangle
list.bullet.rectangle.fill	2021	15.0	12.0	15.0	8.0	1.0	multicolor				list.bullet	rectangle,fill
list.bullet.rectangle.portrait	2021	15.0	12.0	15.0	8.0	1.0				list.bullet.rectangle.portrait.fill	list.bullet.rectangle.portrait	
list.bullet.rectangle.portrait.fill	2021	15.0	12.0	15.0	8.0	1.0					list.bullet.rectangle.portrait	fill
list.clipboard	2022	16.0	13.0	16.0	9.0	1.0	health,multicolor,objectsandtools	notes		list.clipboard.fill	list.clipboard	
list.clipboard.fill	2022	16.0	13.0	16.0	9.0	1.0	health,objectsandtools	notes			list.clipboard	fill
list.dash	2019	13.0	10.15	13.0	6.0	1.0	multicolor,textformatting				list.dash	
list.dash.badge.ellipsis	2025	26.0	26.0	26.0	26.0	26.0	multicolor,textformatting				list.dash.badge.ellipsis	
list.dash.header.rectangle	2021	15.0	12.0	15.0	8.0	1.0				list.dash.header.rectangle.fill	list.dash.header	rectangle
list.dash.header.rectangle.fill	2025	26.0	26.0	26.0	26.0	26.0	multicolor				list.dash.header	rectangle,fill
list.number	2019	13.0	10.15	13.0	6.0	1.0	multicolor,textformatting				list.number	
list.number.badge.ellipsis	2025	26.0	26.0	26.0	26.0	26.0	multicolor,textformatting				list.number.badge.ellipsis	
list.star	2020	14.0	11.0	14.0	7.0	1.0	multicolor,textformatting				list.star	
list.triangle	2020	14.0	11.0	14.0	7.0	1.0	multicolor,textformatting				list.triangle	
livephoto	2019	13.0	10.15	13.0	6.0	1.0	cameraandphotos,variable		This symbol may not be modified and may only be used to refer to Apple’s Live Photos feature.		livephoto	
livephoto.badge.automatic	2023	17.0	14.0	17.0	10.0	1.0	cameraandphotos,multicolor		This symbol may not be modified and may only be used to refer to Apple’s Live Photos feature.		livephoto.badge.automatic	
livephoto.play	2019	13.0	10.15	13.0	6.0	1.0	cameraandphotos		This symbol may not be modified and may only be used to refer to Apple’s Live Photos feature.		livephoto.play	
livephoto.slash	2019	13.0	10.15	13.0	6.0	1.0	cameraandphotos	disable,disabled,off,remove	This symbol may not be modified and may only be used to refer to Apple’s Live Photos feature.		livephoto	slash
lizard	2022	16.0	13.0	16.0	9.0	1.0	multicolor,nature	animals,reptile		lizard.fill	lizard	
lizard.circle	2023	17.0	14.0	17.0	10.0	1.0	nature,variable	animals,reptile		lizard.circle.fill	lizard	circle
lizard.circle.fill	2023	17.0	14.0	17.0	10.0	1.0	multicolor,nature	animals,reptile			lizard	circle,fill
lizard.fill	2022	16.0	13.0	16.0	9.0	1.0	multicolor,nature	animals,reptile			lizard	fill
lm.button.horizontal	2023	17.0	14.0	17.0	10.0	1.0	gaming			lm.button.horizontal.fill	lm.button.horizontal	
lm.button.horizontal.fill	2023	17.0	14.0	17.0	10.0	1.0	gaming,multicolor				lm.button.horizontal	fill
location	2019	13.0	10.15	13.0	6.0	1.0	arrows,maps,multicolor			location.fill	location	
location.app	2024	18.0	15.0	18.0	11.0	2.0	arrows,maps			location.app.fill	location.app	
location.app.fill	2024	18.0	15.0	18.0	11.0	2.0	arrows,maps,multicolor				location.app	fill
location.circle	2019	13.0	10.15	13.0	6.0	1.0	arrows,maps,multicolor,variable			location.circle.fill	location	circle
location.circle.fill	2019	13.0	10.15	13.0	6.0	1.0	arrows,maps,multicolor				location	circle,fill
location.fill	2019	13.0	10.15	13.0	6.0	1.0	arrows,maps,multicolor				location	fill
location.fill.viewfinder	2020	14.0	11.0	14.0	7.0	1.0					location.fill.viewfinder	
location.magnifyingglass	2021	15.0	12.0	15.0	8.0	1.0	objectsandtools	search			location.magnifyingglass	
location.north	2019	13.0	10.15	13.0	6.0	1.0	arrows,maps,multicolor			location.north.fill	location.north	
location.north.circle	2021	15.0	12.0	15.0	8.0	1.0	arrows,maps,multicolor,variable			location.north.circle.fill	location.north	circle
location.north.circle.fill	2021	15.0	12.0	15.0	8.0	1.0	arrows,maps,multicolor				location.north	circle,fill
location.north.fill	2019	13.0	10.15	13.0	6.0	1.0	arrows,maps,multicolor				location.north	fill
location.north.line	2019	13.0	10.15	13.0	6.0	1.0	arrows,maps,multicolor			location.north.line.fill	location.north.line	
location.north.line.fill	2019	13.0	10.15	13.0	6.0	1.0	arrows,maps,multicolor				location.north.line	fill
location.slash	2019	13.0	10.15	13.0	6.0	1.0	arrows,maps,multicolor	remove		location.slash.fill	location	slash
location.slash.circle	2022	16.0	13.0	16.0	9.0	1.0	arrows,maps,multicolor,variable	remove		location.slash.circle.fill	location	slash,circle
location.slash.circle.fill	2022	16.0	13.0	16.0	9.0	1.0	arrows,maps,multicolor	remove			location	slash,circle,fill
location.slash.fill	2019	13.0	10.15	13.0	6.0	1.0	arrows,maps,multicolor	remove			location	slash,fill
location.square	2021	15.0	12.0	15.0	8.0	1.0	arrows,maps,multicolor			location.square.fill	location	square
location.square.fill	2021	15.0	12.0	15.0	8.0	1.0	arrows,maps,multicolor				location	square,fill
location.viewfinder	2020	14.0	11.0	14.0	7.0	1.0				location.fill.viewfinder	location.viewfinder	
lock	2019	13.0	10.15	13.0	6.0	1.0	multicolor,objectsandtools,privacyandsecurity	lock,padlock,password,security		lock.fill	lock	
lock.app.dashed	2023	17.0	14.0	17.0	10.0	1.0					lock.app.dashed	
lock.applewatch	2020.1	14.2	11.0	14.2	7.1	1.0	devices,privacyandsecurity	padlock,password,security	This symbol may not be modified and may only be used to refer to Apple Watch.		lock.applewatch	
lock.badge.checkmark	2025	26.0	26.0	26.0	26.0	26.0	multicolor,objectsandtools,privacyandsecurity	padlock,password,security		lock.badge.checkmark.fill	lock.badge.checkmark	
lock.badge.checkmark.fill	2025	26.0	26.0	26.0	26.0	26.0	multicolor,objectsandtools,privacyandsecurity	padlock,password,security			lock.badge.checkmark	fill
lock.badge.clock	2023	17.0	14.0	17.0	10.0	1.0	multicolor,objectsandtools,privacyandsecurity	padlock,password,security		lock.badge.clock.fill	lock.badge.clock	
lock.badge.clock.fill	2023	17.0	14.0	17.0	10.0	1.0	multicolor,objectsandtools,privacyandsecurity	padlock,password,security			lock.badge.clock	fill
lock.badge.xmark	2025	26.0	26.0	26.0	26.0	26.0	multicolor,objectsandtools,privacyandsecurity	padlock,password,security		lock.badge.xmark.fill	lock.badge.xmark	
lock.badge.xmark.fill	2025	26.0	26.0	26.0	26.0	26.0	multicolor,objectsandtools,privacyandsecurity	padlock,password,security			lock.badge.xmark	fill
lock.circle	2019	13.0	10.15	13.0	6.0	1.0	multicolor,objectsandtools,privacyandsecurity,variable	lock,padlock,password,security		lock.circle.fill	lock	circle
lock.circle.dotted	2023	17.0	14.0	17.0	10.0	1.0	objectsandtools,privacyandsecurity	padlock,password,security			lock.circle.dotted	
lock.circle.fill	2019	13.0	10.15	13.0	6.0	1.0	multicolor,objectsandtools,privacyandsecurity	lock,padlock,password,security			lock	circle,fill
lock.desktopcomputer	2021	15.0	12.0	15.0	8.0	1.0	devices,privacyandsecurity	imac			lock.desktopcomputer	
lock.display	2021	15.0	12.0	15.0	8.0	1.0	devices,privacyandsecurity	padlock,password,security			lock.display	
lock.document	2024	18.0	15.0	18.0	11.0	2.0	objectsandtools,privacyandsecurity	padlock,password,security		lock.document.fill	lock.document	
lock.document.fill	2024	18.0	15.0	18.0	11.0	2.0	objectsandtools,privacyandsecurity	padlock,password,security			lock.document	fill
lock.fill	2019	13.0	10.15	13.0	6.0	1.0	multicolor,objectsandtools,privacyandsecurity	lock,padlock,password,security			lock	fill
lock.heart	2025	26.0	26.0	26.0	26.0	26.0	health,privacyandsecurity,variable	medical,privacy		lock.heart.fill	lock.heart	
lock.heart.fill	2025	26.0	26.0	26.0	26.0	26.0	health,multicolor,privacyandsecurity	medical,privacy			lock.heart	fill
lock.icloud	2019	13.0	10.15	13.0	6.0	1.0	connectivity,privacyandsecurity	padlock,password,security	This symbol may not be modified and may only be used to refer to Apple’s iCloud service.	lock.icloud.fill	lock.icloud	
lock.icloud.fill	2019	13.0	10.15	13.0	6.0	1.0	connectivity,multicolor,privacyandsecurity	padlock,password,security	This symbol may not be modified and may only be used to refer to Apple’s iCloud service.		lock.icloud	fill
lock.ipad	2021	15.0	12.0	15.0	8.0	1.0	devices,privacyandsecurity	padlock,password,security			lock.ipad	
lock.iphone	2021	15.0	12.0	15.0	8.0	1.0	devices,privacyandsecurity	padlock,password,security			lock.iphone	
lock.laptopcomputer	2021	15.0	12.0	15.0	8.0	1.0	devices,privacyandsecurity	padlock,password,security			lock.laptopcomputer	
lock.open	2019	13.0	10.15	13.0	6.0	1.0	objectsandtools,privacyandsecurity	padlock,password,security,unlock		lock.open.fill	lock.open	
lock.open.applewatch	2021	15.0	12.0	15.0	8.0	1.0	devices,privacyandsecurity	padlock,password,security	This symbol may not be modified and may only be used to refer to Apple Watch.		lock.open.applewatch	
lock.open.desktopcomputer	2021	15.0	12.0	15.0	8.0	1.0	devices,privacyandsecurity	imac			lock.open.desktopcomputer	
lock.open.display	2021	15.0	12.0	15.0	8.0	1.0	devices,privacyandsecurity	padlock,password,security			lock.open.display	
lock.open.fill	2019	13.0	10.15	13.0	6.0	1.0	objectsandtools,privacyandsecurity	padlock,password,security,unlock			lock.open	fill
lock.open.ipad	2021	15.0	12.0	15.0	8.0	1.0	devices,privacyandsecurity	padlock,password,security			lock.open.ipad	
lock.open.iphone	2021	15.0	12.0	15.0	8.0	1.0	devices,privacyandsecurity	padlock,password,security			lock.open.iphone	
lock.open.laptopcomputer	2021	15.0	12.0	15.0	8.0	1.0	devices,privacyandsecurity	padlock,password,security			lock.open.laptopcomputer	
lock.open.rotation	2022.1	16.1	13.0	16.1	9.1	1.0	objectsandtools,privacyandsecurity	padlock,password,security			lock.open.rotation	
lock.open.trianglebadge.exclamationmark	2022	16.0	13.0	16.0	9.0	1.0	home,multicolor,objectsandtools,privacyandsecurity	!,padlock,password,security,unlock,warning		lock.open.trianglebadge.exclamationmark.fill	lock.open.trianglebadge.exclamationmark	
lock.open.trianglebadge.exclamationmark.fill	2022	16.0	13.0	16.0	9.0	1.0	home,multicolor,objectsandtools,privacyandsecurity	!,padlock,password,security,unlock,warning			lock.open.trianglebadge.exclamationmark	fill
lock.rectangle	2020	14.0	11.0	14.0	7.0	1.0	multicolor,objectsandtools,privacyandsecurity	padlock,password,security		lock.rectangle.fill	lock	rectangle
lock.rectangle.dashed	2025	26.0	26.0	26.0	26.0	26.0					lock.rectangle.dashed	
lock.rectangle.fill	2020	14.0	11.0	14.0	7.0	1.0	multicolor,objectsandtools,privacyandsecurity	padlock,password,security			lock	rectangle,fill
lock.rectangle.on.rectangle	2020	14.0	11.0	14.0	7.0	1.0	objectsandtools,privacyandsecurity	padlock,password,security		lock.rectangle.on.rectangle.fill	lock.rectangle.on	rectangle
lock.rectangle.on.rectangle.dashed	2024	18.0	15.0	18.0	11.0	2.0		digital rights management,drm			lock.rectangle.on.rectangle.dashed	
lock.rectangle.on.rectangle.fill	2020	14.0	11.0	14.0	7.0	1.0	objectsandtools,privacyandsecurity	padlock,password,security			lock.rectangle.on	rectangle,fill
lock.rectangle.stack	2020	14.0	11.0	14.0	7.0	1.0	objectsandtools,privacyandsecurity	padlock,password,security		lock.rectangle.stack.fill	lock.rectangle.stack	
lock.rectangle.stack.fill	2020	14.0	11.0	14.0	7.0	1.0	multicolor,objectsandtools,privacyandsecurity	padlock,password,security			lock.rectangle.stack	fill
lock.rotation	2019	13.0	10.15	13.0	6.0	1.0	objectsandtools,privacyandsecurity	padlock,password,security			lock.rotation	
lock.shield	2019	13.0	10.15	13.0	6.0	1.0	objectsandtools,privacyandsecurity	padlock,password,security		lock.shield.fill	lock.shield	
lock.shield.fill	2019	13.0	10.15	13.0	6.0	1.0	objectsandtools,privacyandsecurity	padlock,password,security			lock.shield	fill
lock.slash	2019	13.0	10.15	13.0	6.0	1.0	multicolor,objectsandtools,privacyandsecurity	padlock,password,remove,security		lock.slash.fill	lock	slash
lock.slash.fill	2019	13.0	10.15	13.0	6.0	1.0	multicolor,objectsandtools,privacyandsecurity	padlock,password,remove,security			lock	slash,fill
lock.square	2020	14.0	11.0	14.0	7.0	1.0	multicolor,objectsandtools,privacyandsecurity	padlock,password,security		lock.square.fill	lock	square
lock.square.dashed	2025	26.0	26.0	26.0	26.0	26.0	objectsandtools,privacyandsecurity	padlock,password,security			lock.square.dashed	
lock.square.fill	2020	14.0	11.0	14.0	7.0	1.0	multicolor,objectsandtools,privacyandsecurity	padlock,password,security			lock	square,fill
lock.square.stack	2020	14.0	11.0	14.0	7.0	1.0	objectsandtools,privacyandsecurity	padlock,password,security		lock.square.stack.fill	lock.square.stack	
lock.square.stack.fill	2020	14.0	11.0	14.0	7.0	1.0	multicolor,objectsandtools,privacyandsecurity	padlock,password,security			lock.square.stack	fill
lock.trianglebadge.exclamationmark	2022	16.0	13.0	16.0	9.0	1.0	home,multicolor,objectsandtools,privacyandsecurity	!,padlock,password,security,warning		lock.trianglebadge.exclamationmark.fill	lock.trianglebadge.exclamationmark	
lock.trianglebadge.exclamationmark.fill	2022	16.0	13.0	16.0	9.0	1.0	home,multicolor,objectsandtools,privacyandsecurity	!,padlock,password,security,warning			lock.trianglebadge.exclamationmark	fill
long.text.page.and.pencil	2024.3	18.4	15.4	18.4	11.4	2.4				long.text.page.and.pencil.fill	long.text.page.and.pencil	
long.text.page.and.pencil.fill	2024.3	18.4	15.4	18.4	11.4	2.4					long.text.page.and.pencil	fill
loupe	2020	14.0	11.0	14.0	7.0	1.0	editing				loupe	
lsb.button.angledbottom.horizontal.left	2023	17.0	14.0	17.0	10.0	1.0	gaming			lsb.button.angledbottom.horizontal.left.fill	lsb.button.angledbottom.horizontal.left	
lsb.button.angledbottom.horizontal.left.fill	2023	17.0	14.0	17.0	10.0	1.0	gaming,multicolor				lsb.button.angledbottom.horizontal.left	fill
lt.button.roundedtop.horizontal	2023	17.0	14.0	17.0	10.0	1.0	gaming			lt.button.roundedtop.horizontal.fill	lt.button.roundedtop.horizontal	
lt.button.roundedtop.horizontal.fill	2023	17.0	14.0	17.0	10.0	1.0	gaming,multicolor				lt.button.roundedtop.horizontal	fill
lt.circle	2023	17.0	14.0	17.0	10.0	1.0	gaming,variable			lt.circle.fill	lt	circle
lt.circle.fill	2023	17.0	14.0	17.0	10.0	1.0	gaming,multicolor				lt	circle,fill
lungs	2020	14.0	11.0	14.0	7.0	1.0	health,human,multicolor			lungs.fill	lungs	
lungs.fill	2020	14.0	11.0	14.0	7.0	1.0	health,human,multicolor				lungs	fill
m.circle	2019	13.0	10.15	13.0	6.0	1.0	indices,variable			m.circle.fill	m	circle
m.circle.fill	2019	13.0	10.15	13.0	6.0	1.0	indices,multicolor				m	circle,fill
m.square	2019	13.0	10.15	13.0	6.0	1.0	indices			m.square.fill	m	square
m.square.fill	2019	13.0	10.15	13.0	6.0	1.0	indices,multicolor				m	square,fill
m1.button.horizontal	2023	17.0	14.0	17.0	10.0	1.0	gaming			m1.button.horizontal.fill	m1.button.horizontal	
m1.button.horizontal.fill	2023	17.0	14.0	17.0	10.0	1.0	gaming,multicolor				m1.button.horizontal	fill
m2.button.horizontal	2023	17.0	14.0	17.0	10.0	1.0	gaming			m2.button.horizontal.fill	m2.button.horizontal	
m2.button.horizontal.fill	2023	17.0	14.0	17.0	10.0	1.0	gaming,multicolor				m2.button.horizontal	fill
m3.button.horizontal	2023	17.0	14.0	17.0	10.0	1.0	gaming			m3.button.horizontal.fill	m3.button.horizontal	
m3.button.horizontal.fill	2023	17.0	14.0	17.0	10.0	1.0	gaming,multicolor				m3.button.horizontal	fill
m4.button.horizontal	2023	17.0	14.0	17.0	10.0	1.0	gaming			m4.button.horizontal.fill	m4.button.horizontal	
m4.button.horizontal.fill	2023	17.0	14.0	17.0	10.0	1.0	gaming,multicolor				m4.button.horizontal	fill
macbook	2023	17.0	14.0	17.0	10.0	1.0	devices		This symbol may not be modified and may only be used to refer to Apple’s MacBook.		macbook	
macbook.and.applewatch	2024	18.0	15.0	18.0	11.0	2.0	devices		This symbol may not be modified and may only be used to refer to Apple’s MacBook and Apple Watch.		macbook.and.applewatch	
macbook.and.ipad	2022.1	16.1	13.0	16.1	9.1	1.0	devices		This symbol may not be modified and may only be used to refer to Apple’s MacBook and iPad.		macbook.and.ipad	
macbook.and.iphone	2022.1	16.1	13.0	16.1	9.1	1.0	devices		This symbol may not be modified and may only be used to refer to Apple’s MacBook and iPhone.		macbook.and.iphone	
macbook.and.ipod	2025	26.0	26.0	26.0	26.0	26.0	devices		This symbol may not be modified and may only be used to refer to Apple’s MacBook and iPod.		macbook.and.ipod	
macbook.and.vision.pro	2024	18.0	15.0	18.0	11.0	2.0	devices		This symbol may not be modified and may only be used to refer to Apple Vision Pro and MacBook.		macbook.and.vision.pro	
macbook.badge.checkmark	2025	26.0	26.0	26.0	26.0	26.0	devices,multicolor		This symbol may not be modified and may only be used to refer to Apple’s MacBook.		macbook.badge.checkmark	
macbook.badge.exclamationmark	2025	26.0	26.0	26.0	26.0	26.0	devices,multicolor		This symbol may not be modified and may only be used to refer to Apple’s MacBook.		macbook.badge.exclamationmark	
macbook.badge.shield.checkmark	2025	26.0	26.0	26.0	26.0	26.0	devices,multicolor		This symbol may not be modified and may only be used to refer to Apple’s MacBook.		macbook.badge.shield.checkmark	
macbook.gen1	2023	17.0	14.0	17.0	10.0	1.0	devices		This symbol may not be modified and may only be used to refer to Apple’s MacBook.		macbook.gen1	
macbook.gen1.sizes	2025	26.0	26.0	26.0	26.0	26.0	devices		This symbol may not be modified and may only be used to refer to Apple’s MacBook.		macbook.gen1.sizes	
macbook.gen2	2023	17.0	14.0	17.0	10.0	1.0	devices		This symbol may not be modified and may only be used to refer to Apple’s MacBook.		macbook.gen2	
macbook.gen2.sizes	2025	26.0	26.0	26.0	26.0	26.0	devices		This symbol may not be modified and may only be used to refer to Apple’s MacBook.		macbook.gen2.sizes	
macbook.sizes	2025	26.0	26.0	26.0	26.0	26.0	devices		This symbol may not be modified and may only be used to refer to Apple’s MacBook.		macbook.sizes	
macbook.slash	2024	18.0	15.0	18.0	11.0	2.0	devices		This symbol may not be modified and may only be used to refer to Apple’s MacBook.		macbook	slash
macbook.trianglebadge.exclamationmark	2025	26.0	26.0	26.0	26.0	26.0	devices,multicolor		This symbol may not be modified and may only be used to refer to Apple’s MacBook.		macbook.trianglebadge.exclamationmark	
macmini	2020	14.0	11.0	14.0	7.0	1.0	devices	mac mini	This symbol may not be modified and may only be used to refer to Apple’s Mac mini.	macmini.fill	macmini	
macmini.badge.checkmark	2025	26.0	26.0	26.0	26.0	26.0	devices,multicolor	mac mini	This symbol may not be modified and may only be used to refer to Apple’s Mac mini.	macmini.badge.checkmark.fill	macmini.badge.checkmark	
macmini.badge.checkmark.fill	2025	26.0	26.0	26.0	26.0	26.0	devices,multicolor	mac mini	This symbol may not be modified and may only be used to refer to Apple’s Mac mini.		macmini.badge.checkmark	fill
macmini.fill	2020	14.0	11.0	14.0	7.0	1.0	devices	mac mini	This symbol may not be modified and may only be used to refer to Apple’s Mac mini.		macmini	fill
macmini.gen2	2024.3	18.4	15.4	18.4	11.4	2.4	devices	mac mini	This symbol may not be modified and may only be used to refer to Apple’s Mac mini.	macmini.gen2.fill	macmini.gen2	
macmini.gen2.fill	2024.3	18.4	15.4	18.4	11.4	2.4	devices	mac mini	This symbol may not be modified and may only be used to refer to Apple’s Mac mini.		macmini.gen2	fill
macmini.gen3	2024.3	18.4	15.4	18.4	11.4	2.4	devices	mac mini	This symbol may not be modified and may only be used to refer to Apple’s Mac mini.	macmini.gen3.fill	macmini.gen3	
macmini.gen3.fill	2024.3	18.4	15.4	18.4	11.4	2.4	devices	mac mini	This symbol may not be modified and may only be used to refer to Apple’s Mac mini.		macmini.gen3	fill
macpro.gen1	2020	14.0	11.0	14.0	7.0	1.0	devices		This symbol may not be modified and may only be used to refer to Apple’s Mac Pro.	macpro.gen1.fill	macpro.gen1	
macpro.gen1.fill	2021	15.0	12.0	15.0	8.0	1.0	devices		This symbol may not be modified and may only be used to refer to Apple’s Mac Pro.		macpro.gen1	fill
macpro.gen2	2020	14.0	11.0	14.0	7.0	1.0	devices		This symbol may not be modified and may only be used to refer to Apple’s Mac Pro.	macpro.gen2.fill	macpro.gen2	
macpro.gen2.fill	2020	14.0	11.0	14.0	7.0	1.0	devices		This symbol may not be modified and may only be used to refer to Apple’s Mac Pro.		macpro.gen2	fill
macpro.gen3	2020	14.0	11.0	14.0	7.0	1.0	devices		This symbol may not be modified and may only be used to refer to Apple’s Mac Pro.	macpro.gen3.fill	macpro.gen3	
macpro.gen3.badge.checkmark	2026	27.0	27.0	27.0	27.0	27.0	devices,multicolor		This symbol may not be modified and may only be used to refer to Apple’s Mac Pro.	macpro.gen3.badge.checkmark.fill	macpro.gen3.badge.checkmark	
macpro.gen3.badge.checkmark.fill	2026	27.0	27.0	27.0	27.0	27.0	devices,multicolor		This symbol may not be modified and may only be used to refer to Apple’s Mac Pro.		macpro.gen3.badge.checkmark	fill
macpro.gen3.fill	2021	15.0	12.0	15.0	8.0	1.0	devices		This symbol may not be modified and may only be used to refer to Apple’s Mac Pro.		macpro.gen3	fill
macpro.gen3.server	2020	14.0	11.0	14.0	7.0	1.0	devices		This symbol may not be modified and may only be used to refer to Apple’s Mac Pro.		macpro.gen3.server	
macstudio	2022	16.0	13.0	16.0	9.0	1.0	devices	mac studio	This symbol may not be modified and may only be used to refer to Apple’s Mac Studio.	macstudio.fill	macstudio	
macstudio.badge.checkmark	2025	26.0	26.0	26.0	26.0	26.0	devices,multicolor	mac studio	This symbol may not be modified and may only be used to refer to Apple’s Mac Studio.	macstudio.badge.checkmark.fill	macstudio.badge.checkmark	
macstudio.badge.checkmark.fill	2025	26.0	26.0	26.0	26.0	26.0	devices,multicolor	mac studio	This symbol may not be modified and may only be used to refer to Apple’s Mac Studio.		macstudio.badge.checkmark	fill
macstudio.fill	2022	16.0	13.0	16.0	9.0	1.0	devices	mac studio	This symbol may not be modified and may only be used to refer to Apple’s Mac Studio.		macstudio	fill
magazine	2021	15.0	12.0	15.0	8.0	1.0	objectsandtools			magazine.fill	magazine	
magazine.fill	2021	15.0	12.0	15.0	8.0	1.0	objectsandtools				magazine	fill
magicmouse	2021	15.0	12.0	15.0	8.0	1.0	devices		This symbol may not be modified and may only be used to refer to Apple’s Magic Mouse.	magicmouse.fill	magicmouse	
magicmouse.fill	2021	15.0	12.0	15.0	8.0	1.0	devices		This symbol may not be modified and may only be used to refer to Apple’s Magic Mouse.		magicmouse	fill
magnifyingglass	2019	13.0	10.15	13.0	6.0	1.0	objectsandtools	search			magnifyingglass	
magnifyingglass.circle	2019	13.0	10.15	13.0	6.0	1.0	objectsandtools,variable	search		magnifyingglass.circle.fill	magnifyingglass	circle
magnifyingglass.circle.fill	2019	13.0	10.15	13.0	6.0	1.0	multicolor,objectsandtools	search			magnifyingglass	circle,fill
magsafe.batterypack	2021	15.0	12.0	15.0	8.0	1.0	devices		This symbol may not be modified and may only be used to refer to Apple’s MagSafe Battery Pack.	magsafe.batterypack.fill	magsafe.batterypack	
magsafe.batterypack.fill	2021	15.0	12.0	15.0	8.0	1.0	devices		This symbol may not be modified and may only be used to refer to Apple’s MagSafe Battery Pack.		magsafe.batterypack	fill
mail	2020	14.0	11.0	14.0	7.0	1.0		address,letter,mail		mail.fill	mail	
mail.and.text.magnifyingglass	2020	14.0	11.0	14.0	7.0	1.0		headers,search			mail.and.text.magnifyingglass	
mail.fill	2020	14.0	11.0	14.0	7.0	1.0	multicolor	address,letter,mail			mail	fill
mail.stack	2020	14.0	11.0	14.0	7.0	1.0		address,letter,mail,related		mail.stack.fill	mail.stack	
mail.stack.fill	2020	14.0	11.0	14.0	7.0	1.0		address,letter,mail,related			mail.stack	fill
malaysianringgitsign	2024	18.0	15.0	18.0	11.0	2.0	commerce,indices	currencies,currency			malaysianringgitsign	
malaysianringgitsign.arrow.trianglehead.counterclockwise.rotate.90	2024	18.0	15.0	18.0	11.0	2.0	arrows,commerce	currencies,currency			malaysianringgitsign.arrow.trianglehead.counterclockwise.rotate.90	
malaysianringgitsign.building.classical	2026	27.0	27.0	27.0	27.0	27.0	commerce,objectsandtools	currencies,currency		malaysianringgitsign.building.classical.fill	malaysianringgitsign.building.classical	
malaysianringgitsign.building.classical.fill	2026	27.0	27.0	27.0	27.0	27.0	commerce,objectsandtools	currencies,currency			malaysianringgitsign.building.classical	fill
malaysianringgitsign.circle	2024	18.0	15.0	18.0	11.0	2.0	commerce,indices,variable	currencies,currency		malaysianringgitsign.circle.fill	malaysianringgitsign	circle
malaysianringgitsign.circle.fill	2024	18.0	15.0	18.0	11.0	2.0	commerce,indices,multicolor	currencies,currency			malaysianringgitsign	circle,fill
malaysianringgitsign.gauge.chart.lefthalf.righthalf	2024	18.0	15.0	18.0	11.0	2.0	commerce,home,variable				malaysianringgitsign.gauge.chart.lefthalf.righthalf	
malaysianringgitsign.gauge.chart.leftthird.topthird.rightthird	2024	18.0	15.0	18.0	11.0	2.0	commerce,home,variable				malaysianringgitsign.gauge.chart.leftthird.topthird.rightthird	
malaysianringgitsign.ring	2024	18.0	15.0	18.0	11.0	2.0	commerce,home				malaysianringgitsign.ring	
malaysianringgitsign.ring.dashed	2024	18.0	15.0	18.0	11.0	2.0	commerce,home,variable				malaysianringgitsign.ring.dashed	
malaysianringgitsign.square	2024	18.0	15.0	18.0	11.0	2.0	commerce,indices	currencies,currency		malaysianringgitsign.square.fill	malaysianringgitsign	square
malaysianringgitsign.square.fill	2024	18.0	15.0	18.0	11.0	2.0	commerce,indices,multicolor	currencies,currency			malaysianringgitsign	square,fill
manatsign	2022	16.0	13.0	16.0	9.0	1.0	commerce,indices	currencies,currency			manatsign	
manatsign.arrow.trianglehead.counterclockwise.rotate.90	2024	18.0	15.0	18.0	11.0	2.0	arrows,commerce	currencies,currency			manatsign.arrow.trianglehead.counterclockwise.rotate.90	
manatsign.building.classical	2026	27.0	27.0	27.0	27.0	27.0	commerce,objectsandtools	currencies,currency		manatsign.building.classical.fill	manatsign.building.classical	
manatsign.building.classical.fill	2026	27.0	27.0	27.0	27.0	27.0	commerce,multicolor,objectsandtools	currencies,currency			manatsign.building.classical	fill
manatsign.circle	2019	13.0	10.15	13.0	6.0	1.0	commerce,indices,variable	currencies,currency		manatsign.circle.fill	manatsign	circle
manatsign.circle.fill	2019	13.0	10.15	13.0	6.0	1.0	commerce,indices,multicolor	currencies,currency			manatsign	circle,fill
manatsign.gauge.chart.lefthalf.righthalf	2024	18.0	15.0	18.0	11.0	2.0	commerce,home,variable				manatsign.gauge.chart.lefthalf.righthalf	
manatsign.gauge.chart.leftthird.topthird.rightthird	2024	18.0	15.0	18.0	11.0	2.0	commerce,home,variable				manatsign.gauge.chart.leftthird.topthird.rightthird	
manatsign.ring	2024	18.0	15.0	18.0	11.0	2.0	commerce,home				manatsign.ring	
manatsign.ring.dashed	2024	18.0	15.0	18.0	11.0	2.0	commerce,home,variable				manatsign.ring.dashed	
manatsign.square	2019	13.0	10.15	13.0	6.0	1.0	commerce,indices	currencies,currency		manatsign.square.fill	manatsign	square
manatsign.square.fill	2019	13.0	10.15	13.0	6.0	1.0	commerce,indices,multicolor	currencies,currency			manatsign	square,fill
map	2019	13.0	10.15	13.0	6.0	1.0	maps,objectsandtools			map.fill	map	
map.circle	2021	15.0	12.0	15.0	8.0	1.0	maps,objectsandtools,variable			map.circle.fill	map	circle
map.circle.fill	2021	15.0	12.0	15.0	8.0	1.0	maps,multicolor,objectsandtools				map	circle,fill
map.fill	2019	13.0	10.15	13.0	6.0	1.0	maps,objectsandtools				map	fill
mappin	2019	13.0	10.15	13.0	6.0	1.0	maps,multicolor,objectsandtools				mappin	
mappin.and.ellipse	2019	13.0	10.15	13.0	6.0	1.0	maps,multicolor,objectsandtools				mappin.and.ellipse	
mappin.and.ellipse.circle	2023	17.0	14.0	17.0	10.0	1.0	maps,multicolor,objectsandtools,variable			mappin.and.ellipse.circle.fill	mappin.and.ellipse	circle
mappin.and.ellipse.circle.fill	2023	17.0	14.0	17.0	10.0	1.0	maps,multicolor,objectsandtools				mappin.and.ellipse	circle,fill
mappin.circle	2019.1	13.1	10.15	13.0	6.1	1.0	maps,multicolor,objectsandtools,variable			mappin.circle.fill	mappin	circle
mappin.circle.fill	2019.1	13.1	10.15	13.0	6.1	1.0	maps,multicolor,objectsandtools				mappin	circle,fill
mappin.slash	2019	13.0	10.15	13.0	6.0	1.0	maps,multicolor,objectsandtools	remove			mappin	slash
mappin.slash.circle	2021	15.0	12.0	15.0	8.0	1.0	maps,multicolor,objectsandtools,variable			mappin.slash.circle.fill	mappin	slash,circle
mappin.slash.circle.fill	2021	15.0	12.0	15.0	8.0	1.0	maps,multicolor,objectsandtools				mappin	slash,circle,fill
mappin.square	2021	15.0	12.0	15.0	8.0	1.0	maps,multicolor,objectsandtools			mappin.square.fill	mappin	square
mappin.square.fill	2021	15.0	12.0	15.0	8.0	1.0	maps,multicolor,objectsandtools				mappin	square,fill
matter.logo	2024	18.0	15.0	18.0	11.0	2.0			This symbol may not be modified and may only be used to refer to the Connectivity Standards Alliance Matter connectivity protocol.		matter.logo	
mecca	2024	18.0	15.0	18.0	11.0	2.0	automotive,maps				mecca	
medal	2022	16.0	13.0	16.0	9.0	1.0	fitness,objectsandtools			medal.fill	medal	
medal.fill	2022	16.0	13.0	16.0	9.0	1.0	fitness,objectsandtools				medal	fill
medal.star	2023.3	17.4	14.4	17.4	10.4	1.1	objectsandtools			medal.star.fill	medal.star	
medal.star.fill	2023.3	17.4	14.4	17.4	10.4	1.1	objectsandtools				medal.star	fill
mediastick	2021	15.0	12.0	15.0	8.0	1.0	devices				mediastick	
medical.thermometer	2022	16.0	13.0	16.0	9.0	1.0	health,objectsandtools	COVID,medical,temperature		medical.thermometer.fill	medical.thermometer	
medical.thermometer.fill	2022	16.0	13.0	16.0	9.0	1.0	health,objectsandtools	COVID,medical,temperature			medical.thermometer	fill
megaphone	2020	14.0	11.0	14.0	7.0	1.0	objectsandtools			megaphone.fill	megaphone	
megaphone.fill	2020	14.0	11.0	14.0	7.0	1.0	objectsandtools				megaphone	fill
memories	2019	13.0	10.15	13.0	6.0	1.0	arrows	arrow,play			memories	
memories.badge.checkmark	2024.1	18.1	15.1	18.1	11.1	2.1	arrows,multicolor				memories.badge.checkmark	
memories.badge.minus	2019	13.0	10.15	13.0	6.0	1.0	arrows,multicolor	arrow,play,remove			memories.badge.minus	
memories.badge.plus	2019	13.0	10.15	13.0	6.0	1.0	arrows,multicolor	add,arrow,play			memories.badge.plus	
memories.badge.xmark	2024.1	18.1	15.1	18.1	11.1	2.1	arrows,multicolor				memories.badge.xmark	
memories.slash	2024.3	18.4	15.4	18.4	11.4	2.4	arrows	arrow,play			memories	slash
memorychip	2020	14.0	11.0	14.0	7.0	1.0	objectsandtools	chip,cpu,gpu		memorychip.fill	memorychip	
memorychip.fill	2021	15.0	12.0	15.0	8.0	1.0	objectsandtools				memorychip	fill
menubar.arrow.down.rectangle	2020	14.0	11.0	14.0	7.0	1.0					menubar.arrow.down	rectangle
menubar.arrow.up.rectangle	2020	14.0	11.0	14.0	7.0	1.0					menubar.arrow.up	rectangle
menubar.dock.rectangle	2020	14.0	11.0	14.0	7.0	1.0		desktop			menubar.dock	rectangle
menubar.dock.rectangle.badge.record	2020	14.0	11.0	14.0	7.0	1.0		desktop			menubar.dock.rectangle.badge.record	
menubar.rectangle	2020	14.0	11.0	14.0	7.0	1.0					menubar	rectangle
menucard	2021	15.0	12.0	15.0	8.0	1.0	objectsandtools			menucard.fill	menucard	
menucard.fill	2021	15.0	12.0	15.0	8.0	1.0	multicolor,objectsandtools				menucard	fill
message	2019	13.0	10.15	13.0	6.0	1.0	communication,multicolor		This symbol may not be modified and may only be used to refer to Apple’s Messages app.	message.fill	message	
message.badge	2022	16.0	13.0	16.0	9.0	1.0	communication,multicolor		This symbol may not be modified and may only be used to refer to Apple’s Messages app.	message.badge.filled.fill	message.badge	
message.badge.circle	2022	16.0	13.0	16.0	9.0	1.0	communication,variable		This symbol may not be modified and may only be used to refer to Apple’s Messages app.	message.badge.circle.fill	message.badge	circle
message.badge.circle.fill	2022	16.0	13.0	16.0	9.0	1.0	communication,multicolor		This symbol may not be modified and may only be used to refer to Apple’s Messages app.		message.badge	circle,fill
message.badge.fill	2022	16.0	13.0	16.0	9.0	1.0	communication,multicolor		This symbol may not be modified and may only be used to refer to Apple’s Messages app.		message.badge	fill
message.badge.filled.fill	2022	16.0	13.0	16.0	9.0	1.0	communication,multicolor		This symbol may not be modified and may only be used to refer to Apple’s Messages app.		message.badge.filled	fill
message.badge.waveform	2023	17.0	14.0	17.0	10.0	1.0	communication,variable		This symbol may not be modified and may only be used to refer to Apple’s Messages app.	message.badge.waveform.fill	message.badge.waveform	
message.badge.waveform.fill	2023	17.0	14.0	17.0	10.0	1.0	communication,variable		This symbol may not be modified and may only be used to refer to Apple’s Messages app.		message.badge.waveform	fill
message.circle	2019	13.0	10.15	13.0	6.0	1.0	communication,multicolor,variable		This symbol may not be modified and may only be used to refer to Apple’s Messages app.	message.circle.fill	message	circle
message.circle.fill	2019	13.0	10.15	13.0	6.0	1.0	communication,multicolor		This symbol may not be modified and may only be used to refer to Apple’s Messages app.		message	circle,fill
message.fill	2019	13.0	10.15	13.0	6.0	1.0	communication,multicolor		This symbol may not be modified and may only be used to refer to Apple’s Messages app.		message	fill
metronome	2019	13.0	10.15	13.0	6.0	1.0	objectsandtools			metronome.fill	metronome	
metronome.fill	2020	14.0	11.0	14.0	7.0	1.0	objectsandtools				metronome	fill
microbe	2022	16.0	13.0	16.0	9.0	1.0	health,nature	COVID,exposure,medical,virus		microbe.fill	microbe	
microbe.circle	2022	16.0	13.0	16.0	9.0	1.0	health,nature,variable	COVID,exposure,medical,virus		microbe.circle.fill	microbe	circle
microbe.circle.fill	2022	16.0	13.0	16.0	9.0	1.0	health,multicolor,nature	COVID,exposure,medical,virus			microbe	circle,fill
microbe.fill	2022	16.0	13.0	16.0	9.0	1.0	health,nature	COVID,exposure,medical,virus			microbe	fill
microphone	2024	18.0	15.0	18.0	11.0	2.0	communication,multicolor	dictate,dictation		microphone.fill	microphone	
microphone.and.signal.meter	2024	18.0	15.0	18.0	11.0	2.0	communication,multicolor,variable			microphone.and.signal.meter.fill	microphone.and.signal.meter	
microphone.and.signal.meter.fill	2024	18.0	15.0	18.0	11.0	2.0	communication,multicolor,variable				microphone.and.signal.meter	fill
microphone.badge.ellipsis	2024	18.0	15.0	18.0	11.0	2.0	communication,multicolor			microphone.badge.ellipsis.fill	microphone.badge.ellipsis	
microphone.badge.ellipsis.fill	2024	18.0	15.0	18.0	11.0	2.0	communication,multicolor				microphone.badge.ellipsis	fill
microphone.badge.plus	2024	18.0	15.0	18.0	11.0	2.0	communication,multicolor			microphone.badge.plus.fill	microphone.badge.plus	
microphone.badge.plus.fill	2024	18.0	15.0	18.0	11.0	2.0	communication,multicolor				microphone.badge.plus	fill
microphone.badge.xmark	2024	18.0	15.0	18.0	11.0	2.0	communication,multicolor			microphone.badge.xmark.fill	microphone.badge.xmark	
microphone.badge.xmark.fill	2024	18.0	15.0	18.0	11.0	2.0	communication,multicolor				microphone.badge.xmark	fill
microphone.circle	2024	18.0	15.0	18.0	11.0	2.0	communication,multicolor,variable	dictate,dictation		microphone.circle.fill	microphone	circle
microphone.circle.fill	2024	18.0	15.0	18.0	11.0	2.0	communication,multicolor	dictate,dictation			microphone	circle,fill
microphone.dynamic.on.stand	2026	27.0	27.0	27.0	27.0	27.0	objectsandtools	microphone			microphone.dynamic.on.stand	
microphone.dynamic.on.stand.circle	2026	27.0	27.0	27.0	27.0	27.0	objectsandtools,variable	microphone		microphone.dynamic.on.stand.circle.fill	microphone.dynamic.on.stand	circle
microphone.dynamic.on.stand.circle.fill	2026	27.0	27.0	27.0	27.0	27.0	multicolor,objectsandtools	microphone			microphone.dynamic.on.stand	circle,fill
microphone.fill	2024	18.0	15.0	18.0	11.0	2.0	communication,multicolor	dictate,dictation			microphone	fill
microphone.slash	2024	18.0	15.0	18.0	11.0	2.0	communication,multicolor	remove		microphone.slash.fill	microphone	slash
microphone.slash.circle	2024	18.0	15.0	18.0	11.0	2.0	communication,multicolor,variable	remove		microphone.slash.circle.fill	microphone	slash,circle
microphone.slash.circle.fill	2024	18.0	15.0	18.0	11.0	2.0	communication,multicolor	remove			microphone	slash,circle,fill
microphone.slash.fill	2024	18.0	15.0	18.0	11.0	2.0	communication,multicolor	remove			microphone	slash,fill
microphone.square	2024	18.0	15.0	18.0	11.0	2.0	communication,multicolor	dictate,dictation		microphone.square.fill	microphone	square
microphone.square.fill	2024	18.0	15.0	18.0	11.0	2.0	communication,multicolor	dictate,dictation			microphone	square,fill
microwave	2022	16.0	13.0	16.0	9.0	1.0	home,objectsandtools			microwave.fill	microwave	
microwave.fill	2022	16.0	13.0	16.0	9.0	1.0	home,objectsandtools				microwave	fill
millsign	2022	16.0	13.0	16.0	9.0	1.0	commerce,indices	currencies,currency			millsign	
millsign.arrow.trianglehead.counterclockwise.rotate.90	2024	18.0	15.0	18.0	11.0	2.0	arrows,commerce	currencies,currency			millsign.arrow.trianglehead.counterclockwise.rotate.90	
millsign.building.classical	2026	27.0	27.0	27.0	27.0	27.0	commerce,objectsandtools	currencies,currency		millsign.building.classical.fill	millsign.building.classical	
millsign.building.classical.fill	2026	27.0	27.0	27.0	27.0	27.0	commerce,multicolor,objectsandtools	currencies,currency			millsign.building.classical	fill
millsign.circle	2019	13.0	10.15	13.0	6.0	1.0	commerce,indices,variable	currencies,currency		millsign.circle.fill	millsign	circle
millsign.circle.fill	2019	13.0	10.15	13.0	6.0	1.0	commerce,indices,multicolor	currencies,currency			millsign	circle,fill
millsign.gauge.chart.lefthalf.righthalf	2024	18.0	15.0	18.0	11.0	2.0	commerce,home,variable				millsign.gauge.chart.lefthalf.righthalf	
millsign.gauge.chart.leftthird.topthird.rightthird	2024	18.0	15.0	18.0	11.0	2.0	commerce,home,variable				millsign.gauge.chart.leftthird.topthird.rightthird	
millsign.ring	2024	18.0	15.0	18.0	11.0	2.0	commerce,home				millsign.ring	
millsign.ring.dashed	2024	18.0	15.0	18.0	11.0	2.0	commerce,home,variable				millsign.ring.dashed	
millsign.square	2019	13.0	10.15	13.0	6.0	1.0	commerce,indices	currencies,currency		millsign.square.fill	millsign	square
millsign.square.fill	2019	13.0	10.15	13.0	6.0	1.0	commerce,indices,multicolor	currencies,currency			millsign	square,fill
minus	2019	13.0	10.15	13.0	6.0	1.0	gaming,math,multicolor	-,decrease,delete,minus,remove,subtract,−			minus	
minus.arrow.trianglehead.clockwise	2025	26.0	26.0	26.0	26.0	26.0					minus.arrow.trianglehead.clockwise	
minus.arrow.trianglehead.counterclockwise	2024	18.0	15.0	18.0	11.0	2.0	arrows,media	-			minus.arrow.trianglehead.counterclockwise	
minus.circle	2019	13.0	10.15	13.0	6.0	1.0	gaming,math,multicolor,variable	-,decrease,delete,minus,remove,subtract,−		minus.circle.fill	minus	circle
minus.circle.fill	2019	13.0	10.15	13.0	6.0	1.0	gaming,math,multicolor	-,decrease,delete,minus,remove,subtract,−			minus	circle,fill
minus.diamond	2020	14.0	11.0	14.0	7.0	1.0	multicolor	-,decrease,delete,remove,subtract,−		minus.diamond.fill	minus.diamond	
minus.diamond.fill	2020	14.0	11.0	14.0	7.0	1.0	multicolor	-,decrease,delete,remove,subtract,−			minus.diamond	fill
minus.forwardslash.plus	2021	15.0	12.0	15.0	8.0	1.0	math	add,remove			minus.forwardslash.plus	
minus.magnifyingglass	2019	13.0	10.15	13.0	6.0	1.0	accessibility,objectsandtools	-,search,zoom out			minus.magnifyingglass	
minus.plus.and.fluid.batteryblock	2022.1	16.1	13.0	16.1	9.1	1.0	automotive,multicolor,objectsandtools				minus.plus.and.fluid.batteryblock	
minus.plus.batteryblock	2020	14.0	11.0	14.0	7.0	1.0	automotive,multicolor,objectsandtools			minus.plus.batteryblock.fill	minus.plus.batteryblock	
minus.plus.batteryblock.exclamationmark	2022.1	16.1	13.0	16.1	9.1	1.0	automotive,multicolor,objectsandtools			minus.plus.batteryblock.exclamationmark.fill	minus.plus.batteryblock.exclamationmark	
minus.plus.batteryblock.exclamationmark.fill	2022.1	16.1	13.0	16.1	9.1	1.0	automotive,multicolor,objectsandtools				minus.plus.batteryblock.exclamationmark	fill
minus.plus.batteryblock.fill	2020	14.0	11.0	14.0	7.0	1.0	automotive,multicolor,objectsandtools				minus.plus.batteryblock	fill
minus.plus.batteryblock.slash	2022.1	16.1	13.0	16.1	9.1	1.0	automotive,multicolor,objectsandtools			minus.plus.batteryblock.slash.fill	minus.plus.batteryblock	slash
minus.plus.batteryblock.slash.fill	2022.1	16.1	13.0	16.1	9.1	1.0	automotive,multicolor,objectsandtools				minus.plus.batteryblock	slash,fill
minus.plus.batteryblock.stack	2022.1	16.1	13.0	16.1	9.1	1.0	automotive,multicolor,objectsandtools			minus.plus.batteryblock.stack.fill	minus.plus.batteryblock.stack	
minus.plus.batteryblock.stack.arrowtriangle.left	2024.3	18.4	15.4	18.4	11.4	2.4	automotive,objectsandtools			minus.plus.batteryblock.stack.arrowtriangle.left.fill	minus.plus.batteryblock.stack.arrowtriangle.left	
minus.plus.batteryblock.stack.arrowtriangle.left.fill	2024.3	18.4	15.4	18.4	11.4	2.4	automotive,multicolor,objectsandtools				minus.plus.batteryblock.stack.arrowtriangle.left	fill
minus.plus.batteryblock.stack.arrowtriangle.right	2024.3	18.4	15.4	18.4	11.4	2.4	automotive,objectsandtools			minus.plus.batteryblock.stack.arrowtriangle.right.fill	minus.plus.batteryblock.stack.arrowtriangle.right	
minus.plus.batteryblock.stack.arrowtriangle.right.and.arrowtriangle.left	2024.3	18.4	15.4	18.4	11.4	2.4	automotive,objectsandtools			minus.plus.batteryblock.stack.arrowtriangle.right.and.arrowtriangle.left.fill	minus.plus.batteryblock.stack.arrowtriangle.right.and.arrowtriangle.left	
minus.plus.batteryblock.stack.arrowtriangle.right.and.arrowtriangle.left.fill	2024.3	18.4	15.4	18.4	11.4	2.4	automotive,multicolor,objectsandtools				minus.plus.batteryblock.stack.arrowtriangle.right.and.arrowtriangle.left	fill
minus.plus.batteryblock.stack.arrowtriangle.right.fill	2024.3	18.4	15.4	18.4	11.4	2.4	automotive,multicolor,objectsandtools				minus.plus.batteryblock.stack.arrowtriangle.right	fill
minus.plus.batteryblock.stack.exclamationmark	2022.1	16.1	13.0	16.1	9.1	1.0	automotive,multicolor,objectsandtools			minus.plus.batteryblock.stack.exclamationmark.fill	minus.plus.batteryblock.stack.exclamationmark	
minus.plus.batteryblock.stack.exclamationmark.fill	2022.1	16.1	13.0	16.1	9.1	1.0	automotive,multicolor,objectsandtools				minus.plus.batteryblock.stack.exclamationmark	fill
minus.plus.batteryblock.stack.fill	2022.1	16.1	13.0	16.1	9.1	1.0	automotive,multicolor,objectsandtools				minus.plus.batteryblock.stack	fill
minus.plus.lines.measurement.horizontal.aligned.bottom	2025	26.0	26.0	26.0	26.0	26.0	variable				minus.plus.lines.measurement.horizontal.aligned.bottom	
minus.rectangle	2019	13.0	10.15	13.0	6.0	1.0	math,multicolor	-,decrease,delete,minus,remove,subtract,−		minus.rectangle.fill	minus	rectangle
minus.rectangle.fill	2019	13.0	10.15	13.0	6.0	1.0	math,multicolor	-,decrease,delete,minus,remove,subtract,−			minus	rectangle,fill
minus.rectangle.portrait	2020	14.0	11.0	14.0	7.0	1.0	multicolor	-,remove		minus.rectangle.portrait.fill	minus.rectangle.portrait	
minus.rectangle.portrait.fill	2020	14.0	11.0	14.0	7.0	1.0	multicolor	-,remove			minus.rectangle.portrait	fill
minus.square	2019	13.0	10.15	13.0	6.0	1.0	math,multicolor	-,decrease,delete,minus,remove,subtract,−		minus.square.fill	minus	square
minus.square.fill	2019	13.0	10.15	13.0	6.0	1.0	math,multicolor	-,decrease,delete,minus,remove,subtract,−			minus	square,fill
mirror.side.left	2022	16.0	13.0	16.0	9.0	1.0	automotive				mirror.side.left	
mirror.side.left.and.arrow.turn.down.right	2022.1	16.1	13.0	16.1	9.1	1.0	automotive				mirror.side.left.and.arrow.turn.down.right	
mirror.side.left.and.heat.waves	2022.1	16.1	13.0	16.1	9.1	1.0	automotive				mirror.side.left.and.heat.waves	
mirror.side.right	2022	16.0	13.0	16.0	9.0	1.0	automotive				mirror.side.right	
mirror.side.right.and.arrow.turn.down.left	2022.1	16.1	13.0	16.1	9.1	1.0	automotive				mirror.side.right.and.arrow.turn.down.left	
mirror.side.right.and.heat.waves	2022.1	16.1	13.0	16.1	9.1	1.0	automotive				mirror.side.right.and.heat.waves	
moon	2019	13.0	10.15	13.0	6.0	1.0	nature,weather	dnd,do not disturb,weather		moon.fill	moon	
moon.circle	2019	13.0	10.15	13.0	6.0	1.0	nature,variable,weather	dnd,do not disturb,weather		moon.circle.fill	moon	circle
moon.circle.fill	2019	13.0	10.15	13.0	6.0	1.0	multicolor,nature,weather	dnd,do not disturb,weather			moon	circle,fill
moon.dust	2023	17.0	14.0	17.0	10.0	1.0	nature,weather			moon.dust.fill	moon.dust	
moon.dust.circle	2023	17.0	14.0	17.0	10.0	1.0	nature,variable,weather			moon.dust.circle.fill	moon.dust	circle
moon.dust.circle.fill	2023	17.0	14.0	17.0	10.0	1.0	multicolor,nature,weather				moon.dust	circle,fill
moon.dust.fill	2023	17.0	14.0	17.0	10.0	1.0	multicolor,nature,weather				moon.dust	fill
moon.fill	2019	13.0	10.15	13.0	6.0	1.0	multicolor,nature,weather	dnd,do not disturb,weather			moon	fill
moon.haze	2022	16.0	13.0	16.0	9.0	1.0	nature,weather			moon.haze.fill	moon.haze	
moon.haze.circle	2022	16.0	13.0	16.0	9.0	1.0	nature,variable,weather			moon.haze.circle.fill	moon.haze	circle
moon.haze.circle.fill	2022	16.0	13.0	16.0	9.0	1.0	multicolor,nature,weather				moon.haze	circle,fill
moon.haze.fill	2022	16.0	13.0	16.0	9.0	1.0	multicolor,nature,weather				moon.haze	fill
moon.road.lanes	2024	18.0	15.0	18.0	11.0	2.0	automotive				moon.road.lanes	
moon.stars	2019	13.0	10.15	13.0	6.0	1.0	nature,weather	weather		moon.stars.fill	moon.stars	
moon.stars.circle	2022	16.0	13.0	16.0	9.0	1.0	nature,variable,weather	weather		moon.stars.circle.fill	moon.stars	circle
moon.stars.circle.fill	2022	16.0	13.0	16.0	9.0	1.0	multicolor,nature,weather	weather			moon.stars	circle,fill
moon.stars.fill	2019	13.0	10.15	13.0	6.0	1.0	multicolor,nature,weather	weather			moon.stars	fill
moon.zzz	2019	13.0	10.15	13.0	6.0	1.0				moon.zzz.fill	moon.zzz	
moon.zzz.fill	2019	13.0	10.15	13.0	6.0	1.0	multicolor				moon.zzz	fill
moonphase.first.quarter	2022	16.0	13.0	16.0	9.0	1.0	nature				moonphase.first.quarter	
moonphase.first.quarter.inverse	2022	16.0	13.0	16.0	9.0	1.0	nature				moonphase.first.quarter.inverse	
moonphase.full.moon	2022	16.0	13.0	16.0	9.0	1.0	nature				moonphase.full.moon	
moonphase.full.moon.inverse	2022	16.0	13.0	16.0	9.0	1.0	nature				moonphase.full.moon.inverse	
moonphase.last.quarter	2022	16.0	13.0	16.0	9.0	1.0	nature				moonphase.last.quarter	
moonphase.last.quarter.inverse	2022	16.0	13.0	16.0	9.0	1.0	nature				moonphase.last.quarter.inverse	
moonphase.new.moon	2022	16.0	13.0	16.0	9.0	1.0	nature				moonphase.new.moon	
moonphase.new.moon.inverse	2022	16.0	13.0	16.0	9.0	1.0	nature				moonphase.new.moon.inverse	
moonphase.waning.crescent	2022	16.0	13.0	16.0	9.0	1.0	nature				moonphase.waning.crescent	
moonphase.waning.crescent.inverse	2022	16.0	13.0	16.0	9.0	1.0	nature				moonphase.waning.crescent.inverse	
moonphase.waning.gibbous	2022	16.0	13.0	16.0	9.0	1.0	nature				moonphase.waning.gibbous	
moonphase.waning.gibbous.inverse	2022	16.0	13.0	16.0	9.0	1.0	nature				moonphase.waning.gibbous.inverse	
moonphase.waxing.crescent	2022	16.0	13.0	16.0	9.0	1.0	nature				moonphase.waxing.crescent	
moonphase.waxing.crescent.inverse	2022	16.0	13.0	16.0	9.0	1.0	nature				moonphase.waxing.crescent.inverse	
moonphase.waxing.gibbous	2022	16.0	13.0	16.0	9.0	1.0	nature				moonphase.waxing.gibbous	
moonphase.waxing.gibbous.inverse	2022	16.0	13.0	16.0	9.0	1.0	nature				moonphase.waxing.gibbous.inverse	
moonrise	2023	17.0	14.0	17.0	10.0	1.0		arrow,weather		moonrise.fill	moonrise	
moonrise.circle	2023	17.0	14.0	17.0	10.0	1.0	variable	arrow,weather		moonrise.circle.fill	moonrise	circle
moonrise.circle.fill	2023	17.0	14.0	17.0	10.0	1.0	multicolor	arrow,weather			moonrise	circle,fill
moonrise.fill	2023	17.0	14.0	17.0	10.0	1.0	multicolor	arrow,weather			moonrise	fill
moonset	2023	17.0	14.0	17.0	10.0	1.0		arrow,weather		moonset.fill	moonset	
moonset.circle	2023	17.0	14.0	17.0	10.0	1.0	variable	arrow,weather		moonset.circle.fill	moonset	circle
moonset.circle.fill	2023	17.0	14.0	17.0	10.0	1.0	multicolor	arrow,weather			moonset	circle,fill
moonset.fill	2023	17.0	14.0	17.0	10.0	1.0	multicolor	arrow,weather			moonset	fill
moped	2024	18.0	15.0	18.0	11.0	2.0	transportation			moped.fill	moped	
moped.fill	2024	18.0	15.0	18.0	11.0	2.0	transportation				moped	fill
mosaic	2020	14.0	11.0	14.0	7.0	1.0				mosaic.fill	mosaic	
mosaic.fill	2020	14.0	11.0	14.0	7.0	1.0					mosaic	fill
motor.electric.vehicle	2026	27.0	27.0	27.0	27.0	27.0	automotive,whatsnew				motor.electric.vehicle	
motorcycle	2024	18.0	15.0	18.0	11.0	2.0	transportation			motorcycle.fill	motorcycle	
motorcycle.fill	2024	18.0	15.0	18.0	11.0	2.0	transportation				motorcycle	fill
mount	2020	14.0	11.0	14.0	7.0	1.0	keyboard			mount.fill	mount	
mount.fill	2020	14.0	11.0	14.0	7.0	1.0	keyboard				mount	fill
mountain.2	2022.1	16.1	13.0	16.1	9.1	1.0	nature	campground,camping,trail		mountain.2.fill	mountain.2	
mountain.2.circle	2022.1	16.1	13.0	16.1	9.1	1.0	nature,variable	campground,camping,trail		mountain.2.circle.fill	mountain.2	circle
mountain.2.circle.fill	2022.1	16.1	13.0	16.1	9.1	1.0	multicolor,nature	campground,camping,trail			mountain.2	circle,fill
mountain.2.fill	2022.1	16.1	13.0	16.1	9.1	1.0	nature	campground,camping,trail			mountain.2	fill
mouth	2020	14.0	11.0	14.0	7.0	1.0	human			mouth.fill	mouth	
mouth.fill	2020	14.0	11.0	14.0	7.0	1.0	human				mouth	fill
move.3d	2020	14.0	11.0	14.0	7.0	1.0	editing				move.3d	
movieclapper	2023	17.0	14.0	17.0	10.0	1.0	multicolor,objectsandtools			movieclapper.fill	movieclapper	
movieclapper.fill	2023	17.0	14.0	17.0	10.0	1.0	multicolor,objectsandtools				movieclapper	fill
mph	2022.1	16.1	13.0	16.1	9.1	1.0	automotive				mph	
mph.circle	2022.1	16.1	13.0	16.1	9.1	1.0	automotive,variable			mph.circle.fill	mph	circle
mph.circle.fill	2022.1	16.1	13.0	16.1	9.1	1.0	automotive,multicolor				mph	circle,fill
mug	2022.1	16.1	13.0	16.1	9.1	1.0	objectsandtools	coffee,drink,tea		mug.fill	mug	
mug.fill	2022.1	16.1	13.0	16.1	9.1	1.0	objectsandtools	coffee,drink,tea			mug	fill
multiply	2019	13.0	10.15	13.0	6.0	1.0	math	*,multiply,times			multiply	
multiply.circle	2019	13.0	10.15	13.0	6.0	1.0	math,variable	*,multiply,times		multiply.circle.fill	multiply	circle
multiply.circle.fill	2019	13.0	10.15	13.0	6.0	1.0	math,multicolor	*,multiply,times			multiply	circle,fill
multiply.square	2019	13.0	10.15	13.0	6.0	1.0	math	*,multiply,times		multiply.square.fill	multiply	square
multiply.square.fill	2019	13.0	10.15	13.0	6.0	1.0	math,multicolor	*,multiply,times			multiply	square,fill
music.note	2019	13.0	10.15	13.0	6.0	1.0		media			music.note	
music.note.arrow.trianglehead.clockwise	2025	26.0	26.0	26.0	26.0	26.0	arrows				music.note.arrow.trianglehead.clockwise	
music.note.house	2020	14.0	11.0	14.0	7.0	1.0	media	home,house		music.note.house.fill	music.note.house	
music.note.house.fill	2020	14.0	11.0	14.0	7.0	1.0	media	home,house			music.note.house	fill
music.note.list	2019	13.0	10.15	13.0	6.0	1.0		media			music.note.list	
music.note.slash	2025	26.0	26.0	26.0	26.0	26.0		media			music.note	slash
music.note.square.stack	2025	26.0	26.0	26.0	26.0	26.0		media		music.note.square.stack.fill	music.note.square.stack	
music.note.square.stack.fill	2025	26.0	26.0	26.0	26.0	26.0	multicolor	media			music.note.square.stack	fill
music.note.tv	2021	15.0	12.0	15.0	8.0	1.0	devices			music.note.tv.fill	music.note.tv	
music.note.tv.fill	2021	15.0	12.0	15.0	8.0	1.0	devices				music.note.tv	fill
music.pages	2025	26.0	26.0	26.0	26.0	26.0				music.pages.fill	music.pages	
music.pages.fill	2025	26.0	26.0	26.0	26.0	26.0	multicolor				music.pages	fill
music.quarternote.3	2020	14.0	11.0	14.0	7.0	1.0		media			music.quarternote.3	
mustache	2020	14.0	11.0	14.0	7.0	1.0	human			mustache.fill	mustache	
mustache.fill	2020	14.0	11.0	14.0	7.0	1.0	human				mustache	fill
n.circle	2019	13.0	10.15	13.0	6.0	1.0	indices,variable			n.circle.fill	n	circle
n.circle.fill	2019	13.0	10.15	13.0	6.0	1.0	indices,multicolor				n	circle,fill
n.square	2019	13.0	10.15	13.0	6.0	1.0	indices			n.square.fill	n	square
n.square.fill	2019	13.0	10.15	13.0	6.0	1.0	indices,multicolor				n	square,fill
nairasign	2022	16.0	13.0	16.0	9.0	1.0	commerce,indices	currencies,currency			nairasign	
nairasign.arrow.trianglehead.counterclockwise.rotate.90	2024	18.0	15.0	18.0	11.0	2.0	arrows,commerce	currencies,currency			nairasign.arrow.trianglehead.counterclockwise.rotate.90	
nairasign.building.classical	2026	27.0	27.0	27.0	27.0	27.0	commerce,objectsandtools	currencies,currency		nairasign.building.classical.fill	nairasign.building.classical	
nairasign.building.classical.fill	2026	27.0	27.0	27.0	27.0	27.0	commerce,multicolor,objectsandtools	currencies,currency			nairasign.building.classical	fill
nairasign.circle	2019	13.0	10.15	13.0	6.0	1.0	commerce,indices,variable	currencies,currency		nairasign.circle.fill	nairasign	circle
nairasign.circle.fill	2019	13.0	10.15	13.0	6.0	1.0	commerce,indices,multicolor	currencies,currency			nairasign	circle,fill
nairasign.gauge.chart.lefthalf.righthalf	2024	18.0	15.0	18.0	11.0	2.0	commerce,home,variable				nairasign.gauge.chart.lefthalf.righthalf	
nairasign.gauge.chart.leftthird.topthird.rightthird	2024	18.0	15.0	18.0	11.0	2.0	commerce,home,variable				nairasign.gauge.chart.leftthird.topthird.rightthird	
nairasign.ring	2024	18.0	15.0	18.0	11.0	2.0	commerce,home				nairasign.ring	
nairasign.ring.dashed	2024	18.0	15.0	18.0	11.0	2.0	commerce,home,variable				nairasign.ring.dashed	
nairasign.square	2019	13.0	10.15	13.0	6.0	1.0	commerce,indices	currencies,currency		nairasign.square.fill	nairasign	square
nairasign.square.fill	2019	13.0	10.15	13.0	6.0	1.0	commerce,indices,multicolor	currencies,currency			nairasign	square,fill
network	2020	14.0	11.0	14.0	7.0	1.0	connectivity,multicolor				network	
network.badge.shield.half.filled	2021	15.0	12.0	15.0	8.0	1.0	connectivity,privacyandsecurity				network.badge.shield.half.filled	
network.slash	2023	17.0	14.0	17.0	10.0	1.0	connectivity,multicolor				network	slash
newspaper	2020	14.0	11.0	14.0	7.0	1.0	objectsandtools			newspaper.fill	newspaper	
newspaper.circle	2021	15.0	12.0	15.0	8.0	1.0	objectsandtools,variable			newspaper.circle.fill	newspaper	circle
newspaper.circle.fill	2021	15.0	12.0	15.0	8.0	1.0	multicolor,objectsandtools				newspaper	circle,fill
newspaper.fill	2020	14.0	11.0	14.0	7.0	1.0	multicolor,objectsandtools				newspaper	fill
norwegiankronesign	2023	17.0	14.0	17.0	10.0	1.0	commerce,indices	currencies,currency			norwegiankronesign	
norwegiankronesign.arrow.trianglehead.counterclockwise.rotate.90	2024	18.0	15.0	18.0	11.0	2.0	arrows,commerce	currencies,currency			norwegiankronesign.arrow.trianglehead.counterclockwise.rotate.90	
norwegiankronesign.building.classical	2026	27.0	27.0	27.0	27.0	27.0	commerce,objectsandtools	currencies,currency		norwegiankronesign.building.classical.fill	norwegiankronesign.building.classical	
norwegiankronesign.building.classical.fill	2026	27.0	27.0	27.0	27.0	27.0	commerce,multicolor,objectsandtools	currencies,currency			norwegiankronesign.building.classical	fill
norwegiankronesign.circle	2023	17.0	14.0	17.0	10.0	1.0	commerce,indices,variable	currencies,currency		norwegiankronesign.circle.fill	norwegiankronesign	circle
norwegiankronesign.circle.fill	2023	17.0	14.0	17.0	10.0	1.0	commerce,indices,multicolor	currencies,currency			norwegiankronesign	circle,fill
norwegiankronesign.gauge.chart.lefthalf.righthalf	2024	18.0	15.0	18.0	11.0	2.0	commerce,home,variable				norwegiankronesign.gauge.chart.lefthalf.righthalf	
norwegiankronesign.gauge.chart.leftthird.topthird.rightthird	2024	18.0	15.0	18.0	11.0	2.0	commerce,home,variable				norwegiankronesign.gauge.chart.leftthird.topthird.rightthird	
norwegiankronesign.ring	2024	18.0	15.0	18.0	11.0	2.0	commerce,home				norwegiankronesign.ring	
norwegiankronesign.ring.dashed	2024	18.0	15.0	18.0	11.0	2.0	commerce,home,variable				norwegiankronesign.ring.dashed	
norwegiankronesign.square	2023	17.0	14.0	17.0	10.0	1.0	commerce,indices	currencies,currency		norwegiankronesign.square.fill	norwegiankronesign	square
norwegiankronesign.square.fill	2023	17.0	14.0	17.0	10.0	1.0	commerce,indices,multicolor	currencies,currency			norwegiankronesign	square,fill
nose	2020	14.0	11.0	14.0	7.0	1.0	human			nose.fill	nose	
nose.fill	2020	14.0	11.0	14.0	7.0	1.0	human				nose	fill
nosign	2019	13.0	10.15	13.0	6.0	1.0	privacyandsecurity	block,crossed out,restricted,slash			nosign	
nosign.app	2022	16.0	13.0	16.0	9.0	1.0	privacyandsecurity	block,crossed out,restricted,slash		nosign.app.fill	nosign.app	
nosign.app.fill	2022	16.0	13.0	16.0	9.0	1.0	multicolor,privacyandsecurity	block,crossed out,restricted,slash			nosign.app	fill
nosign.badge.clock	2024.3	18.4	15.4	18.4	11.4	2.4	multicolor,privacyandsecurity	block,crossed out,restricted,slash			nosign.badge.clock	
notequal	2024	18.0	15.0	18.0	11.0	2.0	math	≠			notequal	
notequal.circle	2024	18.0	15.0	18.0	11.0	2.0	math,variable	≠		notequal.circle.fill	notequal	circle
notequal.circle.fill	2024	18.0	15.0	18.0	11.0	2.0	math,multicolor	≠			notequal	circle,fill
notequal.square	2024	18.0	15.0	18.0	11.0	2.0	math	≠		notequal.square.fill	notequal	square
notequal.square.fill	2024	18.0	15.0	18.0	11.0	2.0	math,multicolor	≠			notequal	square,fill
number.sign	2026	27.0	27.0	27.0	27.0	27.0	math	#,hash,octothorpe,pound			number.sign	
number.sign.circle	2026	27.0	27.0	27.0	27.0	27.0	math,variable	#,hash,octothorpe,pound		number.sign.circle.fill	number.sign	circle
number.sign.circle.fill	2026	27.0	27.0	27.0	27.0	27.0	math,multicolor	#,hash,octothorpe,pound			number.sign	circle,fill
number.sign.square	2026	27.0	27.0	27.0	27.0	27.0	math	#,hash,octothorpe,pound		number.sign.square.fill	number.sign	square
number.sign.square.fill	2026	27.0	27.0	27.0	27.0	27.0	math,multicolor	#,hash,octothorpe,pound			number.sign	square,fill
numbers	2024	18.0	15.0	18.0	11.0	2.0	textformatting				numbers	
numbers.rectangle	2024	18.0	15.0	18.0	11.0	2.0	textformatting			numbers.rectangle.fill	numbers	rectangle
numbers.rectangle.fill	2024	18.0	15.0	18.0	11.0	2.0	multicolor,textformatting				numbers	rectangle,fill
numero.sign	2026	27.0	27.0	27.0	27.0	27.0	textformatting	numero			numero.sign	
o.circle	2019	13.0	10.15	13.0	6.0	1.0	indices,variable			o.circle.fill	o	circle
o.circle.fill	2019	13.0	10.15	13.0	6.0	1.0	indices,multicolor				o	circle,fill
o.square	2019	13.0	10.15	13.0	6.0	1.0	indices			o.square.fill	o	square
o.square.fill	2019	13.0	10.15	13.0	6.0	1.0	indices,multicolor				o	square,fill
oar.2.crossed	2022	16.0	13.0	16.0	9.0	1.0	fitness,objectsandtools	paddling,sports			oar.2.crossed	
oar.2.crossed.circle	2024	18.0	15.0	18.0	11.0	2.0	fitness,objectsandtools,variable	paddling,sports		oar.2.crossed.circle.fill	oar.2.crossed	circle
oar.2.crossed.circle.fill	2024	18.0	15.0	18.0	11.0	2.0	fitness,multicolor,objectsandtools	paddling,sports			oar.2.crossed	circle,fill
octagon	2020	14.0	11.0	14.0	7.0	1.0	shapes			octagon.fill	octagon	
octagon.bottomhalf.filled	2021	15.0	12.0	15.0	8.0	1.0					octagon.bottomhalf.filled	
octagon.fill	2020	14.0	11.0	14.0	7.0	1.0	shapes				octagon	fill
octagon.lefthalf.filled	2021	15.0	12.0	15.0	8.0	1.0					octagon.lefthalf.filled	
octagon.righthalf.filled	2021	15.0	12.0	15.0	8.0	1.0					octagon.righthalf.filled	
octagon.tophalf.filled	2021	15.0	12.0	15.0	8.0	1.0					octagon.tophalf.filled	
oilcan	2022.1	16.1	13.0	16.1	9.1	1.0	automotive,multicolor,objectsandtools			oilcan.fill	oilcan	
oilcan.and.thermometer	2024	18.0	15.0	18.0	11.0	2.0	automotive,objectsandtools			oilcan.and.thermometer.fill	oilcan.and.thermometer	
oilcan.and.thermometer.fill	2024	18.0	15.0	18.0	11.0	2.0	automotive,objectsandtools				oilcan.and.thermometer	fill
oilcan.fill	2022.1	16.1	13.0	16.1	9.1	1.0	automotive,multicolor,objectsandtools				oilcan	fill
opticaldisc	2020	14.0	11.0	14.0	7.0	1.0	objectsandtools			opticaldisc.fill	opticaldisc	
opticaldisc.fill	2022	16.0	13.0	16.0	9.0	1.0	objectsandtools				opticaldisc	fill
opticaldiscdrive	2020	14.0	11.0	14.0	7.0	1.0	objectsandtools			opticaldiscdrive.fill	opticaldiscdrive	
opticaldiscdrive.fill	2020	14.0	11.0	14.0	7.0	1.0	objectsandtools				opticaldiscdrive	fill
opticid	2023	17.0	14.0	17.0	10.0	1.0	variable		This symbol may not be modified and may only be used to refer to Apple’s Optic ID feature.	opticid.fill	opticid	
opticid.fill	2023	17.0	14.0	17.0	10.0	1.0	multicolor,variable		This symbol may not be modified and may only be used to refer to Apple’s Optic ID feature.		opticid	fill
option	2019	13.0	10.15	13.0	6.0	1.0	keyboard				option	
oval	2020	14.0	11.0	14.0	7.0	1.0	shapes			oval.fill	oval	
oval.bottomhalf.filled	2021	15.0	12.0	15.0	8.0	1.0					oval.bottomhalf.filled	
oval.fill	2020	14.0	11.0	14.0	7.0	1.0	shapes				oval	fill
oval.lefthalf.filled	2021	15.0	12.0	15.0	8.0	1.0					oval.lefthalf.filled	
oval.portrait	2020	14.0	11.0	14.0	7.0	1.0	shapes			oval.portrait.fill	oval.portrait	
oval.portrait.bottomhalf.filled	2021	15.0	12.0	15.0	8.0	1.0					oval.portrait.bottomhalf.filled	
oval.portrait.fill	2020	14.0	11.0	14.0	7.0	1.0	shapes				oval.portrait	fill
oval.portrait.lefthalf.filled	2021	15.0	12.0	15.0	8.0	1.0					oval.portrait.lefthalf.filled	
oval.portrait.righthalf.filled	2021	15.0	12.0	15.0	8.0	1.0					oval.portrait.righthalf.filled	
oval.portrait.tophalf.filled	2021	15.0	12.0	15.0	8.0	1.0					oval.portrait.tophalf.filled	
oval.righthalf.filled	2021	15.0	12.0	15.0	8.0	1.0					oval.righthalf.filled	
oval.tophalf.filled	2021	15.0	12.0	15.0	8.0	1.0					oval.tophalf.filled	
oven	2022	16.0	13.0	16.0	9.0	1.0	home,objectsandtools			oven.fill	oven	
oven.fill	2022	16.0	13.0	16.0	9.0	1.0	home,objectsandtools				oven	fill
p.circle	2019	13.0	10.15	13.0	6.0	1.0	indices,variable			p.circle.fill	p	circle
p.circle.fill	2019	13.0	10.15	13.0	6.0	1.0	indices,multicolor				p	circle,fill
p.square	2019	13.0	10.15	13.0	6.0	1.0	indices			p.square.fill	p	square
p.square.fill	2019	13.0	10.15	13.0	6.0	1.0	indices,multicolor				p	square,fill
p1.button.horizontal	2023	17.0	14.0	17.0	10.0	1.0	gaming			p1.button.horizontal.fill	p1.button.horizontal	
p1.button.horizontal.fill	2023	17.0	14.0	17.0	10.0	1.0	gaming,multicolor				p1.button.horizontal	fill
p2.button.horizontal	2023	17.0	14.0	17.0	10.0	1.0	gaming			p2.button.horizontal.fill	p2.button.horizontal	
p2.button.horizontal.fill	2023	17.0	14.0	17.0	10.0	1.0	gaming,multicolor				p2.button.horizontal	fill
p3.button.horizontal	2023	17.0	14.0	17.0	10.0	1.0	gaming			p3.button.horizontal.fill	p3.button.horizontal	
p3.button.horizontal.fill	2023	17.0	14.0	17.0	10.0	1.0	gaming,multicolor				p3.button.horizontal	fill
p4.button.horizontal	2023	17.0	14.0	17.0	10.0	1.0	gaming			p4.button.horizontal.fill	p4.button.horizontal	
p4.button.horizontal.fill	2023	17.0	14.0	17.0	10.0	1.0	gaming,multicolor				p4.button.horizontal	fill
pad.header	2025	26.0	26.0	26.0	26.0	26.0	objectsandtools				pad.header	
paddleshifter.left	2023	17.0	14.0	17.0	10.0	1.0	gaming			paddleshifter.left.fill	paddleshifter.left	
paddleshifter.left.fill	2023	17.0	14.0	17.0	10.0	1.0	gaming				paddleshifter.left	fill
paddleshifter.right	2023	17.0	14.0	17.0	10.0	1.0	gaming			paddleshifter.right.fill	paddleshifter.right	
paddleshifter.right.fill	2023	17.0	14.0	17.0	10.0	1.0	gaming				paddleshifter.right	fill
paint.bucket.classic	2025	26.0	26.0	26.0	26.0	26.0					paint.bucket.classic	
paintbrush	2019	13.0	10.15	13.0	6.0	1.0	editing,objectsandtools			paintbrush.fill	paintbrush	
paintbrush.fill	2019	13.0	10.15	13.0	6.0	1.0	editing,objectsandtools				paintbrush	fill
paintbrush.pointed	2020	14.0	11.0	14.0	7.0	1.0	editing,objectsandtools			paintbrush.pointed.fill	paintbrush.pointed	
paintbrush.pointed.fill	2020	14.0	11.0	14.0	7.0	1.0	editing,objectsandtools				paintbrush.pointed	fill
paintbrush.slash	2026	27.0	27.0	27.0	27.0	27.0	editing,objectsandtools,whatsnew			paintbrush.slash.fill	paintbrush	slash
paintbrush.slash.fill	2026	27.0	27.0	27.0	27.0	27.0	editing,objectsandtools,whatsnew				paintbrush	slash,fill
paintpalette	2020	14.0	11.0	14.0	7.0	1.0	multicolor,objectsandtools			paintpalette.fill	paintpalette	
paintpalette.fill	2020	14.0	11.0	14.0	7.0	1.0	multicolor,objectsandtools				paintpalette	fill
pano	2019	13.0	10.15	13.0	6.0	1.0				pano.fill	pano	
pano.badge.play	2023	17.0	14.0	17.0	10.0	1.0	multicolor			pano.badge.play.fill	pano.badge.play	
pano.badge.play.fill	2023	17.0	14.0	17.0	10.0	1.0	multicolor				pano.badge.play	fill
pano.fill	2019	13.0	10.15	13.0	6.0	1.0					pano	fill
paperclip	2019	13.0	10.15	13.0	6.0	1.0	multicolor,objectsandtools	attach,attachments,mail			paperclip	
paperclip.badge.ellipsis	2020	14.0	11.0	14.0	7.0	1.0	multicolor,objectsandtools	action,dot.3,extra,more,overflow,…			paperclip.badge.ellipsis	
paperclip.circle	2019.1	13.1	10.15	13.0	6.1	1.0	objectsandtools,variable	attach,attachments		paperclip.circle.fill	paperclip	circle
paperclip.circle.fill	2019.1	13.1	10.15	13.0	6.1	1.0	multicolor,objectsandtools	attach,attachments			paperclip	circle,fill
paperplane	2019	13.0	10.15	13.0	6.0	1.0	objectsandtools	send		paperplane.fill	paperplane	
paperplane.circle	2020	14.0	11.0	14.0	7.0	1.0	objectsandtools,variable	send		paperplane.circle.fill	paperplane	circle
paperplane.circle.fill	2020	14.0	11.0	14.0	7.0	1.0	multicolor,objectsandtools	send			paperplane	circle,fill
paperplane.fill	2019	13.0	10.15	13.0	6.0	1.0	objectsandtools	send			paperplane	fill
paragraphsign	2020	14.0	11.0	14.0	7.0	1.0	textformatting				paragraphsign	
parentheses	2021	15.0	12.0	15.0	8.0	1.0					parentheses	
parkinglight	2022	16.0	13.0	16.0	9.0	1.0	automotive,multicolor			parkinglight.fill	parkinglight	
parkinglight.fill	2022	16.0	13.0	16.0	9.0	1.0	automotive,multicolor				parkinglight	fill
parkingsign	2021	15.0	12.0	15.0	8.0	1.0	automotive				parkingsign	
parkingsign.brakesignal	2022	16.0	13.0	16.0	9.0	1.0	automotive,multicolor				parkingsign.brakesignal	
parkingsign.brakesignal.slash	2022	16.0	13.0	16.0	9.0	1.0	automotive,multicolor				parkingsign.brakesignal	slash
parkingsign.circle	2021	15.0	12.0	15.0	8.0	1.0	automotive,variable			parkingsign.circle.fill	parkingsign	circle
parkingsign.circle.fill	2021	15.0	12.0	15.0	8.0	1.0	automotive,multicolor				parkingsign	circle,fill
parkingsign.radiowaves.down.right.off	2024	18.0	15.0	18.0	11.0	2.0	automotive,variable				parkingsign.radiowaves.down.right.off	
parkingsign.radiowaves.left.and.right	2023	17.0	14.0	17.0	10.0	1.0	automotive,variable				parkingsign.radiowaves.left.and.right	
parkingsign.radiowaves.left.and.right.slash	2024	18.0	15.0	18.0	11.0	2.0	automotive				parkingsign.radiowaves.left.and.right	slash
parkingsign.radiowaves.right.and.safetycone	2023	17.0	14.0	17.0	10.0	1.0	automotive,variable	aid,cone,parking,traffic			parkingsign.radiowaves.right.and.safetycone	
parkingsign.square	2024	18.0	15.0	18.0	11.0	2.0	automotive			parkingsign.square.fill	parkingsign	square
parkingsign.square.fill	2024	18.0	15.0	18.0	11.0	2.0	automotive,multicolor				parkingsign	square,fill
parkingsign.steeringwheel	2023	17.0	14.0	17.0	10.0	1.0	automotive				parkingsign.steeringwheel	
party.popper	2022	16.0	13.0	16.0	9.0	1.0	home,objectsandtools	party		party.popper.fill	party.popper	
party.popper.fill	2022	16.0	13.0	16.0	9.0	1.0	home,objectsandtools	party			party.popper	fill
pause	2019	13.0	10.15	13.0	6.0	1.0	media			pause.fill	pause	
pause.circle	2019	13.0	10.15	13.0	6.0	1.0	media,variable			pause.circle.fill	pause	circle
pause.circle.fill	2019	13.0	10.15	13.0	6.0	1.0	media,multicolor				pause	circle,fill
pause.fill	2019	13.0	10.15	13.0	6.0	1.0	media				pause	fill
pause.rectangle	2019	13.0	10.15	13.0	6.0	1.0	media			pause.rectangle.fill	pause	rectangle
pause.rectangle.fill	2019	13.0	10.15	13.0	6.0	1.0	media,multicolor				pause	rectangle,fill
pawprint	2021	15.0	12.0	15.0	8.0	1.0	nature	animals,pet friendly		pawprint.fill	pawprint	
pawprint.circle	2021	15.0	12.0	15.0	8.0	1.0	nature,variable	animals,pet friendly		pawprint.circle.fill	pawprint	circle
pawprint.circle.fill	2021	15.0	12.0	15.0	8.0	1.0	multicolor,nature	animals,pet friendly			pawprint	circle,fill
pawprint.fill	2021	15.0	12.0	15.0	8.0	1.0	nature	animals,pet friendly			pawprint	fill
pc	2020	14.0	11.0	14.0	7.0	1.0	devices,multicolor				pc	
peacesign	2021	15.0	12.0	15.0	8.0	1.0					peacesign	
pedal.accelerator	2023	17.0	14.0	17.0	10.0	1.0	gaming			pedal.accelerator.fill	pedal.accelerator	
pedal.accelerator.fill	2023	17.0	14.0	17.0	10.0	1.0	gaming				pedal.accelerator	fill
pedal.brake	2023	17.0	14.0	17.0	10.0	1.0	gaming			pedal.brake.fill	pedal.brake	
pedal.brake.fill	2023	17.0	14.0	17.0	10.0	1.0	gaming				pedal.brake	fill
pedal.clutch	2023	17.0	14.0	17.0	10.0	1.0	gaming			pedal.clutch.fill	pedal.clutch	
pedal.clutch.fill	2023	17.0	14.0	17.0	10.0	1.0	gaming				pedal.clutch	fill
pedestrian.gate.closed	2022	16.0	13.0	16.0	9.0	1.0	home,objectsandtools				pedestrian.gate.closed	
pedestrian.gate.closed.trianglebadge.exclamationmark	2025	26.0	26.0	26.0	26.0	26.0	home,multicolor,objectsandtools				pedestrian.gate.closed.trianglebadge.exclamationmark	
pedestrian.gate.open	2022	16.0	13.0	16.0	9.0	1.0	home,objectsandtools				pedestrian.gate.open	
pedestrian.gate.open.trianglebadge.exclamationmark	2025	26.0	26.0	26.0	26.0	26.0	home,multicolor,objectsandtools				pedestrian.gate.open.trianglebadge.exclamationmark	
pencil	2019	13.0	10.15	13.0	6.0	1.0	editing,objectsandtools	edit,rename,write,writing			pencil	
pencil.and.list.clipboard	2023	17.0	14.0	17.0	10.0	1.0	health,multicolor,objectsandtools	notes			pencil.and.list.clipboard	
pencil.and.outline	2019	13.0	10.15	13.0	6.0	1.0	editing,objectsandtools	write,writing			pencil.and.outline	
pencil.and.ruler	2022	16.0	13.0	16.0	9.0	1.0	objectsandtools			pencil.and.ruler.fill	pencil.and.ruler	
pencil.and.ruler.fill	2022	16.0	13.0	16.0	9.0	1.0	objectsandtools				pencil.and.ruler	fill
pencil.and.scribble	2023	17.0	14.0	17.0	10.0	1.0	editing,objectsandtools	write,writing			pencil.and.scribble	
pencil.circle	2019	13.0	10.15	13.0	6.0	1.0	editing,objectsandtools,variable	write,writing		pencil.circle.fill	pencil	circle
pencil.circle.fill	2019	13.0	10.15	13.0	6.0	1.0	editing,multicolor,objectsandtools	write,writing			pencil	circle,fill
pencil.line	2022	16.0	13.0	16.0	9.0	1.0	editing,objectsandtools	draw,write,writing			pencil.line	
pencil.slash	2019	13.0	10.15	13.0	6.0	1.0	editing,objectsandtools	remove,write,writing			pencil	slash
pencil.tip	2019	13.0	10.15	13.0	6.0	1.0	editing,objectsandtools	write,writing	This symbol may not be modified and may only be used to refer to drawing experiences that are based on PencilKit.		pencil.tip	
pencil.tip.crop.circle	2019	13.0	10.15	13.0	6.0	1.0	editing,objectsandtools	markup,write,writing	This symbol may not be modified and may only be used to refer to Apple’s Markup feature.	pencil.tip.crop.circle.fill	pencil.tip.crop	circle
pencil.tip.crop.circle.badge.arrow.forward	2020	14.0	11.0	14.0	7.0	1.0	editing,multicolor,objectsandtools	write,writing	This symbol may not be modified and may only be used to refer to Apple’s Markup feature.	pencil.tip.crop.circle.badge.arrow.forward.fill	pencil.tip.crop.circle.badge.arrow.forward	
pencil.tip.crop.circle.badge.arrow.forward.fill	2023	17.0	14.0	17.0	10.0	1.0	editing,multicolor,objectsandtools	write,writing	This symbol may not be modified and may only be used to refer to Apple’s Markup feature.		pencil.tip.crop.circle.badge.arrow.forward	fill
pencil.tip.crop.circle.badge.minus	2019	13.0	10.15	13.0	6.0	1.0	editing,multicolor,objectsandtools	-,remove,write,writing	This symbol may not be modified and may only be used to refer to Apple’s Markup feature.	pencil.tip.crop.circle.badge.minus.fill	pencil.tip.crop.circle.badge.minus	
pencil.tip.crop.circle.badge.minus.fill	2023	17.0	14.0	17.0	10.0	1.0	editing,multicolor,objectsandtools	-,remove,write,writing	This symbol may not be modified and may only be used to refer to Apple’s Markup feature.		pencil.tip.crop.circle.badge.minus	fill
pencil.tip.crop.circle.badge.plus	2019	13.0	10.15	13.0	6.0	1.0	editing,multicolor,objectsandtools	+,add,write,writing	This symbol may not be modified and may only be used to refer to Apple’s Markup feature.	pencil.tip.crop.circle.badge.plus.fill	pencil.tip.crop.circle.badge.plus	
pencil.tip.crop.circle.badge.plus.fill	2023	17.0	14.0	17.0	10.0	1.0	editing,multicolor,objectsandtools	+,add,write,writing	This symbol may not be modified and may only be used to refer to Apple’s Markup feature.		pencil.tip.crop.circle.badge.plus	fill
pencil.tip.crop.circle.fill	2023	17.0	14.0	17.0	10.0	1.0	editing,multicolor,objectsandtools	markup,write,writing	This symbol may not be modified and may only be used to refer to Apple’s Markup feature.		pencil.tip.crop	circle,fill
pentagon	2021	15.0	12.0	15.0	8.0	1.0	shapes			pentagon.fill	pentagon	
pentagon.bottomhalf.filled	2021	15.0	12.0	15.0	8.0	1.0					pentagon.bottomhalf.filled	
pentagon.fill	2021	15.0	12.0	15.0	8.0	1.0	shapes				pentagon	fill
pentagon.lefthalf.filled	2021	15.0	12.0	15.0	8.0	1.0					pentagon.lefthalf.filled	
pentagon.righthalf.filled	2021	15.0	12.0	15.0	8.0	1.0					pentagon.righthalf.filled	
pentagon.tophalf.filled	2021	15.0	12.0	15.0	8.0	1.0					pentagon.tophalf.filled	
percent	2019	13.0	10.15	13.0	6.0	1.0	math	%			percent	
person	2019	13.0	10.15	13.0	6.0	1.0	human	people,user		person.fill	person	
person.2	2019	13.0	10.15	13.0	6.0	1.0	human	people,shared		person.2.fill	person.2	
person.2.arrow.trianglehead.counterclockwise	2024	18.0	15.0	18.0	11.0	2.0	arrows,human	people,shared			person.2.arrow.trianglehead.counterclockwise	
person.2.badge	2025	26.0	26.0	26.0	26.0	26.0	human,multicolor	people,shared		person.2.badge.fill	person.2.badge	
person.2.badge.fill	2025	26.0	26.0	26.0	26.0	26.0	human,multicolor	people,shared			person.2.badge	fill
person.2.badge.gearshape	2022	16.0	13.0	16.0	9.0	1.0	human	people		person.2.badge.gearshape.fill	person.2.badge.gearshape	
person.2.badge.gearshape.fill	2022	16.0	13.0	16.0	9.0	1.0	human	people			person.2.badge.gearshape	fill
person.2.badge.key	2023	17.0	14.0	17.0	10.0	1.0	human,objectsandtools	passkey,password,people,privacyandsecurity,user	This symbol may not be modified and may only be used to refer to sharing or using a shared password or passkey.	person.2.badge.key.fill	person.2.badge.key	
person.2.badge.key.fill	2023	17.0	14.0	17.0	10.0	1.0	human,objectsandtools	passkey,password,people,privacyandsecurity,user	This symbol may not be modified and may only be used to refer to sharing or using a shared password or passkey.		person.2.badge.key	fill
person.2.badge.minus	2024	18.0	15.0	18.0	11.0	2.0	human,multicolor	people		person.2.badge.minus.fill	person.2.badge.minus	
person.2.badge.minus.fill	2024	18.0	15.0	18.0	11.0	2.0	human,multicolor	people			person.2.badge.minus	fill
person.2.badge.plus	2024	18.0	15.0	18.0	11.0	2.0	human,multicolor	people		person.2.badge.plus.fill	person.2.badge.plus	
person.2.badge.plus.fill	2024	18.0	15.0	18.0	11.0	2.0	human,multicolor	people			person.2.badge.plus	fill
person.2.circle	2020	14.0	11.0	14.0	7.0	1.0	human,variable	people,shared		person.2.circle.fill	person.2	circle
person.2.circle.fill	2020	14.0	11.0	14.0	7.0	1.0	human,multicolor	people,shared			person.2	circle,fill
person.2.crop.square.stack	2021	15.0	12.0	15.0	8.0	1.0	human	album,people		person.2.crop.square.stack.fill	person.2.crop.square.stack	
person.2.crop.square.stack.fill	2021	15.0	12.0	15.0	8.0	1.0	human,multicolor	album,people			person.2.crop.square.stack	fill
person.2.fill	2019	13.0	10.15	13.0	6.0	1.0	human	people,shared			person.2	fill
person.2.shield	2025	26.0	26.0	26.0	26.0	26.0	human	people,shared		person.2.shield.fill	person.2.shield	
person.2.shield.fill	2025	26.0	26.0	26.0	26.0	26.0	human,multicolor	people,shared			person.2.shield	fill
person.2.slash	2022	16.0	13.0	16.0	9.0	1.0	human	people,shared		person.2.slash.fill	person.2	slash
person.2.slash.fill	2022	16.0	13.0	16.0	9.0	1.0	human	people,shared			person.2	slash,fill
person.2.wave.2	2021	15.0	12.0	15.0	8.0	1.0	human,variable	people		person.2.wave.2.fill	person.2.wave.2	
person.2.wave.2.fill	2021	15.0	12.0	15.0	8.0	1.0	human,variable	people			person.2.wave.2	fill
person.3	2019	13.0	10.15	13.0	6.0	1.0	human	group,people,shared		person.3.fill	person.3	
person.3.fill	2019	13.0	10.15	13.0	6.0	1.0	human	group,people,shared			person.3	fill
person.3.sequence	2021	15.0	12.0	15.0	8.0	1.0	human,variable	group,people		person.3.sequence.fill	person.3.sequence	
person.3.sequence.fill	2021	15.0	12.0	15.0	8.0	1.0	human,variable	group,people			person.3.sequence	fill
person.and.arrow.left.and.arrow.right.outward	2024	18.0	15.0	18.0	11.0	2.0	human	people,user		person.fill.and.arrow.left.and.arrow.right.outward	person.and.arrow.left.and.arrow.right.outward	
person.and.background.dotted	2022	16.0	13.0	16.0	9.0	1.0	human	cameraandphotos,people			person.and.background.dotted	
person.and.background.striped.horizontal	2023	17.0	14.0	17.0	10.0	1.0	human	human,person			person.and.background.striped.horizontal	
person.badge.checkmark	2026	27.0	27.0	27.0	27.0	27.0	human,multicolor,whatsnew	people,user		person.badge.checkmark.fill	person.badge.checkmark	
person.badge.checkmark.fill	2026	27.0	27.0	27.0	27.0	27.0	human,multicolor,whatsnew	people,user			person.badge.checkmark	fill
person.badge.checkmark.seal	2026	27.0	27.0	27.0	27.0	27.0	human,multicolor,whatsnew	people,user		person.badge.checkmark.seal.fill	person.badge.checkmark.seal	
person.badge.checkmark.seal.fill	2026	27.0	27.0	27.0	27.0	27.0	human,multicolor,whatsnew	people,user			person.badge.checkmark.seal	fill
person.badge.clock	2021	15.0	12.0	15.0	8.0	1.0	human,multicolor	people,time,user		person.badge.clock.fill	person.badge.clock	
person.badge.clock.fill	2021	15.0	12.0	15.0	8.0	1.0	human,multicolor	people,time,user			person.badge.clock	fill
person.badge.creditcard	2026	27.0	27.0	27.0	27.0	27.0	human,whatsnew	people,user		person.badge.creditcard.fill	person.badge.creditcard	
person.badge.creditcard.fill	2026	27.0	27.0	27.0	27.0	27.0	human,whatsnew	people,user			person.badge.creditcard	fill
person.badge.gearshape	2026	27.0	27.0	27.0	27.0	27.0	human,whatsnew	people,user		person.badge.gearshape.fill	person.badge.gearshape	
person.badge.gearshape.fill	2026	27.0	27.0	27.0	27.0	27.0	human,whatsnew	people,user			person.badge.gearshape	fill
person.badge.key	2021.3	15.4	12.3	15.4	8.5	1.0	human,objectsandtools	passkey,password,people,privacyandsecurity,user	This symbol may not be modified and may only be used to refer to creating or signing in with a passkey.	person.badge.key.fill	person.badge.key	
person.badge.key.fill	2021.3	15.4	12.3	15.4	8.5	1.0	human,objectsandtools	passkey,password,people,privacyandsecurity,user	This symbol may not be modified and may only be used to refer to creating or signing in with a passkey.		person.badge.key	fill
person.badge.location	2026	27.0	27.0	27.0	27.0	27.0	human,multicolor,time,whatsnew	people,user		person.badge.location.fill	person.badge.location	
person.badge.location.fill	2026	27.0	27.0	27.0	27.0	27.0	human,multicolor,time,whatsnew	people,user			person.badge.location	fill
person.badge.minus	2019	13.0	10.15	13.0	6.0	1.0	human,multicolor	people,remove,user		person.fill.badge.minus	person.badge.minus	
person.badge.plus	2019	13.0	10.15	13.0	6.0	1.0	human,multicolor	+,add,create,new,people,user		person.fill.badge.plus	person.badge.plus	
person.badge.shield.checkmark	2022	16.0	13.0	16.0	9.0	1.0	human,multicolor	people,user		person.badge.shield.checkmark.fill	person.badge.shield.checkmark	
person.badge.shield.checkmark.fill	2022	16.0	13.0	16.0	9.0	1.0	human,multicolor	people,user			person.badge.shield.checkmark	fill
person.badge.shield.exclamationmark	2024	18.0	15.0	18.0	11.0	2.0	human,multicolor	people,user		person.badge.shield.exclamationmark.fill	person.badge.shield.exclamationmark	
person.badge.shield.exclamationmark.fill	2024	18.0	15.0	18.0	11.0	2.0	human,multicolor	people,user			person.badge.shield.exclamationmark	fill
person.bubble	2023	17.0	14.0	17.0	10.0	1.0	communication	human,person		person.bubble.fill	person.bubble	
person.bubble.fill	2023	17.0	14.0	17.0	10.0	1.0	communication,multicolor	human,person			person.bubble	fill
person.building.classical	2026	27.0	27.0	27.0	27.0	27.0	whatsnew			person.building.classical.fill	person.building.classical	
person.building.classical.fill	2026	27.0	27.0	27.0	27.0	27.0	multicolor,whatsnew				person.building.classical	fill
person.bust	2022	16.0	13.0	16.0	9.0	1.0	human,objectsandtools	art,people,sculpture		person.bust.fill	person.bust	
person.bust.circle	2023	17.0	14.0	17.0	10.0	1.0	human,objectsandtools,variable	art,people,sculpture		person.bust.circle.fill	person.bust	circle
person.bust.circle.fill	2023	17.0	14.0	17.0	10.0	1.0	human,multicolor,objectsandtools	art,people,sculpture			person.bust	circle,fill
person.bust.fill	2022	16.0	13.0	16.0	9.0	1.0	human,objectsandtools	art,people,sculpture			person.bust	fill
person.checkmark.and.xmark	2024.3	18.4	15.4	18.4	11.4	2.4	human	people,user			person.checkmark.and.xmark	
person.circle	2019	13.0	10.15	13.0	6.0	1.0	human,variable	people,user		person.circle.fill	person	circle
person.circle.fill	2019	13.0	10.15	13.0	6.0	1.0	human,multicolor	people,user			person	circle,fill
person.crop.artframe	2021	15.0	12.0	15.0	8.0	1.0	human	people			person.crop.artframe	
person.crop.circle	2019	13.0	10.15	13.0	6.0	1.0	human	account,contact,people,profile,user		person.crop.circle.fill	person.crop	circle
person.crop.circle.badge	2021	15.0	12.0	15.0	8.0	1.0	human,multicolor	account,contact,people,user		person.crop.circle.badge.fill	person.crop.circle.badge	
person.crop.circle.badge.checkmark	2019	13.0	10.15	13.0	6.0	1.0	human,multicolor	account,contact,people,user		person.crop.circle.fill.badge.checkmark	person.crop.circle.badge.checkmark	
person.crop.circle.badge.clock	2021	15.0	12.0	15.0	8.0	1.0	human,multicolor	account,contact,people,time,user		person.crop.circle.badge.clock.fill	person.crop.circle.badge.clock	
person.crop.circle.badge.clock.fill	2021	15.0	12.0	15.0	8.0	1.0	human,multicolor	account,contact,people,time,user			person.crop.circle.badge.clock	fill
person.crop.circle.badge.ellipsis	2025	26.0	26.0	26.0	26.0	26.0	human,multicolor	account,contact,people,user		person.crop.circle.badge.ellipsis.fill	person.crop.circle.badge.ellipsis	
person.crop.circle.badge.ellipsis.fill	2025	26.0	26.0	26.0	26.0	26.0	human,multicolor	account,contact,people,user			person.crop.circle.badge.ellipsis	fill
person.crop.circle.badge.exclamationmark	2020	14.0	11.0	14.0	7.0	1.0	human,multicolor	!,account,contact,error,people,user,warning		person.crop.circle.badge.exclamationmark.fill	person.crop.circle.badge.exclamationmark	
person.crop.circle.badge.exclamationmark.fill	2021	15.0	12.0	15.0	8.0	1.0	human,multicolor	!,account,contact,error,people,user,warning			person.crop.circle.badge.exclamationmark	fill
person.crop.circle.badge.fill	2021	15.0	12.0	15.0	8.0	1.0	human,multicolor	account,contact,people,user			person.crop.circle.badge	fill
person.crop.circle.badge.magnifyingglass	2026	27.0	27.0	27.0	27.0	27.0	human	people		person.crop.circle.badge.magnifyingglass.fill	person.crop.circle.badge.magnifyingglass	
person.crop.circle.badge.magnifyingglass.fill	2026	27.0	27.0	27.0	27.0	27.0	human	people			person.crop.circle.badge.magnifyingglass	fill
person.crop.circle.badge.minus	2019	13.0	10.15	13.0	6.0	1.0	human,multicolor	-,account,contact,people,remove,user		person.crop.circle.fill.badge.minus	person.crop.circle.badge.minus	
person.crop.circle.badge.moon	2021	15.0	12.0	15.0	8.0	1.0	human,multicolor	account,contact,dnd,people,user		person.crop.circle.badge.moon.fill	person.crop.circle.badge.moon	
person.crop.circle.badge.moon.fill	2021	15.0	12.0	15.0	8.0	1.0	human,multicolor	account,contact,dnd,people,user			person.crop.circle.badge.moon	fill
person.crop.circle.badge.plus	2019	13.0	10.15	13.0	6.0	1.0	human,multicolor	+,account,add,contact,people,user		person.crop.circle.fill.badge.plus	person.crop.circle.badge.plus	
person.crop.circle.badge.questionmark	2020	14.0	11.0	14.0	7.0	1.0	human,multicolor	?,account,contact,people,user		person.crop.circle.badge.questionmark.fill	person.crop.circle.badge.questionmark	
person.crop.circle.badge.questionmark.fill	2021	15.0	12.0	15.0	8.0	1.0	human,multicolor	?,account,contact,people,user			person.crop.circle.badge.questionmark	fill
person.crop.circle.badge.xmark	2019	13.0	10.15	13.0	6.0	1.0	human,multicolor	account,contact,people,user,x		person.crop.circle.fill.badge.xmark	person.crop.circle.badge.xmark	
person.crop.circle.dashed	2022.1	16.1	13.0	16.1	9.1	1.0	human	people			person.crop.circle.dashed	
person.crop.circle.dashed.circle	2023	17.0	14.0	17.0	10.0	1.0	human,variable	people		person.crop.circle.dashed.circle.fill	person.crop.circle.dashed	circle
person.crop.circle.dashed.circle.fill	2023	17.0	14.0	17.0	10.0	1.0	human,multicolor	people			person.crop.circle.dashed	circle,fill
person.crop.circle.fill	2019	13.0	10.15	13.0	6.0	1.0	human,multicolor	account,contact,people,profile,user			person.crop	circle,fill
person.crop.circle.fill.badge.checkmark	2019	13.0	10.15	13.0	6.0	1.0	human,multicolor	account,contact,people,user			person.crop.circle.fill.badge.checkmark	
person.crop.circle.fill.badge.minus	2019	13.0	10.15	13.0	6.0	1.0	human,multicolor	-,account,contact,people,remove,user			person.crop.circle.fill.badge.minus	
person.crop.circle.fill.badge.plus	2019	13.0	10.15	13.0	6.0	1.0	human,multicolor	+,account,add,contact,people,user			person.crop.circle.fill.badge.plus	
person.crop.circle.fill.badge.xmark	2019	13.0	10.15	13.0	6.0	1.0	human,multicolor	account,contact,people,user,x			person.crop.circle.fill.badge.xmark	
person.crop.rectangle	2019	13.0	10.15	13.0	6.0	1.0	human	people		person.crop.rectangle.fill	person.crop	rectangle
person.crop.rectangle.badge.plus	2022	16.0	13.0	16.0	9.0	1.0	human,multicolor	people		person.crop.rectangle.badge.plus.fill	person.crop.rectangle.badge.plus	
person.crop.rectangle.badge.plus.fill	2022	16.0	13.0	16.0	9.0	1.0	human,multicolor	people			person.crop.rectangle.badge.plus	fill
person.crop.rectangle.fill	2019	13.0	10.15	13.0	6.0	1.0	human,multicolor	people			person.crop	rectangle,fill
person.crop.rectangle.stack	2021	15.0	12.0	15.0	8.0	1.0	human			person.crop.rectangle.stack.fill	person.crop.rectangle.stack	
person.crop.rectangle.stack.fill	2021	15.0	12.0	15.0	8.0	1.0	human,multicolor				person.crop.rectangle.stack	fill
person.crop.square	2019	13.0	10.15	13.0	6.0	1.0	human	people		person.crop.square.fill	person.crop	square
person.crop.square.badge.camera	2023.1	17.1	14.1	17.1	10.1	1.0	human	people		person.crop.square.badge.camera.fill	person.crop.square.badge.camera	
person.crop.square.badge.camera.fill	2023.1	17.1	14.1	17.1	10.1	1.0	human	people			person.crop.square.badge.camera	fill
person.crop.square.badge.video	2023.1	17.1	14.1	17.1	10.1	1.0	human	people		person.crop.square.badge.video.fill	person.crop.square.badge.video	
person.crop.square.badge.video.fill	2023.1	17.1	14.1	17.1	10.1	1.0	human	people			person.crop.square.badge.video	fill
person.crop.square.fill	2019	13.0	10.15	13.0	6.0	1.0	human,multicolor	people			person.crop	square,fill
person.crop.square.filled.and.at.rectangle	2021	15.0	12.0	15.0	8.0	1.0	human	people,vcard		person.crop.square.filled.and.at.rectangle.fill	person.crop.square.filled.and.at	rectangle
person.crop.square.filled.and.at.rectangle.fill	2021	15.0	12.0	15.0	8.0	1.0	human	people,vcard			person.crop.square.filled.and.at	rectangle,fill
person.crop.square.on.square.angled	2024	18.0	15.0	18.0	11.0	2.0	human	people		person.crop.square.on.square.angled.fill	person.crop.square.on.square.angled	
person.crop.square.on.square.angled.fill	2024	18.0	15.0	18.0	11.0	2.0	human	people			person.crop.square.on.square.angled	fill
person.fill	2019	13.0	10.15	13.0	6.0	1.0	human	people,user			person	fill
person.fill.and.arrow.left.and.arrow.right.outward	2024	18.0	15.0	18.0	11.0	2.0	human	people,user			person.fill.and.arrow.left.and.arrow.right.outward	
person.fill.badge.minus	2020	14.0	11.0	14.0	7.0	1.0	human,multicolor	people,remove,user			person.fill.badge.minus	
person.fill.badge.plus	2020	14.0	11.0	14.0	7.0	1.0	human,multicolor	+,add,create,new,people,user			person.fill.badge.plus	
person.fill.checkmark	2020	14.0	11.0	14.0	7.0	1.0	human	people,user			person.fill.checkmark	
person.fill.checkmark.and.xmark	2024.3	18.4	15.4	18.4	11.4	2.4	human	people,user			person.fill.checkmark.and.xmark	
person.fill.questionmark	2020	14.0	11.0	14.0	7.0	1.0	human	people,user			person.fill.questionmark	
person.fill.turn.down	2020	14.0	11.0	14.0	7.0	1.0	human	people,user			person.fill.turn.down	
person.fill.turn.left	2020	14.0	11.0	14.0	7.0	1.0	human	people,user			person.fill.turn.left	
person.fill.turn.right	2020	14.0	11.0	14.0	7.0	1.0	human	people,user			person.fill.turn.right	
person.fill.viewfinder	2020	14.0	11.0	14.0	7.0	1.0	human	people			person.fill.viewfinder	
person.fill.xmark	2020	14.0	11.0	14.0	7.0	1.0	human	people,user			person.fill.xmark	
person.icloud	2019	13.0	10.15	13.0	6.0	1.0	connectivity,human	people	This symbol may not be modified and may only be used to refer to Apple’s iCloud service.	person.icloud.fill	person.icloud	
person.icloud.fill	2019	13.0	10.15	13.0	6.0	1.0	connectivity,human,multicolor	people	This symbol may not be modified and may only be used to refer to Apple’s iCloud service.		person.icloud	fill
person.line.dotted.person	2022	16.0	13.0	16.0	9.0	1.0	human	COVID,exposure,medical,people,physical distancing,social distancing		person.line.dotted.person.fill	person.line.dotted.person	
person.line.dotted.person.fill	2022	16.0	13.0	16.0	9.0	1.0	human	COVID,exposure,medical,people,physical distancing,social distancing			person.line.dotted.person	fill
person.number.sign.rectangle	2026	27.0	27.0	27.0	27.0	27.0	human,whatsnew	card,id,people		person.number.sign.rectangle.fill	person.number.sign	rectangle
person.number.sign.rectangle.fill	2026	27.0	27.0	27.0	27.0	27.0	human,multicolor,whatsnew	card,id,people			person.number.sign	rectangle,fill
person.slash	2023	17.0	14.0	17.0	10.0	1.0	human	people,user		person.slash.fill	person	slash
person.slash.fill	2023	17.0	14.0	17.0	10.0	1.0	human	people,user			person	slash,fill
person.spatialaudio.3d.fill	2025	26.0	26.0	26.0	26.0	26.0	human,variable	people,user	This symbol may not be modified and may only be used to refer to Apple’s Spatial Audio.		person.spatialaudio.3d	fill
person.spatialaudio.fill	2025	26.0	26.0	26.0	26.0	26.0	human,variable	people,user	This symbol may not be modified and may only be used to refer to Apple’s Spatial Audio.		person.spatialaudio	fill
person.spatialaudio.stereo.3d.fill	2025	26.0	26.0	26.0	26.0	26.0	human,variable	people,user	This symbol may not be modified and may only be used to refer to Apple’s Spatial Audio.		person.spatialaudio.stereo.3d	fill
person.spatialaudio.stereo.fill	2025	26.0	26.0	26.0	26.0	26.0	human,variable	people,user	This symbol may not be modified and may only be used to refer to Apple’s Spatial Audio.		person.spatialaudio.stereo	fill
person.text.rectangle	2021	15.0	12.0	15.0	8.0	1.0	human	card,id,people		person.text.rectangle.fill	person.text	rectangle
person.text.rectangle.badge.clock	2026	27.0	27.0	27.0	27.0	27.0	human,multicolor,whatsnew	card,id,people		person.text.rectangle.badge.clock.fill	person.text.rectangle.badge.clock	
person.text.rectangle.badge.clock.fill	2026	27.0	27.0	27.0	27.0	27.0	human,multicolor,whatsnew	card,id,people			person.text.rectangle.badge.clock	fill
person.text.rectangle.fill	2021	15.0	12.0	15.0	8.0	1.0	human,multicolor	card,id,people			person.text	rectangle,fill
person.text.rectangle.trianglebadge.exclamationmark	2025	26.0	26.0	26.0	26.0	26.0	human,multicolor	card,id,people		person.text.rectangle.trianglebadge.exclamationmark.fill	person.text.rectangle.trianglebadge.exclamationmark	
person.text.rectangle.trianglebadge.exclamationmark.fill	2025	26.0	26.0	26.0	26.0	26.0	human,multicolor	card,id,people			person.text.rectangle.trianglebadge.exclamationmark	fill
person.wave.2	2021	15.0	12.0	15.0	8.0	1.0	human,variable	people		person.wave.2.fill	person.wave.2	
person.wave.2.fill	2021	15.0	12.0	15.0	8.0	1.0	human,variable	people			person.wave.2	fill
person.wave.2.inward	2026	27.0	27.0	27.0	27.0	27.0	human,whatsnew	people		person.wave.2.inward.fill	person.wave.2.inward	
person.wave.2.inward.fill	2026	27.0	27.0	27.0	27.0	27.0	human,whatsnew	people			person.wave.2.inward	fill
personalhotspot	2019	13.0	10.15	13.0	6.0	1.0	connectivity,objectsandtools				personalhotspot	
personalhotspot.circle	2021	15.0	12.0	15.0	8.0	1.0	connectivity,objectsandtools,variable			personalhotspot.circle.fill	personalhotspot	circle
personalhotspot.circle.fill	2021	15.0	12.0	15.0	8.0	1.0	connectivity,multicolor,objectsandtools				personalhotspot	circle,fill
personalhotspot.slash	2024	18.0	15.0	18.0	11.0	2.0	connectivity,objectsandtools				personalhotspot	slash
perspective	2019	13.0	10.15	13.0	6.0	1.0	cameraandphotos,editing				perspective	
peruviansolessign	2024	18.0	15.0	18.0	11.0	2.0	commerce,indices	currencies,currency			peruviansolessign	
peruviansolessign.arrow.trianglehead.counterclockwise.rotate.90	2024	18.0	15.0	18.0	11.0	2.0	arrows,commerce				peruviansolessign.arrow.trianglehead.counterclockwise.rotate.90	
peruviansolessign.building.classical	2026	27.0	27.0	27.0	27.0	27.0	commerce,objectsandtools	currencies,currency		peruviansolessign.building.classical.fill	peruviansolessign.building.classical	
peruviansolessign.building.classical.fill	2026	27.0	27.0	27.0	27.0	27.0	commerce,multicolor,objectsandtools	currencies,currency			peruviansolessign.building.classical	fill
peruviansolessign.circle	2024	18.0	15.0	18.0	11.0	2.0	commerce,indices,variable	currencies,currency		peruviansolessign.circle.fill	peruviansolessign	circle
peruviansolessign.circle.fill	2024	18.0	15.0	18.0	11.0	2.0	commerce,indices,multicolor	currencies,currency			peruviansolessign	circle,fill
peruviansolessign.gauge.chart.lefthalf.righthalf	2024	18.0	15.0	18.0	11.0	2.0	commerce,home,variable				peruviansolessign.gauge.chart.lefthalf.righthalf	
peruviansolessign.gauge.chart.leftthird.topthird.rightthird	2024	18.0	15.0	18.0	11.0	2.0	commerce,home,variable				peruviansolessign.gauge.chart.leftthird.topthird.rightthird	
peruviansolessign.ring	2024	18.0	15.0	18.0	11.0	2.0	commerce,home				peruviansolessign.ring	
peruviansolessign.ring.dashed	2024	18.0	15.0	18.0	11.0	2.0	commerce,home,variable				peruviansolessign.ring.dashed	
peruviansolessign.square	2024	18.0	15.0	18.0	11.0	2.0	commerce,indices	currencies,currency		peruviansolessign.square.fill	peruviansolessign	square
peruviansolessign.square.fill	2024	18.0	15.0	18.0	11.0	2.0	commerce,indices,multicolor	currencies,currency			peruviansolessign	square,fill
pesetasign	2022	16.0	13.0	16.0	9.0	1.0	commerce,indices	currencies,currency			pesetasign	
pesetasign.arrow.trianglehead.counterclockwise.rotate.90	2024	18.0	15.0	18.0	11.0	2.0	arrows,commerce	currencies,currency			pesetasign.arrow.trianglehead.counterclockwise.rotate.90	
pesetasign.building.classical	2026	27.0	27.0	27.0	27.0	27.0	commerce,objectsandtools	currencies,currency		pesetasign.building.classical.fill	pesetasign.building.classical	
pesetasign.building.classical.fill	2026	27.0	27.0	27.0	27.0	27.0	commerce,multicolor,objectsandtools	currencies,currency			pesetasign.building.classical	fill
pesetasign.circle	2019	13.0	10.15	13.0	6.0	1.0	commerce,indices,variable	currencies,currency		pesetasign.circle.fill	pesetasign	circle
pesetasign.circle.fill	2019	13.0	10.15	13.0	6.0	1.0	commerce,indices,multicolor	currencies,currency			pesetasign	circle,fill
pesetasign.gauge.chart.lefthalf.righthalf	2024	18.0	15.0	18.0	11.0	2.0	commerce,home,variable				pesetasign.gauge.chart.lefthalf.righthalf	
pesetasign.gauge.chart.leftthird.topthird.rightthird	2024	18.0	15.0	18.0	11.0	2.0	commerce,home,variable				pesetasign.gauge.chart.leftthird.topthird.rightthird	
pesetasign.ring	2024	18.0	15.0	18.0	11.0	2.0	commerce,home				pesetasign.ring	
pesetasign.ring.dashed	2024	18.0	15.0	18.0	11.0	2.0	commerce,home,variable				pesetasign.ring.dashed	
pesetasign.square	2019	13.0	10.15	13.0	6.0	1.0	commerce,indices	currencies,currency		pesetasign.square.fill	pesetasign	square
pesetasign.square.fill	2019	13.0	10.15	13.0	6.0	1.0	commerce,indices,multicolor	currencies,currency			pesetasign	square,fill
pesosign	2022	16.0	13.0	16.0	9.0	1.0	commerce,indices	currencies,currency			pesosign	
pesosign.arrow.trianglehead.counterclockwise.rotate.90	2024	18.0	15.0	18.0	11.0	2.0	arrows,commerce	currencies,currency			pesosign.arrow.trianglehead.counterclockwise.rotate.90	
pesosign.building.classical	2026	27.0	27.0	27.0	27.0	27.0	commerce,objectsandtools	currencies,currency		pesosign.building.classical.fill	pesosign.building.classical	
pesosign.building.classical.fill	2026	27.0	27.0	27.0	27.0	27.0	commerce,multicolor,objectsandtools	currencies,currency			pesosign.building.classical	fill
pesosign.circle	2019	13.0	10.15	13.0	6.0	1.0	commerce,indices,variable	currencies,currency		pesosign.circle.fill	pesosign	circle
pesosign.circle.fill	2019	13.0	10.15	13.0	6.0	1.0	commerce,indices,multicolor	currencies,currency			pesosign	circle,fill
pesosign.gauge.chart.lefthalf.righthalf	2024	18.0	15.0	18.0	11.0	2.0	commerce,home,variable				pesosign.gauge.chart.lefthalf.righthalf	
pesosign.gauge.chart.leftthird.topthird.rightthird	2024	18.0	15.0	18.0	11.0	2.0	commerce,home,variable				pesosign.gauge.chart.leftthird.topthird.rightthird	
pesosign.ring	2024	18.0	15.0	18.0	11.0	2.0	commerce,home				pesosign.ring	
pesosign.ring.dashed	2024	18.0	15.0	18.0	11.0	2.0	commerce,home,variable				pesosign.ring.dashed	
pesosign.square	2019	13.0	10.15	13.0	6.0	1.0	commerce,indices	currencies,currency		pesosign.square.fill	pesosign	square
pesosign.square.fill	2019	13.0	10.15	13.0	6.0	1.0	commerce,indices,multicolor	currencies,currency			pesosign	square,fill
pet.carrier	2025	26.0	26.0	26.0	26.0	26.0	objectsandtools	luggage		pet.carrier.fill	pet.carrier	
pet.carrier.circle	2025	26.0	26.0	26.0	26.0	26.0	objectsandtools,variable	luggage		pet.carrier.circle.fill	pet.carrier	circle
pet.carrier.circle.fill	2025	26.0	26.0	26.0	26.0	26.0	multicolor,objectsandtools	luggage			pet.carrier	circle,fill
pet.carrier.fill	2025	26.0	26.0	26.0	26.0	26.0	multicolor,objectsandtools	luggage			pet.carrier	fill
phone	2019	13.0	10.15	13.0	6.0	1.0	communication,multicolor			phone.fill	phone	
phone.arrow.down.left	2019	13.0	10.15	13.0	6.0	1.0	communication			phone.arrow.down.left.fill	phone.arrow.down.left	
phone.arrow.down.left.fill	2022	16.0	13.0	16.0	9.0	1.0	communication				phone.arrow.down.left	fill
phone.arrow.right	2019	13.0	10.15	13.0	6.0	1.0	communication			phone.arrow.right.fill	phone.arrow.right	
phone.arrow.right.fill	2022	16.0	13.0	16.0	9.0	1.0	communication				phone.arrow.right	fill
phone.arrow.up.right	2019	13.0	10.15	13.0	6.0	1.0	communication			phone.arrow.up.right.fill	phone.arrow.up.right	
phone.arrow.up.right.circle	2022	16.0	13.0	16.0	9.0	1.0	communication,variable			phone.arrow.up.right.circle.fill	phone.arrow.up.right	circle
phone.arrow.up.right.circle.fill	2022	16.0	13.0	16.0	9.0	1.0	communication,multicolor				phone.arrow.up.right	circle,fill
phone.arrow.up.right.fill	2022	16.0	13.0	16.0	9.0	1.0	communication				phone.arrow.up.right	fill
phone.badge.checkmark	2022	16.0	13.0	16.0	9.0	1.0	communication,multicolor			phone.fill.badge.checkmark	phone.badge.checkmark	
phone.badge.clock	2024	18.0	15.0	18.0	11.0	2.0	communication,multicolor			phone.badge.clock.fill	phone.badge.clock	
phone.badge.clock.fill	2024	18.0	15.0	18.0	11.0	2.0	communication,multicolor				phone.badge.clock	fill
phone.badge.plus	2019	13.0	10.15	13.0	6.0	1.0	communication,multicolor	add		phone.fill.badge.plus	phone.badge.plus	
phone.badge.waveform	2023	17.0	14.0	17.0	10.0	1.0	communication,variable			phone.badge.waveform.fill	phone.badge.waveform	
phone.badge.waveform.fill	2023	17.0	14.0	17.0	10.0	1.0	communication,variable				phone.badge.waveform	fill
phone.bubble	2023	17.0	14.0	17.0	10.0	1.0	communication			phone.bubble.fill	phone.bubble	
phone.bubble.fill	2023	17.0	14.0	17.0	10.0	1.0	communication,multicolor				phone.bubble	fill
phone.circle	2019	13.0	10.15	13.0	6.0	1.0	communication,multicolor,variable			phone.circle.fill	phone	circle
phone.circle.fill	2019	13.0	10.15	13.0	6.0	1.0	communication,multicolor				phone	circle,fill
phone.connection	2020	14.0	11.0	14.0	7.0	1.0	communication			phone.connection.fill	phone.connection	
phone.connection.fill	2022	16.0	13.0	16.0	9.0	1.0	communication				phone.connection	fill
phone.down	2019	13.0	10.15	13.0	6.0	1.0	communication,multicolor			phone.down.fill	phone.down	
phone.down.circle	2019	13.0	10.15	13.0	6.0	1.0	communication,multicolor,variable			phone.down.circle.fill	phone.down	circle
phone.down.circle.fill	2019	13.0	10.15	13.0	6.0	1.0	communication,multicolor				phone.down	circle,fill
phone.down.fill	2019	13.0	10.15	13.0	6.0	1.0	communication,multicolor				phone.down	fill
phone.down.waves.left.and.right	2022	16.0	13.0	16.0	9.0	1.0	communication,variable				phone.down.waves.left.and.right	
phone.fill	2019	13.0	10.15	13.0	6.0	1.0	communication,multicolor				phone	fill
phone.fill.badge.checkmark	2022	16.0	13.0	16.0	9.0	1.0	communication,multicolor				phone.fill.badge.checkmark	
phone.fill.badge.plus	2019	13.0	10.15	13.0	6.0	1.0	communication,multicolor	add			phone.fill.badge.plus	
phone.pause	2025	26.0	26.0	26.0	26.0	26.0	communication,media			phone.pause.fill	phone.pause	
phone.pause.circle	2025	26.0	26.0	26.0	26.0	26.0	communication,media,variable			phone.pause.circle.fill	phone.pause	circle
phone.pause.circle.fill	2025	26.0	26.0	26.0	26.0	26.0	communication,media,multicolor				phone.pause	circle,fill
phone.pause.fill	2025	26.0	26.0	26.0	26.0	26.0	communication,media				phone.pause	fill
photo	2019	13.0	10.15	13.0	6.0	1.0	cameraandphotos	environment,image,mountain,photograph,picture,place,sun		photo.fill	photo	
photo.artframe	2021	15.0	12.0	15.0	8.0	1.0	objectsandtools	environment,image,mountain,photograph,picture,place,sun			photo.artframe	
photo.artframe.circle	2023	17.0	14.0	17.0	10.0	1.0	objectsandtools,variable	environment,image,mountain,photograph,picture,place,sun		photo.artframe.circle.fill	photo.artframe	circle
photo.artframe.circle.fill	2023	17.0	14.0	17.0	10.0	1.0	multicolor,objectsandtools	environment,image,mountain,photograph,picture,place,sun			photo.artframe	circle,fill
photo.badge.arrow.down	2023	17.0	14.0	17.0	10.0	1.0	cameraandphotos,multicolor	environment,image,mountain,photograph,picture,place,sun		photo.badge.arrow.down.fill	photo.badge.arrow.down	
photo.badge.arrow.down.fill	2023	17.0	14.0	17.0	10.0	1.0	cameraandphotos,multicolor	environment,image,mountain,photograph,picture,place,sun			photo.badge.arrow.down	fill
photo.badge.checkmark	2023	17.0	14.0	17.0	10.0	1.0	cameraandphotos,multicolor	environment,image,mountain,photograph,picture,place,sun		photo.badge.checkmark.fill	photo.badge.checkmark	
photo.badge.checkmark.fill	2023	17.0	14.0	17.0	10.0	1.0	cameraandphotos,multicolor	environment,image,mountain,photograph,picture,place,sun			photo.badge.checkmark	fill
photo.badge.exclamationmark	2024	18.0	15.0	18.0	11.0	2.0	cameraandphotos,multicolor	environment,image,mountain,photograph,picture,place,sun		photo.badge.exclamationmark.fill	photo.badge.exclamationmark	
photo.badge.exclamationmark.fill	2024	18.0	15.0	18.0	11.0	2.0	cameraandphotos,multicolor	environment,image,mountain,photograph,picture,place,sun			photo.badge.exclamationmark	fill
photo.badge.magnifyingglass	2024.1	18.1	15.1	18.1	11.1	2.1	cameraandphotos	environment,image,mountain,photograph,picture,place,sun		photo.badge.magnifyingglass.fill	photo.badge.magnifyingglass	
photo.badge.magnifyingglass.fill	2024.1	18.1	15.1	18.1	11.1	2.1	cameraandphotos	environment,image,mountain,photograph,picture,place,sun			photo.badge.magnifyingglass	fill
photo.badge.plus	2023	17.0	14.0	17.0	10.0	1.0	cameraandphotos,multicolor	add,environment,image,mountain,photograph,picture,place,sun		photo.badge.plus.fill	photo.badge.plus	
photo.badge.plus.fill	2023	17.0	14.0	17.0	10.0	1.0	cameraandphotos,multicolor	add,environment,image,mountain,photograph,picture,place,sun			photo.badge.plus	fill
photo.badge.questionmark	2026	27.0	27.0	27.0	27.0	27.0	cameraandphotos,multicolor,whatsnew	environment,image,mountain,photograph,picture,place,sun		photo.badge.questionmark.fill	photo.badge.questionmark	
photo.badge.questionmark.fill	2026	27.0	27.0	27.0	27.0	27.0	cameraandphotos,multicolor,whatsnew	environment,image,mountain,photograph,picture,place,sun			photo.badge.questionmark	fill
photo.badge.shield.exclamationmark	2024.3	18.4	15.4	18.4	11.4	2.4	cameraandphotos,multicolor	environment,image,mountain,photograph,picture,place,sun		photo.badge.shield.exclamationmark.fill	photo.badge.shield.exclamationmark	
photo.badge.shield.exclamationmark.fill	2024.3	18.4	15.4	18.4	11.4	2.4	cameraandphotos,multicolor	environment,image,mountain,photograph,picture,place,sun			photo.badge.shield.exclamationmark	fill
photo.circle	2021	15.0	12.0	15.0	8.0	1.0	cameraandphotos,variable	environment,image,mountain,photograph,picture,place,sun		photo.circle.fill	photo	circle
photo.circle.fill	2021	15.0	12.0	15.0	8.0	1.0	cameraandphotos,multicolor	environment,image,mountain,photograph,picture,place,sun			photo	circle,fill
photo.fill	2019	13.0	10.15	13.0	6.0	1.0	cameraandphotos	environment,image,mountain,photograph,picture,place,sun			photo	fill
photo.fill.on.rectangle.fill	2019	13.0	10.15	13.0	6.0	1.0	cameraandphotos	environment,image,mountain,photograph,picture,place,sun			photo.fill.on	rectangle,fill
photo.on.rectangle	2019	13.0	10.15	13.0	6.0	1.0	cameraandphotos	environment,image,mountain,photograph,picture,place,sun		photo.fill.on.rectangle.fill	photo.on	rectangle
photo.on.rectangle.angled	2020	14.0	11.0	14.0	7.0	1.0	cameraandphotos	environment,image,mountain,photograph,picture,place,sun		photo.on.rectangle.angled.fill	photo.on.rectangle.angled	
photo.on.rectangle.angled.fill	2024	18.0	15.0	18.0	11.0	2.0	cameraandphotos	environment,image,mountain,photograph,picture,place,sun			photo.on.rectangle.angled	fill
photo.slash	2026	27.0	27.0	27.0	27.0	27.0	cameraandphotos,whatsnew	environment,image,mountain,photograph,picture,place,sun		photo.slash.fill	photo	slash
photo.slash.fill	2026	27.0	27.0	27.0	27.0	27.0	cameraandphotos,whatsnew	environment,image,mountain,photograph,picture,place,sun			photo	slash,fill
photo.stack	2022	16.0	13.0	16.0	9.0	1.0	cameraandphotos	environment,image,mountain,photograph,picture,place,sun		photo.stack.fill	photo.stack	
photo.stack.fill	2022	16.0	13.0	16.0	9.0	1.0	cameraandphotos	environment,image,mountain,photograph,picture,place,sun			photo.stack	fill
photo.trianglebadge.exclamationmark	2024.3	18.4	15.4	18.4	11.4	2.4	cameraandphotos,multicolor	environment,image,mountain,photograph,picture,place,sun		photo.trianglebadge.exclamationmark.fill	photo.trianglebadge.exclamationmark	
photo.trianglebadge.exclamationmark.fill	2024.3	18.4	15.4	18.4	11.4	2.4	cameraandphotos,multicolor	environment,image,mountain,photograph,picture,place,sun			photo.trianglebadge.exclamationmark	fill
photo.tv	2020.1	14.2	11.0	14.2	7.1	1.0	devices	environment,image,mountain,photograph,picture,place,sun			photo.tv	
pi	2024.3	18.4	15.4	18.4	11.4	2.4	math				pi	
pi.circle	2024.3	18.4	15.4	18.4	11.4	2.4	math,variable			pi.circle.fill	pi	circle
pi.circle.fill	2024.3	18.4	15.4	18.4	11.4	2.4	math,multicolor				pi	circle,fill
pi.square	2024.3	18.4	15.4	18.4	11.4	2.4	math			pi.square.fill	pi	square
pi.square.fill	2024.3	18.4	15.4	18.4	11.4	2.4	math,multicolor				pi	square,fill
pianokeys	2020	14.0	11.0	14.0	7.0	1.0	objectsandtools				pianokeys	
pianokeys.inverse	2020	14.0	11.0	14.0	7.0	1.0	objectsandtools				pianokeys.inverse	
pill	2022	16.0	13.0	16.0	9.0	1.0	health,objectsandtools	medical		pill.fill	pill	
pill.circle	2022	16.0	13.0	16.0	9.0	1.0	health,objectsandtools,variable	medical		pill.circle.fill	pill	circle
pill.circle.fill	2022	16.0	13.0	16.0	9.0	1.0	health,multicolor,objectsandtools	medical			pill	circle,fill
pill.fill	2022	16.0	13.0	16.0	9.0	1.0	health,multicolor,objectsandtools	medical			pill	fill
pills	2020	14.0	11.0	14.0	7.0	1.0	health,objectsandtools	medical		pills.fill	pills	
pills.circle	2021	15.0	12.0	15.0	8.0	1.0	health,objectsandtools,variable	medical		pills.circle.fill	pills	circle
pills.circle.fill	2021	15.0	12.0	15.0	8.0	1.0	health,multicolor,objectsandtools	medical			pills	circle,fill
pills.fill	2020	14.0	11.0	14.0	7.0	1.0	health,multicolor,objectsandtools	medical			pills	fill
pin	2019	13.0	10.15	13.0	6.0	1.0	multicolor,objectsandtools	pin		pin.fill	pin	
pin.circle	2019.1	13.1	10.15	13.0	6.1	1.0	multicolor,objectsandtools,variable	pin		pin.circle.fill	pin	circle
pin.circle.fill	2019.1	13.1	10.15	13.0	6.1	1.0	multicolor,objectsandtools	pin			pin	circle,fill
pin.fill	2019	13.0	10.15	13.0	6.0	1.0	multicolor,objectsandtools	pin			pin	fill
pin.slash	2019	13.0	10.15	13.0	6.0	1.0	multicolor,objectsandtools	remove		pin.slash.fill	pin	slash
pin.slash.fill	2019	13.0	10.15	13.0	6.0	1.0	multicolor,objectsandtools	remove			pin	slash,fill
pin.square	2021	15.0	12.0	15.0	8.0	1.0	multicolor,objectsandtools			pin.square.fill	pin	square
pin.square.fill	2021	15.0	12.0	15.0	8.0	1.0	multicolor,objectsandtools				pin	square,fill
pip	2020	14.0	11.0	14.0	7.0	1.0				pip.fill	pip	
pip.enter	2020	14.0	11.0	14.0	7.0	1.0					pip.enter	
pip.exit	2020	14.0	11.0	14.0	7.0	1.0					pip.exit	
pip.fill	2020	14.0	11.0	14.0	7.0	1.0					pip	fill
pip.remove	2020	14.0	11.0	14.0	7.0	1.0					pip.remove	
pip.swap	2020	14.0	11.0	14.0	7.0	1.0					pip.swap	
pipe.and.drop	2022	16.0	13.0	16.0	9.0	1.0	home			pipe.and.drop.fill	pipe.and.drop	
pipe.and.drop.fill	2022	16.0	13.0	16.0	9.0	1.0	home				pipe.and.drop	fill
pizza.slice	2026	27.0	27.0	27.0	27.0	27.0	objectsandtools,whatsnew	baking,food		pizza.slice.fill	pizza.slice	
pizza.slice.fill	2026	27.0	27.0	27.0	27.0	27.0	objectsandtools,whatsnew	baking,food			pizza.slice	fill
pl.button.horizontal	2026	27.0	27.0	27.0	27.0	27.0	gaming,whatsnew			pl.button.horizontal.fill	pl.button.horizontal	
pl.button.horizontal.fill	2026	27.0	27.0	27.0	27.0	27.0	gaming,multicolor,whatsnew				pl.button.horizontal	fill
placeholdertext.fill	2020	14.0	11.0	14.0	7.0	1.0					placeholdertext	fill
platter.2.filled.ipad	2021	15.0	12.0	15.0	8.0	1.0	devices				platter.2.filled.ipad	
platter.2.filled.ipad.landscape	2021	15.0	12.0	15.0	8.0	1.0	devices				platter.2.filled.ipad.landscape	
platter.2.filled.iphone	2021	15.0	12.0	15.0	8.0	1.0	devices				platter.2.filled.iphone	
platter.2.filled.iphone.landscape	2021	15.0	12.0	15.0	8.0	1.0	devices				platter.2.filled.iphone.landscape	
platter.bottom.applewatch.case	2021	15.0	12.0	15.0	8.0	1.0	devices		This symbol may not be modified and may only be used to refer to Apple Watch.		platter.bottom.applewatch.case	
platter.filled.bottom.and.arrow.down.iphone	2021.1	15.1	12.0	15.1	8.1	1.0	devices				platter.filled.bottom.and.arrow.down.iphone	
platter.filled.bottom.applewatch.case	2021	15.0	12.0	15.0	8.0	1.0	devices		This symbol may not be modified and may only be used to refer to Apple Watch.		platter.filled.bottom.applewatch.case	
platter.filled.bottom.iphone	2021.1	15.1	12.0	15.1	8.1	1.0	devices				platter.filled.bottom.iphone	
platter.filled.top.and.arrow.up.iphone	2021.1	15.1	12.0	15.1	8.1	1.0	devices				platter.filled.top.and.arrow.up.iphone	
platter.filled.top.applewatch.case	2021	15.0	12.0	15.0	8.0	1.0	devices		This symbol may not be modified and may only be used to refer to Apple Watch.		platter.filled.top.applewatch.case	
platter.filled.top.iphone	2021.1	15.1	12.0	15.1	8.1	1.0	devices				platter.filled.top.iphone	
platter.top.applewatch.case	2021	15.0	12.0	15.0	8.0	1.0	devices		This symbol may not be modified and may only be used to refer to Apple Watch.		platter.top.applewatch.case	
play	2019	13.0	10.15	13.0	6.0	1.0	media			play.fill	play	
play.bubble	2026	27.0	27.0	27.0	27.0	27.0	communication,whatsnew			play.bubble.fill	play.bubble	
play.bubble.fill	2026	27.0	27.0	27.0	27.0	27.0	communication,multicolor,whatsnew				play.bubble	fill
play.circle	2019	13.0	10.15	13.0	6.0	1.0	media,variable			play.circle.fill	play	circle
play.circle.fill	2019	13.0	10.15	13.0	6.0	1.0	media,multicolor				play	circle,fill
play.desktopcomputer	2022	16.0	13.0	16.0	9.0	1.0	devices	imac			play.desktopcomputer	
play.diamond	2025	26.0	26.0	26.0	26.0	26.0	media			play.diamond.fill	play.diamond	
play.diamond.fill	2025	26.0	26.0	26.0	26.0	26.0	media,multicolor				play.diamond	fill
play.display	2022	16.0	13.0	16.0	9.0	1.0	devices				play.display	
play.fill	2019	13.0	10.15	13.0	6.0	1.0	media				play	fill
play.house	2023	17.0	14.0	17.0	10.0	1.0	media	home,house		play.house.fill	play.house	
play.house.fill	2023	17.0	14.0	17.0	10.0	1.0	media,multicolor	home,house			play.house	fill
play.laptopcomputer	2022	16.0	13.0	16.0	9.0	1.0	devices				play.laptopcomputer	
play.rectangle	2019	13.0	10.15	13.0	6.0	1.0	media	slideshow		play.rectangle.fill	play	rectangle
play.rectangle.fill	2019	13.0	10.15	13.0	6.0	1.0	media,multicolor	slideshow			play	rectangle,fill
play.rectangle.on.rectangle	2021	15.0	12.0	15.0	8.0	1.0				play.rectangle.on.rectangle.fill	play.rectangle.on	rectangle
play.rectangle.on.rectangle.circle	2021	15.0	12.0	15.0	8.0	1.0	variable			play.rectangle.on.rectangle.circle.fill	play.rectangle.on	rectangle,circle
play.rectangle.on.rectangle.circle.fill	2021	15.0	12.0	15.0	8.0	1.0	multicolor				play.rectangle.on	rectangle,circle,fill
play.rectangle.on.rectangle.fill	2021	15.0	12.0	15.0	8.0	1.0					play.rectangle.on	rectangle,fill
play.slash	2020	14.0	11.0	14.0	7.0	1.0	media	remove		play.slash.fill	play	slash
play.slash.fill	2020	14.0	11.0	14.0	7.0	1.0	media	remove			play	slash,fill
play.square	2021	15.0	12.0	15.0	8.0	1.0	media			play.square.fill	play	square
play.square.fill	2021	15.0	12.0	15.0	8.0	1.0	media,multicolor				play	square,fill
play.square.stack	2022.1	16.1	13.0	16.1	9.1	1.0	media			play.square.stack.fill	play.square.stack	
play.square.stack.fill	2022.1	16.1	13.0	16.1	9.1	1.0	media,multicolor				play.square.stack	fill
play.tv	2020.1	14.2	11.0	14.2	7.1	1.0	devices			play.tv.fill	play.tv	
play.tv.fill	2020.1	14.2	11.0	14.2	7.1	1.0	devices				play.tv	fill
playpause	2019	13.0	10.15	13.0	6.0	1.0	media			playpause.fill	playpause	
playpause.circle	2022	16.0	13.0	16.0	9.0	1.0	media,variable			playpause.circle.fill	playpause	circle
playpause.circle.fill	2022	16.0	13.0	16.0	9.0	1.0	media,multicolor				playpause	circle,fill
playpause.fill	2019	13.0	10.15	13.0	6.0	1.0	media				playpause	fill
playstation.logo	2022	16.0	13.0	16.0	9.0	1.0	gaming		This symbol may not be modified and may only be used to refer to Sony’s PlayStation.		playstation.logo	
plus	2019	13.0	10.15	13.0	6.0	1.0	gaming,math,multicolor	+,add,create,increase,new,plus			plus	
plus.app	2019	13.0	10.15	13.0	6.0	1.0		add		plus.app.fill	plus.app	
plus.app.fill	2019	13.0	10.15	13.0	6.0	1.0	multicolor	add			plus.app	fill
plus.arrow.trianglehead.clockwise	2024	18.0	15.0	18.0	11.0	2.0	arrows,media	+,add			plus.arrow.trianglehead.clockwise	
plus.arrow.trianglehead.counterclockwise	2025	26.0	26.0	26.0	26.0	26.0	arrows,media				plus.arrow.trianglehead.counterclockwise	
plus.bubble	2019	13.0	10.15	13.0	6.0	1.0	communication	add		plus.bubble.fill	plus.bubble	
plus.bubble.fill	2019	13.0	10.15	13.0	6.0	1.0	communication,multicolor	add			plus.bubble	fill
plus.capsule	2025	26.0	26.0	26.0	26.0	26.0				plus.capsule.fill	plus.capsule	
plus.capsule.fill	2025	26.0	26.0	26.0	26.0	26.0	multicolor				plus.capsule	fill
plus.circle	2019	13.0	10.15	13.0	6.0	1.0	gaming,math,multicolor,variable	+,add,create,increase,new,plus		plus.circle.fill	plus	circle
plus.circle.dashed	2023.3	17.4	14.4	17.4	10.4	1.1					plus.circle.dashed	
plus.circle.fill	2019	13.0	10.15	13.0	6.0	1.0	gaming,math,multicolor	+,add,create,increase,new,plus			plus	circle,fill
plus.diamond	2020	14.0	11.0	14.0	7.0	1.0	multicolor	+,add,create,new		plus.diamond.fill	plus.diamond	
plus.diamond.fill	2020	14.0	11.0	14.0	7.0	1.0	multicolor	+,add,create,new			plus.diamond	fill
plus.forwardslash.minus	2021	15.0	12.0	15.0	8.0	1.0	math	add,remove			plus.forwardslash.minus	
plus.magnifyingglass	2019	13.0	10.15	13.0	6.0	1.0	accessibility,objectsandtools	+,search,zoom in			plus.magnifyingglass	
plus.message	2020	14.0	11.0	14.0	7.0	1.0	communication	add	This symbol may not be modified and may only be used to refer to Apple’s Messages app.	plus.message.fill	plus.message	
plus.message.fill	2020	14.0	11.0	14.0	7.0	1.0	communication,multicolor	add	This symbol may not be modified and may only be used to refer to Apple’s Messages app.		plus.message	fill
plus.minus.capsule	2024.3	18.4	15.4	18.4	11.4	2.4				plus.minus.capsule.fill	plus.minus.capsule	
plus.minus.capsule.fill	2024.3	18.4	15.4	18.4	11.4	2.4	multicolor				plus.minus.capsule	fill
plus.rectangle	2019	13.0	10.15	13.0	6.0	1.0	math,multicolor	+,add,create,increase,new,plus		plus.rectangle.fill	plus	rectangle
plus.rectangle.fill	2019	13.0	10.15	13.0	6.0	1.0	math,multicolor	+,add,create,increase,new,plus			plus	rectangle,fill
plus.rectangle.fill.on.rectangle.fill	2019	13.0	10.15	13.0	6.0	1.0		add			plus.rectangle.fill.on	rectangle,fill
plus.rectangle.on.folder	2020	14.0	11.0	14.0	7.0	1.0	objectsandtools	add		plus.rectangle.on.folder.fill	plus.rectangle.on.folder	
plus.rectangle.on.folder.fill	2021	15.0	12.0	15.0	8.0	1.0	objectsandtools	add			plus.rectangle.on.folder	fill
plus.rectangle.on.rectangle	2019	13.0	10.15	13.0	6.0	1.0		add		plus.rectangle.fill.on.rectangle.fill	plus.rectangle.on	rectangle
plus.rectangle.portrait	2020	14.0	11.0	14.0	7.0	1.0	multicolor	+,add		plus.rectangle.portrait.fill	plus.rectangle.portrait	
plus.rectangle.portrait.fill	2020	14.0	11.0	14.0	7.0	1.0	multicolor	+,add			plus.rectangle.portrait	fill
plus.square	2019	13.0	10.15	13.0	6.0	1.0	math,multicolor	+,add,create,increase,new,plus		plus.square.fill	plus	square
plus.square.dashed	2021	15.0	12.0	15.0	8.0	1.0					plus.square.dashed	
plus.square.fill	2019	13.0	10.15	13.0	6.0	1.0	math,multicolor	+,add,create,increase,new,plus			plus	square,fill
plus.square.fill.on.square.fill	2019	13.0	10.15	13.0	6.0	1.0		add,duplicate			plus.square.fill.on	square,fill
plus.square.on.square	2019	13.0	10.15	13.0	6.0	1.0		add,duplicate		plus.square.fill.on.square.fill	plus.square.on	square
plus.viewfinder	2020	14.0	11.0	14.0	7.0	1.0	cameraandphotos	add			plus.viewfinder	
plusminus	2019	13.0	10.15	13.0	6.0	1.0	cameraandphotos,math	add,remove			plusminus	
plusminus.circle	2019	13.0	10.15	13.0	6.0	1.0	cameraandphotos,math,variable	add,remove		plusminus.circle.fill	plusminus	circle
plusminus.circle.fill	2019	13.0	10.15	13.0	6.0	1.0	cameraandphotos,math,multicolor	add,remove			plusminus	circle,fill
point.3.connected.trianglepath.dotted	2021	15.0	12.0	15.0	8.0	1.0	multicolor			point.3.filled.connected.trianglepath.dotted	point.3.connected.trianglepath.dotted	
point.3.filled.connected.trianglepath.dotted	2021	15.0	12.0	15.0	8.0	1.0	multicolor				point.3.filled.connected.trianglepath.dotted	
point.bottomleft.filled.forward.to.point.topright.scurvepath	2023	17.0	14.0	17.0	10.0	1.0	maps	activities,path,trail			point.bottomleft.filled.forward.to.point.topright.scurvepath	
point.bottomleft.forward.to.arrow.triangle.scurvepath	2024	18.0	15.0	18.0	11.0	2.0	maps	activities,out and back,path,switchback,trail		point.bottomleft.forward.to.arrow.triangle.scurvepath.fill	point.bottomleft.forward.to.arrow.triangle.scurvepath	
point.bottomleft.forward.to.arrow.triangle.scurvepath.fill	2024	18.0	15.0	18.0	11.0	2.0	maps	activities,out and back,path,switchback,trail			point.bottomleft.forward.to.arrow.triangle.scurvepath	fill
point.bottomleft.forward.to.arrow.triangle.uturn.scurvepath	2024	18.0	15.0	18.0	11.0	2.0	maps	activities,out and back,path,switchback,trail		point.bottomleft.forward.to.arrow.triangle.uturn.scurvepath.fill	point.bottomleft.forward.to.arrow.triangle.uturn.scurvepath	
point.bottomleft.forward.to.arrow.triangle.uturn.scurvepath.fill	2024	18.0	15.0	18.0	11.0	2.0	maps	activities,out and back,path,switchback,trail			point.bottomleft.forward.to.arrow.triangle.uturn.scurvepath	fill
point.bottomleft.forward.to.point.topright.filled.scurvepath	2023	17.0	14.0	17.0	10.0	1.0	maps	activities,path,trail			point.bottomleft.forward.to.point.topright.filled.scurvepath	
point.bottomleft.forward.to.point.topright.scurvepath	2023	17.0	14.0	17.0	10.0	1.0	maps	activities,path,trail		point.bottomleft.forward.to.point.topright.scurvepath.fill	point.bottomleft.forward.to.point.topright.scurvepath	
point.bottomleft.forward.to.point.topright.scurvepath.fill	2023	17.0	14.0	17.0	10.0	1.0	maps	activities,path,trail			point.bottomleft.forward.to.point.topright.scurvepath	fill
point.forward.to.point.capsulepath	2023	17.0	14.0	17.0	10.0	1.0	maps	activities,loop,path,trail		point.forward.to.point.capsulepath.fill	point.forward.to.point.capsulepath	
point.forward.to.point.capsulepath.fill	2023	17.0	14.0	17.0	10.0	1.0	maps	activities,loop,path,trail			point.forward.to.point.capsulepath	fill
point.topleft.down.to.point.bottomright.curvepath	2023	17.0	14.0	17.0	10.0	1.0	maps	activities,path,trail		point.topleft.down.to.point.bottomright.curvepath.fill	point.topleft.down.to.point.bottomright.curvepath	
point.topleft.down.to.point.bottomright.curvepath.fill	2023	17.0	14.0	17.0	10.0	1.0	maps	activities,path,trail			point.topleft.down.to.point.bottomright.curvepath	fill
point.topleft.down.to.point.bottomright.filled.curvepath	2023	17.0	14.0	17.0	10.0	1.0	maps	activities,path,trail			point.topleft.down.to.point.bottomright.filled.curvepath	
point.topleft.filled.down.to.point.bottomright.curvepath	2023	17.0	14.0	17.0	10.0	1.0	maps	activities,path,trail			point.topleft.filled.down.to.point.bottomright.curvepath	
point.topright.arrow.triangle.backward.to.point.bottomleft.filled.scurvepath	2024	18.0	15.0	18.0	11.0	2.0	maps	activities,out and back,path,switchback,trail			point.topright.arrow.triangle.backward.to.point.bottomleft.filled.scurvepath	
point.topright.arrow.triangle.backward.to.point.bottomleft.scurvepath	2024	18.0	15.0	18.0	11.0	2.0	maps	activities,out and back,path,switchback,trail		point.topright.arrow.triangle.backward.to.point.bottomleft.scurvepath.fill	point.topright.arrow.triangle.backward.to.point.bottomleft.scurvepath	
point.topright.arrow.triangle.backward.to.point.bottomleft.scurvepath.fill	2024	18.0	15.0	18.0	11.0	2.0	maps	activities,out and back,path,switchback,trail			point.topright.arrow.triangle.backward.to.point.bottomleft.scurvepath	fill
point.topright.filled.arrow.triangle.backward.to.point.bottomleft.scurvepath	2024	18.0	15.0	18.0	11.0	2.0	maps	activities,out and back,path,switchback,trail			point.topright.filled.arrow.triangle.backward.to.point.bottomleft.scurvepath	
pointer.arrow	2025	26.0	26.0	26.0	26.0	26.0		cursor			pointer.arrow	
pointer.arrow.and.square.on.square.dashed	2025	26.0	26.0	26.0	26.0	26.0	accessibility	cursor			pointer.arrow.and.square.on.square.dashed	
pointer.arrow.click	2025	26.0	26.0	26.0	26.0	26.0	accessibility	cursor			pointer.arrow.click	
pointer.arrow.click.2	2025	26.0	26.0	26.0	26.0	26.0	accessibility,variable	cursor			pointer.arrow.click.2	
pointer.arrow.click.badge.clock	2025	26.0	26.0	26.0	26.0	26.0	accessibility,multicolor	cursor			pointer.arrow.click.badge.clock	
pointer.arrow.ipad	2025	26.0	26.0	26.0	26.0	26.0		cursor			pointer.arrow.ipad	
pointer.arrow.ipad.and.square.on.square.dashed	2025	26.0	26.0	26.0	26.0	26.0	accessibility	cursor			pointer.arrow.ipad.and.square.on.square.dashed	
pointer.arrow.ipad.rays	2025	26.0	26.0	26.0	26.0	26.0	accessibility	cursor,light			pointer.arrow.ipad.rays	
pointer.arrow.ipad.slash	2025	26.0	26.0	26.0	26.0	26.0		cursor			pointer.arrow.ipad	slash
pointer.arrow.ipad.slash.square	2025	26.0	26.0	26.0	26.0	26.0		cursor		pointer.arrow.ipad.slash.square.fill	pointer.arrow.ipad	slash,square
pointer.arrow.ipad.slash.square.fill	2025	26.0	26.0	26.0	26.0	26.0	multicolor	cursor			pointer.arrow.ipad	slash,square,fill
pointer.arrow.ipad.square	2025	26.0	26.0	26.0	26.0	26.0		cursor		pointer.arrow.ipad.square.fill	pointer.arrow.ipad	square
pointer.arrow.ipad.square.fill	2025	26.0	26.0	26.0	26.0	26.0	multicolor	cursor			pointer.arrow.ipad	square,fill
pointer.arrow.motionlines	2025	26.0	26.0	26.0	26.0	26.0	accessibility	cursor			pointer.arrow.motionlines	
pointer.arrow.motionlines.click	2025	26.0	26.0	26.0	26.0	26.0	accessibility	cursor			pointer.arrow.motionlines.click	
pointer.arrow.rays	2025	26.0	26.0	26.0	26.0	26.0	accessibility	cursor,light			pointer.arrow.rays	
pointer.arrow.slash	2025	26.0	26.0	26.0	26.0	26.0		cursor			pointer.arrow	slash
pointer.arrow.slash.square	2025	26.0	26.0	26.0	26.0	26.0		cursor		pointer.arrow.slash.square.fill	pointer.arrow	slash,square
pointer.arrow.slash.square.fill	2025	26.0	26.0	26.0	26.0	26.0	multicolor	cursor			pointer.arrow	slash,square,fill
pointer.arrow.square	2025	26.0	26.0	26.0	26.0	26.0		cursor		pointer.arrow.square.fill	pointer.arrow	square
pointer.arrow.square.fill	2025	26.0	26.0	26.0	26.0	26.0	multicolor	cursor			pointer.arrow	square,fill
polishzlotysign	2023	17.0	14.0	17.0	10.0	1.0	commerce,indices	currencies,currency			polishzlotysign	
polishzlotysign.arrow.trianglehead.counterclockwise.rotate.90	2024	18.0	15.0	18.0	11.0	2.0	arrows,commerce	currencies,currency			polishzlotysign.arrow.trianglehead.counterclockwise.rotate.90	
polishzlotysign.building.classical	2026	27.0	27.0	27.0	27.0	27.0	commerce,objectsandtools	currencies,currency		polishzlotysign.building.classical.fill	polishzlotysign.building.classical	
polishzlotysign.building.classical.fill	2026	27.0	27.0	27.0	27.0	27.0	commerce,multicolor,objectsandtools	currencies,currency			polishzlotysign.building.classical	fill
polishzlotysign.circle	2023	17.0	14.0	17.0	10.0	1.0	commerce,indices,variable	currencies,currency		polishzlotysign.circle.fill	polishzlotysign	circle
polishzlotysign.circle.fill	2023	17.0	14.0	17.0	10.0	1.0	commerce,indices,multicolor	currencies,currency			polishzlotysign	circle,fill
polishzlotysign.gauge.chart.lefthalf.righthalf	2024	18.0	15.0	18.0	11.0	2.0	commerce,home,variable				polishzlotysign.gauge.chart.lefthalf.righthalf	
polishzlotysign.gauge.chart.leftthird.topthird.rightthird	2024	18.0	15.0	18.0	11.0	2.0	commerce,home,variable				polishzlotysign.gauge.chart.leftthird.topthird.rightthird	
polishzlotysign.ring	2024	18.0	15.0	18.0	11.0	2.0	commerce,home				polishzlotysign.ring	
polishzlotysign.ring.dashed	2024	18.0	15.0	18.0	11.0	2.0	commerce,home,variable				polishzlotysign.ring.dashed	
polishzlotysign.square	2023	17.0	14.0	17.0	10.0	1.0	commerce,indices	currencies,currency		polishzlotysign.square.fill	polishzlotysign	square
polishzlotysign.square.fill	2023	17.0	14.0	17.0	10.0	1.0	commerce,indices,multicolor	currencies,currency			polishzlotysign	square,fill
popcorn	2022	16.0	13.0	16.0	9.0	1.0	home,objectsandtools	movie		popcorn.fill	popcorn	
popcorn.circle	2022	16.0	13.0	16.0	9.0	1.0	home,objectsandtools,variable	movie		popcorn.circle.fill	popcorn	circle
popcorn.circle.fill	2022	16.0	13.0	16.0	9.0	1.0	home,multicolor,objectsandtools	movie			popcorn	circle,fill
popcorn.fill	2022	16.0	13.0	16.0	9.0	1.0	home,objectsandtools	movie			popcorn	fill
power	2019	13.0	10.15	13.0	6.0	1.0	keyboard				power	
power.circle	2021	15.0	12.0	15.0	8.0	1.0	keyboard,variable			power.circle.fill	power	circle
power.circle.fill	2021	15.0	12.0	15.0	8.0	1.0	keyboard,multicolor				power	circle,fill
power.dotted	2021	15.0	12.0	15.0	8.0	1.0	keyboard				power.dotted	
powercord	2023	17.0	14.0	17.0	10.0	1.0	automotive,objectsandtools			powercord.fill	powercord	
powercord.fill	2023	17.0	14.0	17.0	10.0	1.0	automotive,objectsandtools				powercord	fill
powermeter	2024	18.0	15.0	18.0	11.0	2.0	automotive				powermeter	
poweroff	2020	14.0	11.0	14.0	7.0	1.0					poweroff	
poweron	2020	14.0	11.0	14.0	7.0	1.0					poweron	
poweroutlet.strip	2022	16.0	13.0	16.0	9.0	1.0	home,objectsandtools			poweroutlet.strip.fill	poweroutlet.strip	
poweroutlet.strip.fill	2022	16.0	13.0	16.0	9.0	1.0	home,objectsandtools				poweroutlet.strip	fill
poweroutlet.type.a	2022	16.0	13.0	16.0	9.0	1.0	home	canada,japan,mexico,united states of america,usa		poweroutlet.type.a.fill	poweroutlet.type.a	
poweroutlet.type.a.fill	2022	16.0	13.0	16.0	9.0	1.0	home	canada,japan,mexico,united states of america,usa			poweroutlet.type.a	fill
poweroutlet.type.a.square	2022	16.0	13.0	16.0	9.0	1.0	home	canada,japan,mexico,united states of america,usa		poweroutlet.type.a.square.fill	poweroutlet.type.a	square
poweroutlet.type.a.square.fill	2022	16.0	13.0	16.0	9.0	1.0	home,multicolor	canada,japan,mexico,united states of america,usa			poweroutlet.type.a	square,fill
poweroutlet.type.b	2022	16.0	13.0	16.0	9.0	1.0	home	canada,japan,mexico,united states of america,usa		poweroutlet.type.b.fill	poweroutlet.type.b	
poweroutlet.type.b.fill	2022	16.0	13.0	16.0	9.0	1.0	home	canada,japan,mexico,united states of america,usa			poweroutlet.type.b	fill
poweroutlet.type.b.square	2022	16.0	13.0	16.0	9.0	1.0	home	canada,japan,mexico,united states of america,usa		poweroutlet.type.b.square.fill	poweroutlet.type.b	square
poweroutlet.type.b.square.fill	2022	16.0	13.0	16.0	9.0	1.0	home,multicolor	canada,japan,mexico,united states of america,usa			poweroutlet.type.b	square,fill
poweroutlet.type.c	2022	16.0	13.0	16.0	9.0	1.0	home	asia,europe,south america		poweroutlet.type.c.fill	poweroutlet.type.c	
poweroutlet.type.c.fill	2022	16.0	13.0	16.0	9.0	1.0	home	asia,europe,south america			poweroutlet.type.c	fill
poweroutlet.type.c.square	2022	16.0	13.0	16.0	9.0	1.0	home	asia,europe,south america		poweroutlet.type.c.square.fill	poweroutlet.type.c	square
poweroutlet.type.c.square.fill	2022	16.0	13.0	16.0	9.0	1.0	home,multicolor	asia,europe,south america			poweroutlet.type.c	square,fill
poweroutlet.type.d	2022	16.0	13.0	16.0	9.0	1.0	home	india		poweroutlet.type.d.fill	poweroutlet.type.d	
poweroutlet.type.d.fill	2022	16.0	13.0	16.0	9.0	1.0	home	india			poweroutlet.type.d	fill
poweroutlet.type.d.square	2022	16.0	13.0	16.0	9.0	1.0	home	india		poweroutlet.type.d.square.fill	poweroutlet.type.d	square
poweroutlet.type.d.square.fill	2022	16.0	13.0	16.0	9.0	1.0	home,multicolor	india			poweroutlet.type.d	square,fill
poweroutlet.type.e	2022	16.0	13.0	16.0	9.0	1.0	home	belgium,czechia,france,poland,slovakia		poweroutlet.type.e.fill	poweroutlet.type.e	
poweroutlet.type.e.fill	2022	16.0	13.0	16.0	9.0	1.0	home	belgium,czechia,france,poland,slovakia			poweroutlet.type.e	fill
poweroutlet.type.e.square	2022	16.0	13.0	16.0	9.0	1.0	home	belgium,czechia,france,poland,slovakia		poweroutlet.type.e.square.fill	poweroutlet.type.e	square
poweroutlet.type.e.square.fill	2022	16.0	13.0	16.0	9.0	1.0	home,multicolor	belgium,czechia,france,poland,slovakia			poweroutlet.type.e	square,fill
poweroutlet.type.f	2022	16.0	13.0	16.0	9.0	1.0	home	europe,russia		poweroutlet.type.f.fill	poweroutlet.type.f	
poweroutlet.type.f.fill	2022	16.0	13.0	16.0	9.0	1.0	home	europe,russia			poweroutlet.type.f	fill
poweroutlet.type.f.square	2022	16.0	13.0	16.0	9.0	1.0	home	europe,russia		poweroutlet.type.f.square.fill	poweroutlet.type.f	square
poweroutlet.type.f.square.fill	2022	16.0	13.0	16.0	9.0	1.0	home,multicolor	europe,russia			poweroutlet.type.f	square,fill
poweroutlet.type.g	2022	16.0	13.0	16.0	9.0	1.0	home	ireland,malaysia,malta,singapore,uk,united kingdom		poweroutlet.type.g.fill	poweroutlet.type.g	
poweroutlet.type.g.fill	2022	16.0	13.0	16.0	9.0	1.0	home	ireland,malaysia,malta,singapore,uk,united kingdom			poweroutlet.type.g	fill
poweroutlet.type.g.square	2022	16.0	13.0	16.0	9.0	1.0	home	ireland,malaysia,malta,singapore,uk,united kingdom		poweroutlet.type.g.square.fill	poweroutlet.type.g	square
poweroutlet.type.g.square.fill	2022	16.0	13.0	16.0	9.0	1.0	home,multicolor	ireland,malaysia,malta,singapore,uk,united kingdom			poweroutlet.type.g	square,fill
poweroutlet.type.h	2022	16.0	13.0	16.0	9.0	1.0	home	gaza strip,israel,west bank		poweroutlet.type.h.fill	poweroutlet.type.h	
poweroutlet.type.h.fill	2022	16.0	13.0	16.0	9.0	1.0	home	gaza strip,israel,west bank			poweroutlet.type.h	fill
poweroutlet.type.h.square	2022	16.0	13.0	16.0	9.0	1.0	home	gaza strip,israel,west bank		poweroutlet.type.h.square.fill	poweroutlet.type.h	square
poweroutlet.type.h.square.fill	2022	16.0	13.0	16.0	9.0	1.0	home,multicolor	gaza strip,israel,west bank			poweroutlet.type.h	square,fill
poweroutlet.type.i	2022	16.0	13.0	16.0	9.0	1.0	home	argentina,australia,china,new zealand		poweroutlet.type.i.fill	poweroutlet.type.i	
poweroutlet.type.i.fill	2022	16.0	13.0	16.0	9.0	1.0	home	argentina,australia,china,new zealand			poweroutlet.type.i	fill
poweroutlet.type.i.square	2022	16.0	13.0	16.0	9.0	1.0	home	argentina,australia,china,new zealand		poweroutlet.type.i.square.fill	poweroutlet.type.i	square
poweroutlet.type.i.square.fill	2022	16.0	13.0	16.0	9.0	1.0	home,multicolor	argentina,australia,china,new zealand			poweroutlet.type.i	square,fill
poweroutlet.type.j	2022	16.0	13.0	16.0	9.0	1.0	home	liechtenstein,switzerland		poweroutlet.type.j.fill	poweroutlet.type.j	
poweroutlet.type.j.fill	2022	16.0	13.0	16.0	9.0	1.0	home	liechtenstein,switzerland			poweroutlet.type.j	fill
poweroutlet.type.j.square	2022	16.0	13.0	16.0	9.0	1.0	home	liechtenstein,switzerland		poweroutlet.type.j.square.fill	poweroutlet.type.j	square
poweroutlet.type.j.square.fill	2022	16.0	13.0	16.0	9.0	1.0	home,multicolor	liechtenstein,switzerland			poweroutlet.type.j	square,fill
poweroutlet.type.k	2022	16.0	13.0	16.0	9.0	1.0	home	denmark,greenland		poweroutlet.type.k.fill	poweroutlet.type.k	
poweroutlet.type.k.fill	2022	16.0	13.0	16.0	9.0	1.0	home	denmark,greenland			poweroutlet.type.k	fill
poweroutlet.type.k.square	2022	16.0	13.0	16.0	9.0	1.0	home	denmark,greenland		poweroutlet.type.k.square.fill	poweroutlet.type.k	square
poweroutlet.type.k.square.fill	2022	16.0	13.0	16.0	9.0	1.0	home,multicolor	denmark,greenland			poweroutlet.type.k	square,fill
poweroutlet.type.l	2022	16.0	13.0	16.0	9.0	1.0	home	chile,italy		poweroutlet.type.l.fill	poweroutlet.type.l	
poweroutlet.type.l.fill	2022	16.0	13.0	16.0	9.0	1.0	home	chile,italy			poweroutlet.type.l	fill
poweroutlet.type.l.square	2022	16.0	13.0	16.0	9.0	1.0	home	chile,italy		poweroutlet.type.l.square.fill	poweroutlet.type.l	square
poweroutlet.type.l.square.fill	2022	16.0	13.0	16.0	9.0	1.0	home,multicolor	chile,italy			poweroutlet.type.l	square,fill
poweroutlet.type.m	2022	16.0	13.0	16.0	9.0	1.0	home	south africa		poweroutlet.type.m.fill	poweroutlet.type.m	
poweroutlet.type.m.fill	2022	16.0	13.0	16.0	9.0	1.0	home	south africa			poweroutlet.type.m	fill
poweroutlet.type.m.square	2022	16.0	13.0	16.0	9.0	1.0	home	south africa		poweroutlet.type.m.square.fill	poweroutlet.type.m	square
poweroutlet.type.m.square.fill	2022	16.0	13.0	16.0	9.0	1.0	home,multicolor	south africa			poweroutlet.type.m	square,fill
poweroutlet.type.n	2022	16.0	13.0	16.0	9.0	1.0	home	brazil,south africa		poweroutlet.type.n.fill	poweroutlet.type.n	
poweroutlet.type.n.fill	2022	16.0	13.0	16.0	9.0	1.0	home	brazil,south africa			poweroutlet.type.n	fill
poweroutlet.type.n.square	2022	16.0	13.0	16.0	9.0	1.0	home	brazil,south africa		poweroutlet.type.n.square.fill	poweroutlet.type.n	square
poweroutlet.type.n.square.fill	2022	16.0	13.0	16.0	9.0	1.0	home,multicolor	brazil,south africa			poweroutlet.type.n	square,fill
poweroutlet.type.o	2022	16.0	13.0	16.0	9.0	1.0	home	thailand		poweroutlet.type.o.fill	poweroutlet.type.o	
poweroutlet.type.o.fill	2022	16.0	13.0	16.0	9.0	1.0	home	thailand			poweroutlet.type.o	fill
poweroutlet.type.o.square	2022	16.0	13.0	16.0	9.0	1.0	home	thailand		poweroutlet.type.o.square.fill	poweroutlet.type.o	square
poweroutlet.type.o.square.fill	2022	16.0	13.0	16.0	9.0	1.0	home,multicolor	thailand			poweroutlet.type.o	square,fill
powerplug	2021	15.0	12.0	15.0	8.0	1.0	objectsandtools			powerplug.fill	powerplug	
powerplug.fill	2021	15.0	12.0	15.0	8.0	1.0	objectsandtools				powerplug	fill
powerplug.portrait	2024	18.0	15.0	18.0	11.0	2.0	objectsandtools			powerplug.portrait.fill	powerplug.portrait	
powerplug.portrait.fill	2024	18.0	15.0	18.0	11.0	2.0	objectsandtools				powerplug.portrait	fill
powersleep	2020	14.0	11.0	14.0	7.0	1.0					powersleep	
pr.button.horizontal	2026	27.0	27.0	27.0	27.0	27.0	gaming,whatsnew			pr.button.horizontal.fill	pr.button.horizontal	
pr.button.horizontal.fill	2026	27.0	27.0	27.0	27.0	27.0	gaming,multicolor,whatsnew				pr.button.horizontal	fill
printer	2019	13.0	10.15	13.0	6.0	1.0	devices,objectsandtools	mail,print		printer.fill	printer	
printer.dotmatrix	2020	14.0	11.0	14.0	7.0	1.0	devices,objectsandtools			printer.dotmatrix.fill	printer.dotmatrix	
printer.dotmatrix.fill	2020	14.0	11.0	14.0	7.0	1.0	devices,objectsandtools				printer.dotmatrix	fill
printer.dotmatrix.filled.and.paper	2021	15.0	12.0	15.0	8.0	1.0	devices,objectsandtools				printer.dotmatrix.filled.and.paper	
printer.dotmatrix.filled.and.paper.inverse	2024	18.0	15.0	18.0	11.0	2.0	devices,objectsandtools				printer.dotmatrix.filled.and.paper.inverse	
printer.dotmatrix.inverse	2024	18.0	15.0	18.0	11.0	2.0	devices,objectsandtools				printer.dotmatrix.inverse	
printer.fill	2019	13.0	10.15	13.0	6.0	1.0	devices,objectsandtools	mail,print			printer	fill
printer.filled.and.paper	2021	15.0	12.0	15.0	8.0	1.0	devices,objectsandtools				printer.filled.and.paper	
printer.filled.and.paper.inverse	2024	18.0	15.0	18.0	11.0	2.0	devices,objectsandtools				printer.filled.and.paper.inverse	
printer.inverse	2024	18.0	15.0	18.0	11.0	2.0	devices,objectsandtools	mail			printer.inverse	
progress.indicator	2024	18.0	15.0	18.0	11.0	2.0	variable				progress.indicator	
projective	2019	13.0	10.15	13.0	6.0	1.0	keyboard	enter			projective	
purchased	2019	13.0	10.15	13.0	6.0	1.0					purchased	
purchased.circle	2019	13.0	10.15	13.0	6.0	1.0	variable			purchased.circle.fill	purchased	circle
purchased.circle.fill	2019	13.0	10.15	13.0	6.0	1.0	multicolor				purchased	circle,fill
puzzlepiece	2020	14.0	11.0	14.0	7.0	1.0	objectsandtools			puzzlepiece.fill	puzzlepiece	
puzzlepiece.extension	2021	15.0	12.0	15.0	8.0	1.0	objectsandtools			puzzlepiece.extension.fill	puzzlepiece.extension	
puzzlepiece.extension.fill	2021	15.0	12.0	15.0	8.0	1.0	objectsandtools				puzzlepiece.extension	fill
puzzlepiece.fill	2020	14.0	11.0	14.0	7.0	1.0	objectsandtools				puzzlepiece	fill
pyramid	2020	14.0	11.0	14.0	7.0	1.0				pyramid.fill	pyramid	
pyramid.fill	2020	14.0	11.0	14.0	7.0	1.0					pyramid	fill
q.circle	2019	13.0	10.15	13.0	6.0	1.0	indices,variable			q.circle.fill	q	circle
q.circle.fill	2019	13.0	10.15	13.0	6.0	1.0	indices,multicolor				q	circle,fill
q.square	2019	13.0	10.15	13.0	6.0	1.0	indices			q.square.fill	q	square
q.square.fill	2019	13.0	10.15	13.0	6.0	1.0	indices,multicolor				q	square,fill
qrcode	2019	13.0	10.15	13.0	6.0	1.0					qrcode	
qrcode.viewfinder	2019	13.0	10.15	13.0	6.0	1.0		scan qr code			qrcode.viewfinder	
questionmark	2019	13.0	10.15	13.0	6.0	1.0	multicolor	?			questionmark	
questionmark.app	2021	15.0	12.0	15.0	8.0	1.0				questionmark.app.fill	questionmark.app	
questionmark.app.dashed	2021	15.0	12.0	15.0	8.0	1.0					questionmark.app.dashed	
questionmark.app.fill	2021	15.0	12.0	15.0	8.0	1.0	multicolor				questionmark.app	fill
questionmark.bubble	2022	16.0	13.0	16.0	9.0	1.0	communication			questionmark.bubble.fill	questionmark.bubble	
questionmark.bubble.fill	2022	16.0	13.0	16.0	9.0	1.0	communication,multicolor				questionmark.bubble	fill
questionmark.circle	2019	13.0	10.15	13.0	6.0	1.0	indices,multicolor,variable	help		questionmark.circle.fill	questionmark	circle
questionmark.circle.dashed	2024	18.0	15.0	18.0	11.0	2.0					questionmark.circle.dashed	
questionmark.circle.fill	2019	13.0	10.15	13.0	6.0	1.0	indices,multicolor	help			questionmark	circle,fill
questionmark.diamond	2019	13.0	10.15	13.0	6.0	1.0	multicolor			questionmark.diamond.fill	questionmark.diamond	
questionmark.diamond.fill	2019	13.0	10.15	13.0	6.0	1.0	multicolor				questionmark.diamond	fill
questionmark.folder	2020	14.0	11.0	14.0	7.0	1.0	objectsandtools	?		questionmark.folder.fill	questionmark.folder	
questionmark.folder.fill	2020	14.0	11.0	14.0	7.0	1.0	objectsandtools	?			questionmark.folder	fill
questionmark.key.filled	2022.1	16.1	13.0	16.1	9.1	1.0	automotive,objectsandtools,privacyandsecurity	security			questionmark.key.filled	
questionmark.message	2024.1	18.1	15.1	18.1	11.1	2.1	communication		This symbol may not be modified and may only be used to refer to Apple’s Messages app.	questionmark.message.fill	questionmark.message	
questionmark.message.fill	2024.1	18.1	15.1	18.1	11.1	2.1	communication,multicolor		This symbol may not be modified and may only be used to refer to Apple’s Messages app.		questionmark.message	fill
questionmark.square	2019	13.0	10.15	13.0	6.0	1.0	indices,multicolor			questionmark.square.fill	questionmark	square
questionmark.square.dashed	2020	14.0	11.0	14.0	7.0	1.0					questionmark.square.dashed	
questionmark.square.fill	2019	13.0	10.15	13.0	6.0	1.0	indices,multicolor				questionmark	square,fill
questionmark.text.page	2024	18.0	15.0	18.0	11.0	2.0				questionmark.text.page.fill	questionmark.text.page	
questionmark.text.page.fill	2024	18.0	15.0	18.0	11.0	2.0					questionmark.text.page	fill
questionmark.video	2019	13.0	10.15	13.0	6.0	1.0	communication	facetime	This symbol may not be modified and may only be used to refer to Apple’s FaceTime app.	questionmark.video.fill	questionmark.video	
questionmark.video.fill	2019	13.0	10.15	13.0	6.0	1.0	communication	facetime	This symbol may not be modified and may only be used to refer to Apple’s FaceTime app.		questionmark.video	fill
quote.bubble	2019	13.0	10.15	13.0	6.0	1.0	accessibility,communication			quote.bubble.fill	quote.bubble	
quote.bubble.fill	2019	13.0	10.15	13.0	6.0	1.0	accessibility,communication,multicolor				quote.bubble	fill
quote.closing	2021	15.0	12.0	15.0	8.0	1.0	communication				quote.closing	
quote.opening	2021	15.0	12.0	15.0	8.0	1.0	communication				quote.opening	
quotelevel	2022	16.0	13.0	16.0	9.0	1.0	multicolor,textformatting				quotelevel	
r.button.roundedbottom.horizontal	2023	17.0	14.0	17.0	10.0	1.0	gaming			r.button.roundedbottom.horizontal.fill	r.button.roundedbottom.horizontal	
r.button.roundedbottom.horizontal.fill	2023	17.0	14.0	17.0	10.0	1.0	gaming,multicolor				r.button.roundedbottom.horizontal	fill
r.circle	2019	13.0	10.15	13.0	6.0	1.0	gaming,indices,variable			r.circle.fill	r	circle
r.circle.fill	2019	13.0	10.15	13.0	6.0	1.0	gaming,indices,multicolor				r	circle,fill
r.joystick	2020	14.0	11.0	14.0	7.0	1.0	gaming			r.joystick.fill	r.joystick	
r.joystick.fill	2020	14.0	11.0	14.0	7.0	1.0	gaming				r.joystick	fill
r.joystick.press.down	2021	15.0	12.0	15.0	8.0	1.0	gaming			r.joystick.press.down.fill	r.joystick.press.down	
r.joystick.press.down.fill	2021	15.0	12.0	15.0	8.0	1.0	gaming				r.joystick.press.down	fill
r.joystick.tilt.down	2021	15.0	12.0	15.0	8.0	1.0	gaming			r.joystick.tilt.down.fill	r.joystick.tilt.down	
r.joystick.tilt.down.fill	2021	15.0	12.0	15.0	8.0	1.0	gaming				r.joystick.tilt.down	fill
r.joystick.tilt.left	2021	15.0	12.0	15.0	8.0	1.0	gaming			r.joystick.tilt.left.fill	r.joystick.tilt.left	
r.joystick.tilt.left.fill	2021	15.0	12.0	15.0	8.0	1.0	gaming				r.joystick.tilt.left	fill
r.joystick.tilt.right	2021	15.0	12.0	15.0	8.0	1.0	gaming			r.joystick.tilt.right.fill	r.joystick.tilt.right	
r.joystick.tilt.right.fill	2021	15.0	12.0	15.0	8.0	1.0	gaming				r.joystick.tilt.right	fill
r.joystick.tilt.up	2021	15.0	12.0	15.0	8.0	1.0	gaming			r.joystick.tilt.up.fill	r.joystick.tilt.up	
r.joystick.tilt.up.fill	2021	15.0	12.0	15.0	8.0	1.0	gaming				r.joystick.tilt.up	fill
r.square	2019	13.0	10.15	13.0	6.0	1.0	indices			r.square.fill	r	square
r.square.fill	2019	13.0	10.15	13.0	6.0	1.0	indices,multicolor				r	square,fill
r.square.on.square	2020	14.0	11.0	14.0	7.0	1.0				r.square.on.square.fill	r.square.on	square
r.square.on.square.fill	2021	15.0	12.0	15.0	8.0	1.0					r.square.on	square,fill
r1.button.roundedbottom.horizontal	2023	17.0	14.0	17.0	10.0	1.0	gaming			r1.button.roundedbottom.horizontal.fill	r1.button.roundedbottom.horizontal	
r1.button.roundedbottom.horizontal.fill	2023	17.0	14.0	17.0	10.0	1.0	gaming,multicolor				r1.button.roundedbottom.horizontal	fill
r1.circle	2023	17.0	14.0	17.0	10.0	1.0	gaming,variable			r1.circle.fill	r1	circle
r1.circle.fill	2023	17.0	14.0	17.0	10.0	1.0	gaming,multicolor				r1	circle,fill
r2.button.angledtop.vertical.right	2023	17.0	14.0	17.0	10.0	1.0	gaming			r2.button.angledtop.vertical.right.fill	r2.button.angledtop.vertical.right	
r2.button.angledtop.vertical.right.fill	2023	17.0	14.0	17.0	10.0	1.0	gaming,multicolor				r2.button.angledtop.vertical.right	fill
r2.button.roundedtop.horizontal	2023	17.0	14.0	17.0	10.0	1.0	gaming			r2.button.roundedtop.horizontal.fill	r2.button.roundedtop.horizontal	
r2.button.roundedtop.horizontal.fill	2023	17.0	14.0	17.0	10.0	1.0	gaming,multicolor				r2.button.roundedtop.horizontal	fill
r2.circle	2023	17.0	14.0	17.0	10.0	1.0	gaming,variable			r2.circle.fill	r2	circle
r2.circle.fill	2023	17.0	14.0	17.0	10.0	1.0	gaming,multicolor				r2	circle,fill
r3.button.angledbottom.horizontal.right	2023	17.0	14.0	17.0	10.0	1.0	gaming			r3.button.angledbottom.horizontal.right.fill	r3.button.angledbottom.horizontal.right	
r3.button.angledbottom.horizontal.right.fill	2023	17.0	14.0	17.0	10.0	1.0	gaming,multicolor				r3.button.angledbottom.horizontal.right	fill
r4.button.horizontal	2023	17.0	14.0	17.0	10.0	1.0	gaming			r4.button.horizontal.fill	r4.button.horizontal	
r4.button.horizontal.fill	2023	17.0	14.0	17.0	10.0	1.0	gaming,multicolor				r4.button.horizontal	fill
radicand.squareroot	2025.1	26.1	26.1	26.1	26.1	26.1	math				radicand.squareroot	
radio	2020	14.0	11.0	14.0	7.0	1.0	objectsandtools			radio.fill	radio	
radio.fill	2020	14.0	11.0	14.0	7.0	1.0	objectsandtools				radio	fill
rainbow	2023	17.0	14.0	17.0	10.0	1.0	multicolor,nature,variable,weather	weather			rainbow	
rays	2019	13.0	10.15	13.0	6.0	1.0	variable	light			rays	
rb.button.roundedbottom.horizontal	2023	17.0	14.0	17.0	10.0	1.0	gaming			rb.button.roundedbottom.horizontal.fill	rb.button.roundedbottom.horizontal	
rb.button.roundedbottom.horizontal.fill	2023	17.0	14.0	17.0	10.0	1.0	gaming,multicolor				rb.button.roundedbottom.horizontal	fill
rb.circle	2023	17.0	14.0	17.0	10.0	1.0	gaming,variable			rb.circle.fill	rb	circle
rb.circle.fill	2023	17.0	14.0	17.0	10.0	1.0	gaming,multicolor				rb	circle,fill
receipt	2024.2	18.2	15.2	18.2	11.2	2.2	objectsandtools			receipt.fill	receipt	
receipt.fill	2024.2	18.2	15.2	18.2	11.2	2.2	objectsandtools				receipt	fill
record.circle	2020	14.0	11.0	14.0	7.0	1.0	media,variable			record.circle.fill	record	circle
record.circle.fill	2020	14.0	11.0	14.0	7.0	1.0	media,multicolor				record	circle,fill
recordingtape	2019	13.0	10.15	13.0	6.0	1.0	communication	voicemail			recordingtape	
recordingtape.badge	2026	27.0	27.0	27.0	27.0	27.0	communication,multicolor,whatsnew	voicemail			recordingtape.badge	
recordingtape.circle	2022	16.0	13.0	16.0	9.0	1.0	communication,variable	voicemail		recordingtape.circle.fill	recordingtape	circle
recordingtape.circle.fill	2022	16.0	13.0	16.0	9.0	1.0	communication,multicolor	voicemail			recordingtape	circle,fill
rectangle	2019	13.0	10.15	13.0	6.0	1.0	shapes			rectangle.fill	rectangle	
rectangle.2.swap	2021	15.0	12.0	15.0	8.0	1.0					rectangle.2.swap	
rectangle.3.group	2021	15.0	12.0	15.0	8.0	1.0				rectangle.3.group.fill	rectangle.3.group	
rectangle.3.group.bubble	2023	17.0	14.0	17.0	10.0	1.0	accessibility,communication	speech		rectangle.3.group.bubble.fill	rectangle.3.group.bubble	
rectangle.3.group.bubble.fill	2023	17.0	14.0	17.0	10.0	1.0	accessibility,communication,multicolor	speech			rectangle.3.group.bubble	fill
rectangle.3.group.dashed	2025	26.0	26.0	26.0	26.0	26.0					rectangle.3.group.dashed	
rectangle.3.group.fill	2021	15.0	12.0	15.0	8.0	1.0					rectangle.3.group	fill
rectangle.3.portrait.pano	2026	27.0	27.0	27.0	27.0	27.0	whatsnew			rectangle.3.portrait.pano.fill	rectangle.3.portrait.pano	
rectangle.3.portrait.pano.fill	2026	27.0	27.0	27.0	27.0	27.0	whatsnew				rectangle.3.portrait.pano	fill
rectangle.and.arrow.up.right.and.arrow.down.left	2019	13.0	10.15	13.0	6.0	1.0	cameraandphotos				rectangle.and.arrow.up.right.and.arrow.down.left	
rectangle.and.arrow.up.right.and.arrow.down.left.slash	2019	13.0	10.15	13.0	6.0	1.0	cameraandphotos	remove			rectangle.and.arrow.up.right.and.arrow.down.left	slash
rectangle.and.hand.point.up.left	2021	15.0	12.0	15.0	8.0	1.0	human	touch,trackpad		rectangle.and.hand.point.up.left.fill	rectangle.and.hand.point.up.left	
rectangle.and.hand.point.up.left.fill	2021	15.0	12.0	15.0	8.0	1.0	human	touch,trackpad			rectangle.and.hand.point.up.left	fill
rectangle.and.hand.point.up.left.filled	2021	15.0	12.0	15.0	8.0	1.0	human	touch,trackpad			rectangle.and.hand.point.up.left.filled	
rectangle.and.paperclip	2019	13.0	10.15	13.0	6.0	1.0	objectsandtools	include attachments			rectangle.and.paperclip	
rectangle.and.pencil.and.ellipsis	2020	14.0	11.0	14.0	7.0	1.0	editing,objectsandtools,variable	action,dot.3,extra,more,overflow,write,writing,…			rectangle.and.pencil.and.ellipsis	
rectangle.and.text.magnifyingglass	2020	14.0	11.0	14.0	7.0	1.0	accessibility	search			rectangle.and.text.magnifyingglass	
rectangle.arrowtriangle.2.inward	2020	14.0	11.0	14.0	7.0	1.0					rectangle.arrowtriangle.2.inward	
rectangle.arrowtriangle.2.outward	2020	14.0	11.0	14.0	7.0	1.0					rectangle.arrowtriangle.2.outward	
rectangle.badge.checkmark	2019	13.0	10.15	13.0	6.0	1.0	multicolor			rectangle.fill.badge.checkmark	rectangle.badge.checkmark	
rectangle.badge.minus	2020	14.0	11.0	14.0	7.0	1.0	multicolor	-,remove		rectangle.fill.badge.minus	rectangle.badge.minus	
rectangle.badge.person.crop	2020.1	14.2	11.0	14.2	7.1	1.0	human,multicolor	people		rectangle.fill.badge.person.crop	rectangle.badge.person.crop	
rectangle.badge.plus	2020	14.0	11.0	14.0	7.0	1.0	multicolor	+,add		rectangle.fill.badge.plus	rectangle.badge.plus	
rectangle.badge.sparkles	2025.1	26.1	26.1	26.1	26.1	26.1				rectangle.badge.sparkles.fill	rectangle.badge.sparkles	
rectangle.badge.sparkles.fill	2025.1	26.1	26.1	26.1	26.1	26.1					rectangle.badge.sparkles	fill
rectangle.badge.xmark	2019	13.0	10.15	13.0	6.0	1.0	multicolor	x		rectangle.fill.badge.xmark	rectangle.badge.xmark	
rectangle.bottomhalf.filled	2021	15.0	12.0	15.0	8.0	1.0					rectangle.bottomhalf.filled	
rectangle.compress.vertical	2019	13.0	10.15	13.0	6.0	1.0					rectangle.compress.vertical	
rectangle.connected.to.line.below	2020	14.0	11.0	14.0	7.0	1.0					rectangle.connected.to.line.below	
rectangle.dashed	2020	14.0	11.0	14.0	7.0	1.0	editing				rectangle.dashed	
rectangle.dashed.and.paperclip	2020	14.0	11.0	14.0	7.0	1.0	objectsandtools	exclude attachments			rectangle.dashed.and.paperclip	
rectangle.dashed.badge.record	2020	14.0	11.0	14.0	7.0	1.0	editing				rectangle.dashed.badge.record	
rectangle.expand.diagonal	2024	18.0	15.0	18.0	11.0	2.0					rectangle.expand.diagonal	
rectangle.expand.vertical	2019	13.0	10.15	13.0	6.0	1.0					rectangle.expand.vertical	
rectangle.fill	2019	13.0	10.15	13.0	6.0	1.0	shapes				rectangle	fill
rectangle.fill.badge.checkmark	2019	13.0	10.15	13.0	6.0	1.0	multicolor				rectangle.fill.badge.checkmark	
rectangle.fill.badge.minus	2020	14.0	11.0	14.0	7.0	1.0	multicolor	-,remove			rectangle.fill.badge.minus	
rectangle.fill.badge.person.crop	2020.1	14.2	11.0	14.2	7.1	1.0	human,multicolor	people			rectangle.fill.badge.person.crop	
rectangle.fill.badge.plus	2020	14.0	11.0	14.0	7.0	1.0	multicolor	+,add			rectangle.fill.badge.plus	
rectangle.fill.badge.xmark	2019	13.0	10.15	13.0	6.0	1.0	multicolor	x			rectangle.fill.badge.xmark	
rectangle.fill.on.rectangle.angled.fill	2019	13.0	10.15	13.0	6.0	1.0					rectangle.fill.on.rectangle.angled	fill
rectangle.fill.on.rectangle.fill	2019	13.0	10.15	13.0	6.0	1.0	gaming				rectangle.fill.on	rectangle,fill
rectangle.filled.and.hand.point.up.left	2021	15.0	12.0	15.0	8.0	1.0	human	touch,trackpad			rectangle.filled.and.hand.point.up.left	
rectangle.grid.1x2	2019	13.0	10.15	13.0	6.0	1.0				rectangle.grid.1x2.fill	rectangle.grid.1x2	
rectangle.grid.1x2.fill	2019	13.0	10.15	13.0	6.0	1.0					rectangle.grid.1x2	fill
rectangle.grid.1x3	2025	26.0	26.0	26.0	26.0	26.0				rectangle.grid.1x3.fill	rectangle.grid.1x3	
rectangle.grid.1x3.fill	2025	26.0	26.0	26.0	26.0	26.0					rectangle.grid.1x3	fill
rectangle.grid.2x2	2019	13.0	10.15	13.0	6.0	1.0				rectangle.grid.2x2.fill	rectangle.grid.2x2	
rectangle.grid.2x2.fill	2019	13.0	10.15	13.0	6.0	1.0					rectangle.grid.2x2	fill
rectangle.grid.3x1	2024.1	18.1	15.1	18.1	11.1	2.1				rectangle.grid.3x1.fill	rectangle.grid.3x1	
rectangle.grid.3x1.fill	2024.1	18.1	15.1	18.1	11.1	2.1					rectangle.grid.3x1	fill
rectangle.grid.3x2	2019	13.0	10.15	13.0	6.0	1.0				rectangle.grid.3x2.fill	rectangle.grid.3x2	
rectangle.grid.3x2.fill	2019	13.0	10.15	13.0	6.0	1.0					rectangle.grid.3x2	fill
rectangle.grid.3x3	2024	18.0	15.0	18.0	11.0	2.0				rectangle.grid.3x3.fill	rectangle.grid.3x3	
rectangle.grid.3x3.fill	2024	18.0	15.0	18.0	11.0	2.0					rectangle.grid.3x3	fill
rectangle.landscape.rotate	2023	17.0	14.0	17.0	10.0	1.0	devices,editing,objectsandtools	arrow			rectangle.landscape.rotate	
rectangle.landscape.rotate.slash	2025	26.0	26.0	26.0	26.0	26.0	devices,editing,objectsandtools	arrow			rectangle.landscape.rotate	slash
rectangle.leadinghalf.filled	2021.2	15.2	12.1	15.2	8.3	1.0					rectangle.leadinghalf.filled	
rectangle.lefthalf.filled	2021	15.0	12.0	15.0	8.0	1.0					rectangle.lefthalf.filled	
rectangle.on.rectangle	2019	13.0	10.15	13.0	6.0	1.0	gaming			rectangle.fill.on.rectangle.fill	rectangle.on	rectangle
rectangle.on.rectangle.angled	2019	13.0	10.15	13.0	6.0	1.0				rectangle.fill.on.rectangle.angled.fill	rectangle.on.rectangle.angled	
rectangle.on.rectangle.badge.gearshape	2023	17.0	14.0	17.0	10.0	1.0					rectangle.on.rectangle.badge.gearshape	
rectangle.on.rectangle.button.angledtop.vertical.left	2023	17.0	14.0	17.0	10.0	1.0	gaming			rectangle.on.rectangle.button.angledtop.vertical.left.fill	rectangle.on.rectangle.button.angledtop.vertical.left	
rectangle.on.rectangle.button.angledtop.vertical.left.fill	2023	17.0	14.0	17.0	10.0	1.0	gaming,multicolor				rectangle.on.rectangle.button.angledtop.vertical.left	fill
rectangle.on.rectangle.circle	2021	15.0	12.0	15.0	8.0	1.0	gaming,variable			rectangle.on.rectangle.circle.fill	rectangle.on	rectangle,circle
rectangle.on.rectangle.circle.fill	2021	15.0	12.0	15.0	8.0	1.0	gaming,multicolor				rectangle.on	rectangle,circle,fill
rectangle.on.rectangle.dashed	2024	18.0	15.0	18.0	11.0	2.0		digital rights management,drm			rectangle.on.rectangle.dashed	
rectangle.on.rectangle.slash	2020	14.0	11.0	14.0	7.0	1.0		remove		rectangle.on.rectangle.slash.fill	rectangle.on	rectangle,slash
rectangle.on.rectangle.slash.circle	2021	15.0	12.0	15.0	8.0	1.0	variable			rectangle.on.rectangle.slash.circle.fill	rectangle.on	rectangle,slash,circle
rectangle.on.rectangle.slash.circle.fill	2021	15.0	12.0	15.0	8.0	1.0	multicolor				rectangle.on	rectangle,slash,circle,fill
rectangle.on.rectangle.slash.fill	2021	15.0	12.0	15.0	8.0	1.0		remove			rectangle.on	rectangle,slash,fill
rectangle.on.rectangle.square	2021	15.0	12.0	15.0	8.0	1.0	gaming			rectangle.on.rectangle.square.fill	rectangle.on	rectangle,square
rectangle.on.rectangle.square.fill	2021	15.0	12.0	15.0	8.0	1.0	gaming,multicolor				rectangle.on	rectangle,square,fill
rectangle.pattern.checkered	2024	18.0	15.0	18.0	11.0	2.0					rectangle.pattern.checkered	
rectangle.portrait	2020	14.0	11.0	14.0	7.0	1.0	shapes			rectangle.portrait.fill	rectangle.portrait	
rectangle.portrait.and.arrow.forward	2022	16.0	13.0	16.0	9.0	1.0				rectangle.portrait.and.arrow.forward.fill	rectangle.portrait.and.arrow.forward	
rectangle.portrait.and.arrow.forward.fill	2022	16.0	13.0	16.0	9.0	1.0					rectangle.portrait.and.arrow.forward	fill
rectangle.portrait.and.arrow.right	2021	15.0	12.0	15.0	8.0	1.0				rectangle.portrait.and.arrow.right.fill	rectangle.portrait.and.arrow.right	
rectangle.portrait.and.arrow.right.fill	2021	15.0	12.0	15.0	8.0	1.0					rectangle.portrait.and.arrow.right	fill
rectangle.portrait.arrowtriangle.2.inward	2020	14.0	11.0	14.0	7.0	1.0					rectangle.portrait.arrowtriangle.2.inward	
rectangle.portrait.arrowtriangle.2.outward	2020	14.0	11.0	14.0	7.0	1.0					rectangle.portrait.arrowtriangle.2.outward	
rectangle.portrait.badge.plus	2023	17.0	14.0	17.0	10.0	1.0	multicolor			rectangle.portrait.badge.plus.fill	rectangle.portrait.badge.plus	
rectangle.portrait.badge.plus.fill	2023	17.0	14.0	17.0	10.0	1.0	multicolor				rectangle.portrait.badge.plus	fill
rectangle.portrait.bottomhalf.filled	2021	15.0	12.0	15.0	8.0	1.0					rectangle.portrait.bottomhalf.filled	
rectangle.portrait.fill	2020	14.0	11.0	14.0	7.0	1.0	shapes				rectangle.portrait	fill
rectangle.portrait.lefthalf.filled	2021	15.0	12.0	15.0	8.0	1.0					rectangle.portrait.lefthalf.filled	
rectangle.portrait.on.rectangle.portrait	2021	15.0	12.0	15.0	8.0	1.0				rectangle.portrait.on.rectangle.portrait.fill	rectangle.portrait.on.rectangle.portrait	
rectangle.portrait.on.rectangle.portrait.angled	2022	16.0	13.0	16.0	9.0	1.0				rectangle.portrait.on.rectangle.portrait.angled.fill	rectangle.portrait.on.rectangle.portrait.angled	
rectangle.portrait.on.rectangle.portrait.angled.fill	2022	16.0	13.0	16.0	9.0	1.0					rectangle.portrait.on.rectangle.portrait.angled	fill
rectangle.portrait.on.rectangle.portrait.fill	2021	15.0	12.0	15.0	8.0	1.0					rectangle.portrait.on.rectangle.portrait	fill
rectangle.portrait.on.rectangle.portrait.slash	2021	15.0	12.0	15.0	8.0	1.0				rectangle.portrait.on.rectangle.portrait.slash.fill	rectangle.portrait.on.rectangle.portrait	slash
rectangle.portrait.on.rectangle.portrait.slash.fill	2021	15.0	12.0	15.0	8.0	1.0					rectangle.portrait.on.rectangle.portrait	slash,fill
rectangle.portrait.righthalf.filled	2021	15.0	12.0	15.0	8.0	1.0					rectangle.portrait.righthalf.filled	
rectangle.portrait.rotate	2023	17.0	14.0	17.0	10.0	1.0	devices,editing,objectsandtools	arrow			rectangle.portrait.rotate	
rectangle.portrait.rotate.slash	2025	26.0	26.0	26.0	26.0	26.0	devices,editing,objectsandtools	arrow			rectangle.portrait.rotate	slash
rectangle.portrait.slash	2021	15.0	12.0	15.0	8.0	1.0				rectangle.portrait.slash.fill	rectangle.portrait	slash
rectangle.portrait.slash.fill	2021	15.0	12.0	15.0	8.0	1.0					rectangle.portrait	slash,fill
rectangle.portrait.split.2x1	2021	15.0	12.0	15.0	8.0	1.0				rectangle.portrait.split.2x1.fill	rectangle.portrait.split.2x1	
rectangle.portrait.split.2x1.fill	2021	15.0	12.0	15.0	8.0	1.0					rectangle.portrait.split.2x1	fill
rectangle.portrait.split.2x1.slash	2021	15.0	12.0	15.0	8.0	1.0				rectangle.portrait.split.2x1.slash.fill	rectangle.portrait.split.2x1	slash
rectangle.portrait.split.2x1.slash.fill	2021	15.0	12.0	15.0	8.0	1.0					rectangle.portrait.split.2x1	slash,fill
rectangle.portrait.tophalf.filled	2021	15.0	12.0	15.0	8.0	1.0					rectangle.portrait.tophalf.filled	
rectangle.ratio.16.to.9	2023	17.0	14.0	17.0	10.0	1.0				rectangle.ratio.16.to.9.fill	rectangle.ratio.16.to.9	
rectangle.ratio.16.to.9.fill	2023	17.0	14.0	17.0	10.0	1.0					rectangle.ratio.16.to.9	fill
rectangle.ratio.3.to.4	2023	17.0	14.0	17.0	10.0	1.0				rectangle.ratio.3.to.4.fill	rectangle.ratio.3.to.4	
rectangle.ratio.3.to.4.fill	2023	17.0	14.0	17.0	10.0	1.0					rectangle.ratio.3.to.4	fill
rectangle.ratio.4.to.3	2023	17.0	14.0	17.0	10.0	1.0				rectangle.ratio.4.to.3.fill	rectangle.ratio.4.to.3	
rectangle.ratio.4.to.3.fill	2023	17.0	14.0	17.0	10.0	1.0					rectangle.ratio.4.to.3	fill
rectangle.ratio.9.to.16	2023	17.0	14.0	17.0	10.0	1.0				rectangle.ratio.9.to.16.fill	rectangle.ratio.9.to.16	
rectangle.ratio.9.to.16.fill	2023	17.0	14.0	17.0	10.0	1.0					rectangle.ratio.9.to.16	fill
rectangle.righthalf.filled	2021	15.0	12.0	15.0	8.0	1.0					rectangle.righthalf.filled	
rectangle.slash	2020	14.0	11.0	14.0	7.0	1.0		remove		rectangle.slash.fill	rectangle	slash
rectangle.slash.fill	2020	14.0	11.0	14.0	7.0	1.0		remove			rectangle	slash,fill
rectangle.split.1x2	2020	14.0	11.0	14.0	7.0	1.0				rectangle.split.1x2.fill	rectangle.split.1x2	
rectangle.split.1x2.fill	2020	14.0	11.0	14.0	7.0	1.0					rectangle.split.1x2	fill
rectangle.split.2x1	2020	14.0	11.0	14.0	7.0	1.0				rectangle.split.2x1.fill	rectangle.split.2x1	
rectangle.split.2x1.fill	2020	14.0	11.0	14.0	7.0	1.0					rectangle.split.2x1	fill
rectangle.split.2x1.slash	2021	15.0	12.0	15.0	8.0	1.0				rectangle.split.2x1.slash.fill	rectangle.split.2x1	slash
rectangle.split.2x1.slash.fill	2021	15.0	12.0	15.0	8.0	1.0					rectangle.split.2x1	slash,fill
rectangle.split.2x2	2020	14.0	11.0	14.0	7.0	1.0				rectangle.split.2x2.fill	rectangle.split.2x2	
rectangle.split.2x2.fill	2020	14.0	11.0	14.0	7.0	1.0					rectangle.split.2x2	fill
rectangle.split.3x1	2019	13.0	10.15	13.0	6.0	1.0				rectangle.split.3x1.fill	rectangle.split.3x1	
rectangle.split.3x1.fill	2019	13.0	10.15	13.0	6.0	1.0					rectangle.split.3x1	fill
rectangle.split.3x3	2019	13.0	10.15	13.0	6.0	1.0				rectangle.split.3x3.fill	rectangle.split.3x3	
rectangle.split.3x3.fill	2019	13.0	10.15	13.0	6.0	1.0					rectangle.split.3x3	fill
rectangle.stack	2019	13.0	10.15	13.0	6.0	1.0	cameraandphotos	album		rectangle.stack.fill	rectangle.stack	
rectangle.stack.and.person	2026	27.0	27.0	27.0	27.0	27.0	human,whatsnew			rectangle.stack.and.person.fill	rectangle.stack.and.person	
rectangle.stack.and.person.fill	2026	27.0	27.0	27.0	27.0	27.0	human,whatsnew				rectangle.stack.and.person	fill
rectangle.stack.badge.minus	2019	13.0	10.15	13.0	6.0	1.0	multicolor	album,remove		rectangle.stack.fill.badge.minus	rectangle.stack.badge.minus	
rectangle.stack.badge.person.crop	2019	13.0	10.15	13.0	6.0	1.0	human,multicolor	album,shared		rectangle.stack.badge.person.crop.fill	rectangle.stack.badge.person.crop	
rectangle.stack.badge.person.crop.fill	2021	15.0	12.0	15.0	8.0	1.0	human,multicolor	album,shared			rectangle.stack.badge.person.crop	fill
rectangle.stack.badge.play	2021	15.0	12.0	15.0	8.0	1.0	multicolor	album		rectangle.stack.badge.play.fill	rectangle.stack.badge.play	
rectangle.stack.badge.play.fill	2021	15.0	12.0	15.0	8.0	1.0	multicolor	album			rectangle.stack.badge.play	fill
rectangle.stack.badge.plus	2019	13.0	10.15	13.0	6.0	1.0	multicolor	add,album		rectangle.stack.fill.badge.plus	rectangle.stack.badge.plus	
rectangle.stack.fill	2019	13.0	10.15	13.0	6.0	1.0	cameraandphotos	album			rectangle.stack	fill
rectangle.stack.fill.badge.minus	2019	13.0	10.15	13.0	6.0	1.0	multicolor	album,remove			rectangle.stack.fill.badge.minus	
rectangle.stack.fill.badge.plus	2019	13.0	10.15	13.0	6.0	1.0	multicolor	add,album			rectangle.stack.fill.badge.plus	
rectangle.stack.slash	2025	26.0	26.0	26.0	26.0	26.0	cameraandphotos	album		rectangle.stack.slash.fill	rectangle.stack	slash
rectangle.stack.slash.fill	2025	26.0	26.0	26.0	26.0	26.0	cameraandphotos	album			rectangle.stack	slash,fill
rectangle.tophalf.filled	2021	15.0	12.0	15.0	8.0	1.0					rectangle.tophalf.filled	
rectangle.trailinghalf.filled	2021.2	15.2	12.1	15.2	8.3	1.0					rectangle.trailinghalf.filled	
refrigerator	2022	16.0	13.0	16.0	9.0	1.0	home,objectsandtools			refrigerator.fill	refrigerator	
refrigerator.fill	2022	16.0	13.0	16.0	9.0	1.0	home,objectsandtools				refrigerator	fill
repeat	2019	13.0	10.15	13.0	6.0	1.0	arrows,media	arrow,arrow.trianglehead,trianglehead			repeat	
repeat.1	2019	13.0	10.15	13.0	6.0	1.0	arrows,media	arrow,arrow.trianglehead,trianglehead			repeat.1	
repeat.1.circle	2020.1	14.2	11.0	14.2	7.1	1.0	arrows,media,variable	arrow,arrow.trianglehead,trianglehead		repeat.1.circle.fill	repeat.1	circle
repeat.1.circle.fill	2020.1	14.2	11.0	14.2	7.1	1.0	arrows,media,multicolor	arrow,arrow.trianglehead,trianglehead			repeat.1	circle,fill
repeat.badge.xmark	2025	26.0	26.0	26.0	26.0	26.0	arrows,media,multicolor	arrow,arrow.trianglehead,trianglehead			repeat.badge.xmark	
repeat.circle	2020.1	14.2	11.0	14.2	7.1	1.0	arrows,media,variable	arrow,arrow.trianglehead,trianglehead		repeat.circle.fill	repeat	circle
repeat.circle.fill	2020.1	14.2	11.0	14.2	7.1	1.0	arrows,media,multicolor	arrow,arrow.trianglehead,trianglehead			repeat	circle,fill
restart	2020	14.0	11.0	14.0	7.0	1.0		restart			restart	
restart.circle	2020	14.0	11.0	14.0	7.0	1.0	variable	restart		restart.circle.fill	restart	circle
restart.circle.fill	2021	15.0	12.0	15.0	8.0	1.0	multicolor				restart	circle,fill
retarder.brakesignal	2022.1	16.1	13.0	16.1	9.1	1.0	automotive				retarder.brakesignal	
retarder.brakesignal.and.exclamationmark	2023	17.0	14.0	17.0	10.0	1.0	automotive				retarder.brakesignal.and.exclamationmark	
retarder.brakesignal.slash	2023	17.0	14.0	17.0	10.0	1.0	automotive				retarder.brakesignal	slash
return	2019	13.0	10.15	13.0	6.0	1.0	arrows				return	
return.left	2021	15.0	12.0	15.0	8.0	1.0	arrows				return.left	
return.right	2021	15.0	12.0	15.0	8.0	1.0	arrows				return.right	
rhombus	2019	13.0	10.15	13.0	6.0	1.0	shapes			rhombus.fill	rhombus	
rhombus.fill	2019	13.0	10.15	13.0	6.0	1.0	shapes				rhombus	fill
richtext.page	2024	18.0	15.0	18.0	11.0	2.0				richtext.page.fill	richtext.page	
richtext.page.fill	2024	18.0	15.0	18.0	11.0	2.0					richtext.page	fill
right	2023	17.0	14.0	17.0	10.0	1.0					right	
right.circle	2023	17.0	14.0	17.0	10.0	1.0	variable			right.circle.fill	right	circle
right.circle.fill	2023	17.0	14.0	17.0	10.0	1.0	multicolor				right	circle,fill
righttriangle	2023	17.0	14.0	17.0	10.0	1.0	cameraandphotos	edit		righttriangle.fill	righttriangle	
righttriangle.fill	2023	17.0	14.0	17.0	10.0	1.0	cameraandphotos	edit			righttriangle	fill
righttriangle.split.diagonal	2023	17.0	14.0	17.0	10.0	1.0	cameraandphotos	edit		righttriangle.split.diagonal.fill	righttriangle.split.diagonal	
righttriangle.split.diagonal.fill	2023	17.0	14.0	17.0	10.0	1.0	cameraandphotos	edit			righttriangle.split.diagonal	fill
ring	2025	26.0	26.0	26.0	26.0	26.0	commerce,home				ring	
ring.dashed	2025	26.0	26.0	26.0	26.0	26.0	commerce,home,variable				ring.dashed	
ring.light	2026	27.0	27.0	27.0	27.0	27.0	devices,whatsnew				ring.light	
rm.button.horizontal	2023	17.0	14.0	17.0	10.0	1.0	gaming			rm.button.horizontal.fill	rm.button.horizontal	
rm.button.horizontal.fill	2023	17.0	14.0	17.0	10.0	1.0	gaming,multicolor				rm.button.horizontal	fill
road.lane.arrowtriangle.2.inward	2022.1	16.1	13.0	16.1	9.1	1.0	automotive				road.lane.arrowtriangle.2.inward	
road.lane.arrowtriangle.2.outward	2024.3	18.4	15.4	18.4	11.4	2.4	automotive				road.lane.arrowtriangle.2.outward	
road.lanes	2022	16.0	13.0	16.0	9.0	1.0	automotive				road.lanes	
road.lanes.curved.left	2022	16.0	13.0	16.0	9.0	1.0	automotive				road.lanes.curved.left	
road.lanes.curved.right	2022	16.0	13.0	16.0	9.0	1.0	automotive				road.lanes.curved.right	
robotic.vacuum	2024	18.0	15.0	18.0	11.0	2.0	home,objectsandtools			robotic.vacuum.fill	robotic.vacuum	
robotic.vacuum.and.arrowtriangle.up	2024.3	18.4	15.4	18.4	11.4	2.4	home,objectsandtools			robotic.vacuum.and.arrowtriangle.up.fill	robotic.vacuum.and.arrowtriangle.up	
robotic.vacuum.and.arrowtriangle.up.fill	2024.3	18.4	15.4	18.4	11.4	2.4	home,objectsandtools				robotic.vacuum.and.arrowtriangle.up	fill
robotic.vacuum.and.ellipsis	2024.3	18.4	15.4	18.4	11.4	2.4	home,objectsandtools,variable			robotic.vacuum.and.ellipsis.fill	robotic.vacuum.and.ellipsis	
robotic.vacuum.and.ellipsis.fill	2024.3	18.4	15.4	18.4	11.4	2.4	home,objectsandtools,variable				robotic.vacuum.and.ellipsis	fill
robotic.vacuum.fill	2024	18.0	15.0	18.0	11.0	2.0	home,objectsandtools				robotic.vacuum	fill
roller.shade.closed	2022	16.0	13.0	16.0	9.0	1.0	home				roller.shade.closed	
roller.shade.open	2022	16.0	13.0	16.0	9.0	1.0	home				roller.shade.open	
roman.shade.closed	2022	16.0	13.0	16.0	9.0	1.0	home				roman.shade.closed	
roman.shade.open	2022	16.0	13.0	16.0	9.0	1.0	home				roman.shade.open	
rosette	2019	13.0	10.15	13.0	6.0	1.0	objectsandtools				rosette	
rotate.3d	2020	14.0	11.0	14.0	7.0	1.0	editing			rotate.3d.fill	rotate.3d	
rotate.3d.circle	2023	17.0	14.0	17.0	10.0	1.0	editing,variable			rotate.3d.circle.fill	rotate.3d	circle
rotate.3d.circle.fill	2023	17.0	14.0	17.0	10.0	1.0	editing,multicolor				rotate.3d	circle,fill
rotate.3d.fill	2023	17.0	14.0	17.0	10.0	1.0	editing				rotate.3d	fill
rotate.left	2019	13.0	10.15	13.0	6.0	1.0	editing	rotate left		rotate.left.fill	rotate.left	
rotate.left.fill	2019	13.0	10.15	13.0	6.0	1.0	editing	rotate left			rotate.left	fill
rotate.right	2019	13.0	10.15	13.0	6.0	1.0	editing	rotate right		rotate.right.fill	rotate.right	
rotate.right.fill	2019	13.0	10.15	13.0	6.0	1.0	editing	rotate right			rotate.right	fill
rsb.button.angledbottom.horizontal.right	2023	17.0	14.0	17.0	10.0	1.0	gaming			rsb.button.angledbottom.horizontal.right.fill	rsb.button.angledbottom.horizontal.right	
rsb.button.angledbottom.horizontal.right.fill	2023	17.0	14.0	17.0	10.0	1.0	gaming,multicolor				rsb.button.angledbottom.horizontal.right	fill
rt.button.roundedtop.horizontal	2023	17.0	14.0	17.0	10.0	1.0	gaming			rt.button.roundedtop.horizontal.fill	rt.button.roundedtop.horizontal	
rt.button.roundedtop.horizontal.fill	2023	17.0	14.0	17.0	10.0	1.0	gaming,multicolor				rt.button.roundedtop.horizontal	fill
rt.circle	2023	17.0	14.0	17.0	10.0	1.0	gaming,variable			rt.circle.fill	rt	circle
rt.circle.fill	2023	17.0	14.0	17.0	10.0	1.0	gaming,multicolor				rt	circle,fill
rublesign	2022	16.0	13.0	16.0	9.0	1.0	commerce,indices	currencies,currency			rublesign	
rublesign.arrow.trianglehead.counterclockwise.rotate.90	2024	18.0	15.0	18.0	11.0	2.0	arrows,commerce	currencies,currency			rublesign.arrow.trianglehead.counterclockwise.rotate.90	
rublesign.building.classical	2026	27.0	27.0	27.0	27.0	27.0	commerce,objectsandtools	currencies,currency		rublesign.building.classical.fill	rublesign.building.classical	
rublesign.building.classical.fill	2026	27.0	27.0	27.0	27.0	27.0	commerce,multicolor,objectsandtools	currencies,currency			rublesign.building.classical	fill
rublesign.circle	2019	13.0	10.15	13.0	6.0	1.0	commerce,indices,variable	currencies,currency		rublesign.circle.fill	rublesign	circle
rublesign.circle.fill	2019	13.0	10.15	13.0	6.0	1.0	commerce,indices,multicolor	currencies,currency			rublesign	circle,fill
rublesign.gauge.chart.lefthalf.righthalf	2024	18.0	15.0	18.0	11.0	2.0	commerce,home,variable				rublesign.gauge.chart.lefthalf.righthalf	
rublesign.gauge.chart.leftthird.topthird.rightthird	2024	18.0	15.0	18.0	11.0	2.0	commerce,home,variable				rublesign.gauge.chart.leftthird.topthird.rightthird	
rublesign.ring	2024	18.0	15.0	18.0	11.0	2.0	commerce,home				rublesign.ring	
rublesign.ring.dashed	2024	18.0	15.0	18.0	11.0	2.0	commerce,home,variable				rublesign.ring.dashed	
rublesign.square	2019	13.0	10.15	13.0	6.0	1.0	commerce,indices	currencies,currency		rublesign.square.fill	rublesign	square
rublesign.square.fill	2019	13.0	10.15	13.0	6.0	1.0	commerce,indices,multicolor	currencies,currency			rublesign	square,fill
rugbyball	2024	18.0	15.0	18.0	11.0	2.0	fitness,objectsandtools	sports		rugbyball.fill	rugbyball	
rugbyball.circle	2024	18.0	15.0	18.0	11.0	2.0	fitness,objectsandtools,variable	sports		rugbyball.circle.fill	rugbyball	circle
rugbyball.circle.fill	2024	18.0	15.0	18.0	11.0	2.0	fitness,multicolor,objectsandtools	sports			rugbyball	circle,fill
rugbyball.fill	2024	18.0	15.0	18.0	11.0	2.0	fitness,objectsandtools	sports			rugbyball	fill
ruler	2020	14.0	11.0	14.0	7.0	1.0	objectsandtools			ruler.fill	ruler	
ruler.fill	2020	14.0	11.0	14.0	7.0	1.0	objectsandtools				ruler	fill
rupeesign	2022	16.0	13.0	16.0	9.0	1.0	commerce,indices	currencies,currency			rupeesign	
rupeesign.arrow.trianglehead.counterclockwise.rotate.90	2024	18.0	15.0	18.0	11.0	2.0	arrows,commerce	currencies,currency			rupeesign.arrow.trianglehead.counterclockwise.rotate.90	
rupeesign.building.classical	2026	27.0	27.0	27.0	27.0	27.0	commerce,objectsandtools	currencies,currency		rupeesign.building.classical.fill	rupeesign.building.classical	
rupeesign.building.classical.fill	2026	27.0	27.0	27.0	27.0	27.0	commerce,multicolor,objectsandtools	currencies,currency			rupeesign.building.classical	fill
rupeesign.circle	2019	13.0	10.15	13.0	6.0	1.0	commerce,indices,variable	currencies,currency		rupeesign.circle.fill	rupeesign	circle
rupeesign.circle.fill	2019	13.0	10.15	13.0	6.0	1.0	commerce,indices,multicolor	currencies,currency			rupeesign	circle,fill
rupeesign.gauge.chart.lefthalf.righthalf	2024	18.0	15.0	18.0	11.0	2.0	commerce,home,variable				rupeesign.gauge.chart.lefthalf.righthalf	
rupeesign.gauge.chart.leftthird.topthird.rightthird	2024	18.0	15.0	18.0	11.0	2.0	commerce,home,variable				rupeesign.gauge.chart.leftthird.topthird.rightthird	
rupeesign.ring	2024	18.0	15.0	18.0	11.0	2.0	commerce,home				rupeesign.ring	
rupeesign.ring.dashed	2024	18.0	15.0	18.0	11.0	2.0	commerce,home,variable				rupeesign.ring.dashed	
rupeesign.square	2019	13.0	10.15	13.0	6.0	1.0	commerce,indices	currencies,currency		rupeesign.square.fill	rupeesign	square
rupeesign.square.fill	2019	13.0	10.15	13.0	6.0	1.0	commerce,indices,multicolor	currencies,currency			rupeesign	square,fill
s.circle	2019	13.0	10.15	13.0	6.0	1.0	indices,variable			s.circle.fill	s	circle
s.circle.fill	2019	13.0	10.15	13.0	6.0	1.0	indices,multicolor				s	circle,fill
s.square	2019	13.0	10.15	13.0	6.0	1.0	indices			s.square.fill	s	square
s.square.fill	2019	13.0	10.15	13.0	6.0	1.0	indices,multicolor				s	square,fill
safari	2019	13.0	10.15	13.0	6.0	1.0		compass	This symbol may not be modified and may only be used to refer to Apple’s Safari browser.	safari.fill	safari	
safari.fill	2019	13.0	10.15	13.0	6.0	1.0	multicolor	compass	This symbol may not be modified and may only be used to refer to Apple’s Safari browser.		safari	fill
sailboat	2022	16.0	13.0	16.0	9.0	1.0	objectsandtools,transportation			sailboat.fill	sailboat	
sailboat.circle	2022.1	16.1	13.0	16.1	9.1	1.0	objectsandtools,transportation,variable			sailboat.circle.fill	sailboat	circle
sailboat.circle.fill	2022.1	16.1	13.0	16.1	9.1	1.0	multicolor,objectsandtools,transportation				sailboat	circle,fill
sailboat.fill	2022	16.0	13.0	16.0	9.0	1.0	objectsandtools,transportation				sailboat	fill
scale.3d	2020	14.0	11.0	14.0	7.0	1.0	editing				scale.3d	
scalemass	2020	14.0	11.0	14.0	7.0	1.0	objectsandtools	weight		scalemass.fill	scalemass	
scalemass.fill	2020	14.0	11.0	14.0	7.0	1.0	objectsandtools	weight			scalemass	fill
scanner	2020	14.0	11.0	14.0	7.0	1.0	devices,objectsandtools			scanner.fill	scanner	
scanner.fill	2020	14.0	11.0	14.0	7.0	1.0	devices,objectsandtools				scanner	fill
scissors	2019	13.0	10.15	13.0	6.0	1.0	editing,objectsandtools	cut			scissors	
scissors.badge.ellipsis	2019.1	13.1	10.15	13.0	6.1	1.0	editing,multicolor,objectsandtools	action,dot.3,extra,more,overflow,…			scissors.badge.ellipsis	
scissors.circle	2021	15.0	12.0	15.0	8.0	1.0	editing,objectsandtools,variable			scissors.circle.fill	scissors	circle
scissors.circle.fill	2021	15.0	12.0	15.0	8.0	1.0	editing,multicolor,objectsandtools				scissors	circle,fill
scooter	2021	15.0	12.0	15.0	8.0	1.0	transportation				scooter	
scope	2019	13.0	10.15	13.0	6.0	1.0	cameraandphotos	circle,crosshair,inspect,locate,measure,point,select,target			scope	
scope.continuous	2026	27.0	27.0	27.0	27.0	27.0	cameraandphotos,whatsnew	circle,crosshair,inspect,locate,measure,point,select,target			scope.continuous	
screwdriver	2021	15.0	12.0	15.0	8.0	1.0	objectsandtools			screwdriver.fill	screwdriver	
screwdriver.fill	2021	15.0	12.0	15.0	8.0	1.0	objectsandtools				screwdriver	fill
scribble	2019	13.0	10.15	13.0	6.0	1.0	editing				scribble	
scribble.variable	2020	14.0	11.0	14.0	7.0	1.0	editing				scribble.variable	
scroll	2020	14.0	11.0	14.0	7.0	1.0	objectsandtools			scroll.fill	scroll	
scroll.fill	2020	14.0	11.0	14.0	7.0	1.0	objectsandtools				scroll	fill
sdcard	2020	14.0	11.0	14.0	7.0	1.0	objectsandtools			sdcard.fill	sdcard	
sdcard.fill	2020	14.0	11.0	14.0	7.0	1.0	objectsandtools				sdcard	fill
seal	2020	14.0	11.0	14.0	7.0	1.0	privacyandsecurity,shapes			seal.fill	seal	
seal.fill	2020	14.0	11.0	14.0	7.0	1.0	privacyandsecurity,shapes				seal	fill
selection.pin.in.out	2019	13.0	10.15	13.0	6.0	1.0	editing	trim			selection.pin.in.out	
sensor	2022	16.0	13.0	16.0	9.0	1.0	home,variable			sensor.fill	sensor	
sensor.fill	2022	16.0	13.0	16.0	9.0	1.0	home,variable				sensor	fill
sensor.radiowaves.left.and.right	2025	26.0	26.0	26.0	26.0	26.0	devices,variable			sensor.radiowaves.left.and.right.fill	sensor.radiowaves.left.and.right	
sensor.radiowaves.left.and.right.fill	2025	26.0	26.0	26.0	26.0	26.0	devices,variable				sensor.radiowaves.left.and.right	fill
sensor.tag.radiowaves.forward	2021	15.0	12.0	15.0	8.0	1.0	objectsandtools,variable	findable,location		sensor.tag.radiowaves.forward.fill	sensor.tag.radiowaves.forward	
sensor.tag.radiowaves.forward.fill	2021	15.0	12.0	15.0	8.0	1.0	objectsandtools,variable	findable,location			sensor.tag.radiowaves.forward	fill
server.rack	2020	14.0	11.0	14.0	7.0	1.0	devices				server.rack	
service.dog	2025	26.0	26.0	26.0	26.0	26.0	accessibility,nature	animals		service.dog.fill	service.dog	
service.dog.fill	2025	26.0	26.0	26.0	26.0	26.0	accessibility,nature	animals			service.dog	fill
shadow	2020	14.0	11.0	14.0	7.0	1.0	multicolor,textformatting				shadow	
sharedwithyou	2024	18.0	15.0	18.0	11.0	2.0	human	people,person	This symbol may not be modified and may only be used to refer to Apple’s Shared With You feature.		sharedwithyou	
sharedwithyou.circle	2024	18.0	15.0	18.0	11.0	2.0	human,variable	people,person	This symbol may not be modified and may only be used to refer to Apple’s Shared With You feature.	sharedwithyou.circle.fill	sharedwithyou	circle
sharedwithyou.circle.fill	2024	18.0	15.0	18.0	11.0	2.0	human,multicolor	people,person	This symbol may not be modified and may only be used to refer to Apple’s Shared With You feature.		sharedwithyou	circle,fill
sharedwithyou.slash	2024	18.0	15.0	18.0	11.0	2.0	human	people,person,remove	This symbol may not be modified and may only be used to refer to Apple’s Shared With You feature.		sharedwithyou	slash
shareplay	2021	15.0	12.0	15.0	8.0	1.0	human,variable	people,person,rainbow	This symbol may not be modified and may only be used to refer to Apple’s SharePlay.		shareplay	
shareplay.slash	2021	15.0	12.0	15.0	8.0	1.0	human	people,person,rainbow,remove	This symbol may not be modified and may only be used to refer to Apple’s SharePlay.		shareplay	slash
shazam.logo	2022	16.0	13.0	16.0	9.0	1.0			This symbol may not be modified and may only be used to refer to Apple’s Shazam.	shazam.logo.fill	shazam.logo	
shazam.logo.fill	2022	16.0	13.0	16.0	9.0	1.0	multicolor		This symbol may not be modified and may only be used to refer to Apple’s Shazam.		shazam.logo	fill
shekelsign	2022	16.0	13.0	16.0	9.0	1.0	commerce,indices	currencies,currency			shekelsign	
shekelsign.arrow.trianglehead.counterclockwise.rotate.90	2024	18.0	15.0	18.0	11.0	2.0	arrows,commerce	currencies,currency			shekelsign.arrow.trianglehead.counterclockwise.rotate.90	
shekelsign.building.classical	2026	27.0	27.0	27.0	27.0	27.0	commerce,objectsandtools	currencies,currency		shekelsign.building.classical.fill	shekelsign.building.classical	
shekelsign.building.classical.fill	2026	27.0	27.0	27.0	27.0	27.0	commerce,multicolor,objectsandtools	currencies,currency			shekelsign.building.classical	fill
shekelsign.circle	2020	14.0	11.0	14.0	7.0	1.0	commerce,indices,variable	currencies,currency		shekelsign.circle.fill	shekelsign	circle
shekelsign.circle.fill	2020	14.0	11.0	14.0	7.0	1.0	commerce,indices,multicolor	currencies,currency			shekelsign	circle,fill
shekelsign.gauge.chart.lefthalf.righthalf	2024	18.0	15.0	18.0	11.0	2.0	commerce,home,variable				shekelsign.gauge.chart.lefthalf.righthalf	
shekelsign.gauge.chart.leftthird.topthird.rightthird	2024	18.0	15.0	18.0	11.0	2.0	commerce,home,variable				shekelsign.gauge.chart.leftthird.topthird.rightthird	
shekelsign.ring	2024	18.0	15.0	18.0	11.0	2.0	commerce,home				shekelsign.ring	
shekelsign.ring.dashed	2024	18.0	15.0	18.0	11.0	2.0	commerce,home,variable				shekelsign.ring.dashed	
shekelsign.square	2020	14.0	11.0	14.0	7.0	1.0	commerce,indices	currencies,currency		shekelsign.square.fill	shekelsign	square
shekelsign.square.fill	2020	14.0	11.0	14.0	7.0	1.0	commerce,indices,multicolor	currencies,currency			shekelsign	square,fill
shield	2019	13.0	10.15	13.0	6.0	1.0	objectsandtools,privacyandsecurity,shapes			shield.fill	shield	
shield.fill	2019	13.0	10.15	13.0	6.0	1.0	objectsandtools,privacyandsecurity,shapes				shield	fill
shield.lefthalf.filled	2021	15.0	12.0	15.0	8.0	1.0	objectsandtools,privacyandsecurity				shield.lefthalf.filled	
shield.lefthalf.filled.badge.checkmark	2023	17.0	14.0	17.0	10.0	1.0	multicolor,objectsandtools,privacyandsecurity				shield.lefthalf.filled.badge.checkmark	
shield.lefthalf.filled.slash	2021	15.0	12.0	15.0	8.0	1.0	objectsandtools,privacyandsecurity	remove			shield.lefthalf.filled	slash
shield.lefthalf.filled.trianglebadge.exclamationmark	2023	17.0	14.0	17.0	10.0	1.0	multicolor,objectsandtools,privacyandsecurity				shield.lefthalf.filled.trianglebadge.exclamationmark	
shield.pattern.checkered	2024	18.0	15.0	18.0	11.0	2.0	objectsandtools				shield.pattern.checkered	
shield.righthalf.filled	2021	15.0	12.0	15.0	8.0	1.0	objectsandtools,privacyandsecurity				shield.righthalf.filled	
shield.slash	2019	13.0	10.15	13.0	6.0	1.0	objectsandtools,privacyandsecurity	remove		shield.slash.fill	shield	slash
shield.slash.fill	2019	13.0	10.15	13.0	6.0	1.0	objectsandtools,privacyandsecurity	remove			shield	slash,fill
shift	2019	13.0	10.15	13.0	6.0	1.0	keyboard			shift.fill	shift	
shift.fill	2019	13.0	10.15	13.0	6.0	1.0	keyboard				shift	fill
shippingbox	2020	14.0	11.0	14.0	7.0	1.0	objectsandtools			shippingbox.fill	shippingbox	
shippingbox.and.arrow.backward	2022	16.0	13.0	16.0	9.0	1.0	objectsandtools			shippingbox.and.arrow.backward.fill	shippingbox.and.arrow.backward	
shippingbox.and.arrow.backward.fill	2022	16.0	13.0	16.0	9.0	1.0	objectsandtools				shippingbox.and.arrow.backward	fill
shippingbox.circle	2021	15.0	12.0	15.0	8.0	1.0	objectsandtools,variable			shippingbox.circle.fill	shippingbox	circle
shippingbox.circle.fill	2021	15.0	12.0	15.0	8.0	1.0	multicolor,objectsandtools				shippingbox	circle,fill
shippingbox.fill	2020	14.0	11.0	14.0	7.0	1.0	objectsandtools				shippingbox	fill
shoe	2023	17.0	14.0	17.0	10.0	1.0	objectsandtools			shoe.fill	shoe	
shoe.2	2023	17.0	14.0	17.0	10.0	1.0	objectsandtools			shoe.2.fill	shoe.2	
shoe.2.fill	2023	17.0	14.0	17.0	10.0	1.0	objectsandtools				shoe.2	fill
shoe.arrow.trianglehead.up.and.down	2025	26.0	26.0	26.0	26.0	26.0	automotive,objectsandtools			shoe.arrow.trianglehead.up.and.down.fill	shoe.arrow.trianglehead.up.and.down	
shoe.arrow.trianglehead.up.and.down.fill	2025	26.0	26.0	26.0	26.0	26.0	automotive,objectsandtools				shoe.arrow.trianglehead.up.and.down	fill
shoe.arrow.trianglehead.up.right	2025	26.0	26.0	26.0	26.0	26.0	automotive,objectsandtools			shoe.arrow.trianglehead.up.right.fill	shoe.arrow.trianglehead.up.right	
shoe.arrow.trianglehead.up.right.circle	2025	26.0	26.0	26.0	26.0	26.0	automotive,objectsandtools,variable			shoe.arrow.trianglehead.up.right.circle.fill	shoe.arrow.trianglehead.up.right	circle
shoe.arrow.trianglehead.up.right.circle.fill	2025	26.0	26.0	26.0	26.0	26.0	automotive,multicolor,objectsandtools				shoe.arrow.trianglehead.up.right	circle,fill
shoe.arrow.trianglehead.up.right.fill	2025	26.0	26.0	26.0	26.0	26.0	automotive,objectsandtools				shoe.arrow.trianglehead.up.right	fill
shoe.circle	2023	17.0	14.0	17.0	10.0	1.0	objectsandtools,variable			shoe.circle.fill	shoe	circle
shoe.circle.fill	2023	17.0	14.0	17.0	10.0	1.0	multicolor,objectsandtools				shoe	circle,fill
shoe.fill	2023	17.0	14.0	17.0	10.0	1.0	objectsandtools				shoe	fill
shoe.running.and.shadow.fill	2026	27.0	27.0	27.0	27.0	27.0	fitness,objectsandtools,whatsnew				shoe.running.and.shadow	fill
shoeprints.fill	2022	16.0	13.0	16.0	9.0	1.0	human				shoeprints	fill
shower	2022	16.0	13.0	16.0	9.0	1.0	home,objectsandtools,variable			shower.fill	shower	
shower.fill	2022	16.0	13.0	16.0	9.0	1.0	home,objectsandtools,variable				shower	fill
shower.handheld	2022	16.0	13.0	16.0	9.0	1.0	home,objectsandtools,variable			shower.handheld.fill	shower.handheld	
shower.handheld.fill	2022	16.0	13.0	16.0	9.0	1.0	home,objectsandtools,variable				shower.handheld	fill
shower.sidejet	2022	16.0	13.0	16.0	9.0	1.0	home,objectsandtools,variable			shower.sidejet.fill	shower.sidejet	
shower.sidejet.fill	2022	16.0	13.0	16.0	9.0	1.0	home,objectsandtools,variable				shower.sidejet	fill
shuffle	2019	13.0	10.15	13.0	6.0	1.0	arrows,media	arrow,arrow.trianglehead,trianglehead			shuffle	
shuffle.circle	2020.1	14.2	11.0	14.2	7.1	1.0	arrows,media,variable	arrow,arrow.trianglehead,trianglehead		shuffle.circle.fill	shuffle	circle
shuffle.circle.fill	2020.1	14.2	11.0	14.2	7.1	1.0	arrows,media,multicolor	arrow,arrow.trianglehead,trianglehead			shuffle	circle,fill
sidebar.leading	2020	14.0	11.0	14.0	7.0	1.0					sidebar.leading	
sidebar.left	2019	13.0	10.15	13.0	6.0	1.0					sidebar.left	
sidebar.right	2019	13.0	10.15	13.0	6.0	1.0					sidebar.right	
sidebar.squares.leading	2020	14.0	11.0	14.0	7.0	1.0					sidebar.squares.leading	
sidebar.squares.left	2020	14.0	11.0	14.0	7.0	1.0					sidebar.squares.left	
sidebar.squares.right	2020	14.0	11.0	14.0	7.0	1.0					sidebar.squares.right	
sidebar.squares.trailing	2020	14.0	11.0	14.0	7.0	1.0					sidebar.squares.trailing	
sidebar.trailing	2020	14.0	11.0	14.0	7.0	1.0					sidebar.trailing	
signature	2019	13.0	10.15	13.0	6.0	1.0	commerce,editing,textformatting				signature	
signpost.and.arrowtriangle.up	2022.1	16.1	13.0	16.1	9.1	1.0	objectsandtools	campground,camping,trail,trailhead		signpost.and.arrowtriangle.up.fill	signpost.and.arrowtriangle.up	
signpost.and.arrowtriangle.up.circle	2022.1	16.1	13.0	16.1	9.1	1.0	objectsandtools,variable	campground,camping,trail,trailhead		signpost.and.arrowtriangle.up.circle.fill	signpost.and.arrowtriangle.up	circle
signpost.and.arrowtriangle.up.circle.fill	2022.1	16.1	13.0	16.1	9.1	1.0	multicolor,objectsandtools	campground,camping,trail,trailhead			signpost.and.arrowtriangle.up	circle,fill
signpost.and.arrowtriangle.up.fill	2022.1	16.1	13.0	16.1	9.1	1.0	multicolor,objectsandtools	campground,camping,trail,trailhead			signpost.and.arrowtriangle.up	fill
signpost.left	2020	14.0	11.0	14.0	7.0	1.0	objectsandtools	campground,camping,trail		signpost.left.fill	signpost.left	
signpost.left.circle	2022.1	16.1	13.0	16.1	9.1	1.0	objectsandtools,variable	campground,camping,trail		signpost.left.circle.fill	signpost.left	circle
signpost.left.circle.fill	2022.1	16.1	13.0	16.1	9.1	1.0	multicolor,objectsandtools	campground,camping,trail			signpost.left	circle,fill
signpost.left.fill	2020	14.0	11.0	14.0	7.0	1.0	objectsandtools	campground,camping,trail			signpost.left	fill
signpost.right	2020	14.0	11.0	14.0	7.0	1.0	objectsandtools	campground,camping,trail		signpost.right.fill	signpost.right	
signpost.right.and.left	2022.1	16.1	13.0	16.1	9.1	1.0	objectsandtools	campground,camping,fork,trail		signpost.right.and.left.fill	signpost.right.and.left	
signpost.right.and.left.circle	2022.1	16.1	13.0	16.1	9.1	1.0	objectsandtools,variable	campground,camping,fork,trail		signpost.right.and.left.circle.fill	signpost.right.and.left	circle
signpost.right.and.left.circle.fill	2022.1	16.1	13.0	16.1	9.1	1.0	multicolor,objectsandtools	campground,camping,fork,trail			signpost.right.and.left	circle,fill
signpost.right.and.left.fill	2022.1	16.1	13.0	16.1	9.1	1.0	objectsandtools	campground,camping,fork,trail			signpost.right.and.left	fill
signpost.right.circle	2022.1	16.1	13.0	16.1	9.1	1.0	objectsandtools,variable	campground,camping,trail		signpost.right.circle.fill	signpost.right	circle
signpost.right.circle.fill	2022.1	16.1	13.0	16.1	9.1	1.0	multicolor,objectsandtools	campground,camping,trail			signpost.right	circle,fill
signpost.right.fill	2020	14.0	11.0	14.0	7.0	1.0	objectsandtools	campground,camping,trail			signpost.right	fill
simcard	2020	14.0	11.0	14.0	7.0	1.0	objectsandtools			simcard.fill	simcard	
simcard.2	2020	14.0	11.0	14.0	7.0	1.0	objectsandtools			simcard.2.fill	simcard.2	
simcard.2.fill	2020	14.0	11.0	14.0	7.0	1.0	objectsandtools				simcard.2	fill
simcard.fill	2020	14.0	11.0	14.0	7.0	1.0	objectsandtools				simcard	fill
singaporedollarsign	2024	18.0	15.0	18.0	11.0	2.0	commerce,indices	currencies,currency			singaporedollarsign	
singaporedollarsign.arrow.trianglehead.counterclockwise.rotate.90	2024	18.0	15.0	18.0	11.0	2.0	arrows,commerce	currencies,currency			singaporedollarsign.arrow.trianglehead.counterclockwise.rotate.90	
singaporedollarsign.building.classical	2026	27.0	27.0	27.0	27.0	27.0	commerce,objectsandtools	currencies,currency		singaporedollarsign.building.classical.fill	singaporedollarsign.building.classical	
singaporedollarsign.building.classical.fill	2026	27.0	27.0	27.0	27.0	27.0	commerce,multicolor,objectsandtools	currencies,currency			singaporedollarsign.building.classical	fill
singaporedollarsign.circle	2024	18.0	15.0	18.0	11.0	2.0	commerce,indices,variable	currencies,currency		singaporedollarsign.circle.fill	singaporedollarsign	circle
singaporedollarsign.circle.fill	2024	18.0	15.0	18.0	11.0	2.0	commerce,indices,multicolor	currencies,currency			singaporedollarsign	circle,fill
singaporedollarsign.gauge.chart.lefthalf.righthalf	2024	18.0	15.0	18.0	11.0	2.0	commerce,home,variable				singaporedollarsign.gauge.chart.lefthalf.righthalf	
singaporedollarsign.gauge.chart.leftthird.topthird.rightthird	2024	18.0	15.0	18.0	11.0	2.0	commerce,home,variable				singaporedollarsign.gauge.chart.leftthird.topthird.rightthird	
singaporedollarsign.ring	2024	18.0	15.0	18.0	11.0	2.0	commerce,home				singaporedollarsign.ring	
singaporedollarsign.ring.dashed	2024	18.0	15.0	18.0	11.0	2.0	commerce,home,variable				singaporedollarsign.ring.dashed	
singaporedollarsign.square	2024	18.0	15.0	18.0	11.0	2.0	commerce,indices	currencies,currency		singaporedollarsign.square.fill	singaporedollarsign	square
singaporedollarsign.square.fill	2024	18.0	15.0	18.0	11.0	2.0	commerce,indices,multicolor	currencies,currency			singaporedollarsign	square,fill
sink	2022	16.0	13.0	16.0	9.0	1.0	home,objectsandtools			sink.fill	sink	
sink.fill	2022	16.0	13.0	16.0	9.0	1.0	home,objectsandtools				sink	fill
siri	2025	26.0	26.0	26.0	26.0	26.0	accessibility	siri	This symbol may not be modified and may only be used to refer to Apple’s Siri.		siri	
siri.gen1	2026	27.0	27.0	27.0	27.0	27.0	accessibility,whatsnew	siri	This symbol may not be modified and may only be used to refer to Apple’s Siri.		siri.gen1	
siri.gen2	2026	27.0	27.0	27.0	27.0	27.0	whatsnew	siri	This symbol may not be modified and may only be used to refer to Apple’s Siri.		siri.gen2	
skateboard	2023	17.0	14.0	17.0	10.0	1.0	fitness,objectsandtools	sports		skateboard.fill	skateboard	
skateboard.fill	2023	17.0	14.0	17.0	10.0	1.0	fitness,objectsandtools	sports			skateboard	fill
skew	2019	13.0	10.15	13.0	6.0	1.0	editing				skew	
skis	2023	17.0	14.0	17.0	10.0	1.0	fitness,objectsandtools	sports		skis.fill	skis	
skis.fill	2023	17.0	14.0	17.0	10.0	1.0	fitness,objectsandtools	sports			skis	fill
slash.circle	2019	13.0	10.15	13.0	6.0	1.0	variable	/,÷		slash.circle.fill	slash	circle
slash.circle.fill	2019	13.0	10.15	13.0	6.0	1.0	multicolor	/,÷			slash	circle,fill
sleep	2020	14.0	11.0	14.0	7.0	1.0		sleep			sleep	
sleep.circle	2021	15.0	12.0	15.0	8.0	1.0	variable			sleep.circle.fill	sleep	circle
sleep.circle.fill	2021	15.0	12.0	15.0	8.0	1.0	multicolor				sleep	circle,fill
slider.horizontal.2.arrow.trianglehead.counterclockwise	2024	18.0	15.0	18.0	11.0	2.0	arrows,editing	adjust,edit			slider.horizontal.2.arrow.trianglehead.counterclockwise	
slider.horizontal.2.rectangle.and.arrow.trianglehead.2.clockwise.rotate.90	2024	18.0	15.0	18.0	11.0	2.0					slider.horizontal.2.rectangle.and.arrow.trianglehead.2.clockwise.rotate.90	
slider.horizontal.2.square	2023	17.0	14.0	17.0	10.0	1.0	editing	adjust,edit			slider.horizontal.2	square
slider.horizontal.2.square.badge.arrow.down	2022	16.0	13.0	16.0	9.0	1.0	editing,multicolor	adjust,edit			slider.horizontal.2.square.badge.arrow.down	
slider.horizontal.2.square.on.square	2022	16.0	13.0	16.0	9.0	1.0	editing	adjust,edit			slider.horizontal.2.square.on	square
slider.horizontal.3	2019	13.0	10.15	13.0	6.0	1.0	editing	adjust,edit			slider.horizontal.3	
slider.horizontal.below.circle.lefthalf.filled	2025	26.0	26.0	26.0	26.0	26.0	editing				slider.horizontal.below.circle.lefthalf.filled	
slider.horizontal.below.circle.lefthalf.filled.inverse	2025	26.0	26.0	26.0	26.0	26.0	editing				slider.horizontal.below.circle.lefthalf.filled.inverse	
slider.horizontal.below.circle.righthalf.filled	2025	26.0	26.0	26.0	26.0	26.0	editing				slider.horizontal.below.circle.righthalf.filled	
slider.horizontal.below.circle.righthalf.filled.inverse	2025	26.0	26.0	26.0	26.0	26.0	editing				slider.horizontal.below.circle.righthalf.filled.inverse	
slider.horizontal.below.rectangle	2019	13.0	10.15	13.0	6.0	1.0	editing	adjust,edit			slider.horizontal.below	rectangle
slider.horizontal.below.square.and.square.filled	2022	16.0	13.0	16.0	9.0	1.0	editing	adjust,edit			slider.horizontal.below.square.and.square.filled	
slider.horizontal.below.square.filled.and.square	2021	15.0	12.0	15.0	8.0	1.0	editing	adjust,edit			slider.horizontal.below.square.filled.and	square
slider.horizontal.below.sun.max	2023	17.0	14.0	17.0	10.0	1.0	editing	adjust,edit			slider.horizontal.below.sun.max	
slider.horizontal.below.sun.min	2025.1	26.1	26.1	26.1	26.1	26.1	editing	adjust,edit			slider.horizontal.below.sun.min	
slider.vertical.3	2020	14.0	11.0	14.0	7.0	1.0	editing	adjust,edit			slider.vertical.3	
slowmo	2019	13.0	10.15	13.0	6.0	1.0	variable				slowmo	
smallcircle.circle	2019	13.0	10.15	13.0	6.0	1.0	variable			smallcircle.circle.fill	smallcircle	circle
smallcircle.circle.fill	2019	13.0	10.15	13.0	6.0	1.0	multicolor				smallcircle	circle,fill
smallcircle.filled.circle	2021	15.0	12.0	15.0	8.0	1.0	accessibility,variable	dot		smallcircle.filled.circle.fill	smallcircle.filled	circle
smallcircle.filled.circle.fill	2021	15.0	12.0	15.0	8.0	1.0	accessibility,multicolor	dot			smallcircle.filled	circle,fill
smartphone	2023	17.0	14.0	17.0	10.0	1.0	devices				smartphone	
smoke	2019	13.0	10.15	13.0	6.0	1.0	nature,weather	weather		smoke.fill	smoke	
smoke.circle	2022	16.0	13.0	16.0	9.0	1.0	nature,variable,weather	weather		smoke.circle.fill	smoke	circle
smoke.circle.fill	2022	16.0	13.0	16.0	9.0	1.0	multicolor,nature,weather	weather			smoke	circle,fill
smoke.fill	2019	13.0	10.15	13.0	6.0	1.0	multicolor,nature,weather	weather			smoke	fill
snowboard	2023	17.0	14.0	17.0	10.0	1.0	fitness,objectsandtools	sports		snowboard.fill	snowboard	
snowboard.fill	2023	17.0	14.0	17.0	10.0	1.0	fitness,objectsandtools	sports			snowboard	fill
snowflake	2021	15.0	12.0	15.0	8.0	1.0	automotive,nature,weather	weather			snowflake	
snowflake.circle	2021	15.0	12.0	15.0	8.0	1.0	automotive,nature,variable,weather	weather		snowflake.circle.fill	snowflake	circle
snowflake.circle.fill	2021	15.0	12.0	15.0	8.0	1.0	automotive,multicolor,nature,weather	weather			snowflake	circle,fill
snowflake.road.lane	2022.1	16.1	13.0	16.1	9.1	1.0	automotive				snowflake.road.lane	
snowflake.road.lane.dashed	2022.1	16.1	13.0	16.1	9.1	1.0	automotive				snowflake.road.lane.dashed	
snowflake.slash	2022.1	16.1	13.0	16.1	9.1	1.0	automotive,multicolor,nature,weather	weather			snowflake	slash
soccerball	2022	16.0	13.0	16.0	9.0	1.0	fitness,objectsandtools	football,sports			soccerball	
soccerball.circle	2022	16.0	13.0	16.0	9.0	1.0	fitness,objectsandtools,variable	football,sports		soccerball.circle.fill	soccerball	circle
soccerball.circle.fill	2022	16.0	13.0	16.0	9.0	1.0	fitness,multicolor,objectsandtools	football,sports			soccerball	circle,fill
soccerball.circle.fill.inverse	2022	16.0	13.0	16.0	9.0	1.0	fitness,multicolor,objectsandtools	football,sports			soccerball.circle.fill.inverse	
soccerball.circle.inverse	2022	16.0	13.0	16.0	9.0	1.0	fitness,objectsandtools	football,sports			soccerball.circle.inverse	
soccerball.inverse	2022	16.0	13.0	16.0	9.0	1.0	fitness,objectsandtools	football,sports			soccerball.inverse	
sofa	2022	16.0	13.0	16.0	9.0	1.0	home,objectsandtools	couch		sofa.fill	sofa	
sofa.fill	2022	16.0	13.0	16.0	9.0	1.0	home,objectsandtools	couch			sofa	fill
sos	2022.1	16.1	13.0	16.1	9.1	1.0	connectivity				sos	
sos.circle	2022.1	16.1	13.0	16.1	9.1	1.0	connectivity,variable			sos.circle.fill	sos	circle
sos.circle.fill	2022.1	16.1	13.0	16.1	9.1	1.0	connectivity,multicolor				sos	circle,fill
space	2022	16.0	13.0	16.0	9.0	1.0	keyboard				space	
sparkle	2020	14.0	11.0	14.0	7.0	1.0	multicolor				sparkle	
sparkle.magnifyingglass	2021	15.0	12.0	15.0	8.0	1.0	objectsandtools	search			sparkle.magnifyingglass	
sparkle.text.clipboard	2025	26.0	26.0	26.0	26.0	26.0	health,objectsandtools	notes		sparkle.text.clipboard.fill	sparkle.text.clipboard	
sparkle.text.clipboard.fill	2025	26.0	26.0	26.0	26.0	26.0	health,multicolor,objectsandtools	notes			sparkle.text.clipboard	fill
sparkles	2019	13.0	10.15	13.0	6.0	1.0	multicolor,nature,weather	weather			sparkles	
sparkles.2	2025	26.0	26.0	26.0	26.0	26.0					sparkles.2	
sparkles.rectangle.stack	2020	14.0	11.0	14.0	7.0	1.0				sparkles.rectangle.stack.fill	sparkles.rectangle.stack	
sparkles.rectangle.stack.fill	2020	14.0	11.0	14.0	7.0	1.0	multicolor				sparkles.rectangle.stack	fill
sparkles.square.filled.on.square	2021	15.0	12.0	15.0	8.0	1.0					sparkles.square.filled.on	square
sparkles.tv	2021	15.0	12.0	15.0	8.0	1.0	devices			sparkles.tv.fill	sparkles.tv	
sparkles.tv.fill	2021	15.0	12.0	15.0	8.0	1.0	devices				sparkles.tv	fill
spatial.capture	2025	26.0	26.0	26.0	26.0	26.0			This symbol may not be modified and may only be used to refer to Apple’s Spatial Scene feature.	spatial.capture.fill	spatial.capture	
spatial.capture.fill	2025	26.0	26.0	26.0	26.0	26.0			This symbol may not be modified and may only be used to refer to Apple’s Spatial Scene feature.		spatial.capture	fill
spatial.capture.on.hexagon	2025	26.0	26.0	26.0	26.0	26.0			This symbol may not be modified and may only be used to refer to Apple’s Spatial Scene feature.	spatial.capture.on.hexagon.fill	spatial.capture.on.hexagon	
spatial.capture.on.hexagon.fill	2025	26.0	26.0	26.0	26.0	26.0			This symbol may not be modified and may only be used to refer to Apple’s Spatial Scene feature.		spatial.capture.on.hexagon	fill
spatial.capture.slash	2025	26.0	26.0	26.0	26.0	26.0			This symbol may not be modified and may only be used to refer to Apple’s Spatial Scene feature.	spatial.capture.slash.fill	spatial.capture	slash
spatial.capture.slash.fill	2025	26.0	26.0	26.0	26.0	26.0			This symbol may not be modified and may only be used to refer to Apple’s Spatial Scene feature.		spatial.capture	slash,fill
speaker	2019	13.0	10.15	13.0	6.0	1.0	objectsandtools	volume		speaker.fill	speaker	
speaker.badge.exclamationmark	2021	15.0	12.0	15.0	8.0	1.0	multicolor,objectsandtools	!,volume,warning		speaker.badge.exclamationmark.fill	speaker.badge.exclamationmark	
speaker.badge.exclamationmark.fill	2021	15.0	12.0	15.0	8.0	1.0	multicolor,objectsandtools	!,volume,warning			speaker.badge.exclamationmark	fill
speaker.circle	2021	15.0	12.0	15.0	8.0	1.0	objectsandtools,variable	volume		speaker.circle.fill	speaker	circle
speaker.circle.fill	2021	15.0	12.0	15.0	8.0	1.0	multicolor,objectsandtools	volume			speaker	circle,fill
speaker.fill	2019	13.0	10.15	13.0	6.0	1.0	objectsandtools	volume			speaker	fill
speaker.minus	2022	16.0	13.0	16.0	9.0	1.0	objectsandtools	volume		speaker.minus.fill	speaker.minus	
speaker.minus.fill	2022	16.0	13.0	16.0	9.0	1.0	objectsandtools	volume			speaker.minus	fill
speaker.plus	2022	16.0	13.0	16.0	9.0	1.0	objectsandtools	volume		speaker.plus.fill	speaker.plus	
speaker.plus.fill	2022	16.0	13.0	16.0	9.0	1.0	objectsandtools	volume			speaker.plus	fill
speaker.slash	2019	13.0	10.15	13.0	6.0	1.0	objectsandtools	mute,remove,volume		speaker.slash.fill	speaker	slash
speaker.slash.circle	2020	14.0	11.0	14.0	7.0	1.0	objectsandtools,variable	remove,volume		speaker.slash.circle.fill	speaker	slash,circle
speaker.slash.circle.fill	2020	14.0	11.0	14.0	7.0	1.0	multicolor,objectsandtools	remove,volume			speaker	slash,circle,fill
speaker.slash.fill	2019	13.0	10.15	13.0	6.0	1.0	objectsandtools	mute,remove,volume			speaker	slash,fill
speaker.square	2022	16.0	13.0	16.0	9.0	1.0	objectsandtools	volume		speaker.square.fill	speaker	square
speaker.square.fill	2022	16.0	13.0	16.0	9.0	1.0	multicolor,objectsandtools	volume			speaker	square,fill
speaker.trianglebadge.exclamationmark	2025	26.0	26.0	26.0	26.0	26.0	multicolor,objectsandtools	!,volume,warning		speaker.trianglebadge.exclamationmark.fill	speaker.trianglebadge.exclamationmark	
speaker.trianglebadge.exclamationmark.fill	2025	26.0	26.0	26.0	26.0	26.0	multicolor,objectsandtools	!,volume,warning			speaker.trianglebadge.exclamationmark	fill
speaker.wave.1	2020	14.0	11.0	14.0	7.0	1.0	objectsandtools,variable	volume		speaker.wave.1.fill	speaker.wave.1	
speaker.wave.1.arrowtriangles.up.right.down.left	2024	18.0	15.0	18.0	11.0	2.0	objectsandtools,variable	volume			speaker.wave.1.arrowtriangles.up.right.down.left	
speaker.wave.1.fill	2020	14.0	11.0	14.0	7.0	1.0	objectsandtools,variable	volume			speaker.wave.1	fill
speaker.wave.2	2020	14.0	11.0	14.0	7.0	1.0	objectsandtools,variable	volume		speaker.wave.2.fill	speaker.wave.2	
speaker.wave.2.bubble	2023	17.0	14.0	17.0	10.0	1.0	communication,variable			speaker.wave.2.bubble.fill	speaker.wave.2.bubble	
speaker.wave.2.bubble.fill	2023	17.0	14.0	17.0	10.0	1.0	communication,multicolor,variable				speaker.wave.2.bubble	fill
speaker.wave.2.circle	2020	14.0	11.0	14.0	7.0	1.0	objectsandtools,variable	volume		speaker.wave.2.circle.fill	speaker.wave.2	circle
speaker.wave.2.circle.fill	2020	14.0	11.0	14.0	7.0	1.0	multicolor,objectsandtools,variable	volume			speaker.wave.2	circle,fill
speaker.wave.2.fill	2020	14.0	11.0	14.0	7.0	1.0	objectsandtools,variable	volume			speaker.wave.2	fill
speaker.wave.3	2020	14.0	11.0	14.0	7.0	1.0	objectsandtools,variable	volume		speaker.wave.3.fill	speaker.wave.3	
speaker.wave.3.fill	2020	14.0	11.0	14.0	7.0	1.0	objectsandtools,variable	volume			speaker.wave.3	fill
speaker.zzz	2019	13.0	10.15	13.0	6.0	1.0	objectsandtools			speaker.zzz.fill	speaker.zzz	
speaker.zzz.fill	2019	13.0	10.15	13.0	6.0	1.0	objectsandtools				speaker.zzz	fill
spigot	2022	16.0	13.0	16.0	9.0	1.0	home,objectsandtools	faucet		spigot.fill	spigot	
spigot.fill	2022	16.0	13.0	16.0	9.0	1.0	home,objectsandtools	faucet			spigot	fill
spoon.serving	2024.3	18.4	15.4	18.4	11.4	2.4	objectsandtools	drink,food			spoon.serving	
sportscourt	2019	13.0	10.15	13.0	6.0	1.0	fitness	sports		sportscourt.fill	sportscourt	
sportscourt.circle	2022	16.0	13.0	16.0	9.0	1.0	fitness,variable	sports		sportscourt.circle.fill	sportscourt	circle
sportscourt.circle.fill	2022	16.0	13.0	16.0	9.0	1.0	fitness,multicolor	sports			sportscourt	circle,fill
sportscourt.fill	2019	13.0	10.15	13.0	6.0	1.0	fitness	sports			sportscourt	fill
sprinkler	2022	16.0	13.0	16.0	9.0	1.0	home,objectsandtools			sprinkler.fill	sprinkler	
sprinkler.and.droplets	2022	16.0	13.0	16.0	9.0	1.0	home,objectsandtools,variable	water		sprinkler.and.droplets.fill	sprinkler.and.droplets	
sprinkler.and.droplets.fill	2022	16.0	13.0	16.0	9.0	1.0	home,objectsandtools,variable	water			sprinkler.and.droplets	fill
sprinkler.fill	2022	16.0	13.0	16.0	9.0	1.0	home,objectsandtools				sprinkler	fill
square	2019	13.0	10.15	13.0	6.0	1.0	shapes			square.fill	square	
square.2.layers.3d	2022	16.0	13.0	16.0	9.0	1.0	cameraandphotos			square.2.layers.3d.fill	square.2.layers.3d	
square.2.layers.3d.bottom.filled	2022	16.0	13.0	16.0	9.0	1.0	cameraandphotos				square.2.layers.3d.bottom.filled	
square.2.layers.3d.fill	2023	17.0	14.0	17.0	10.0	1.0	cameraandphotos				square.2.layers.3d	fill
square.2.layers.3d.top.filled	2022	16.0	13.0	16.0	9.0	1.0	cameraandphotos				square.2.layers.3d.top.filled	
square.3.layers.3d	2022	16.0	13.0	16.0	9.0	1.0	cameraandphotos,variable				square.3.layers.3d	
square.3.layers.3d.bottom.filled	2022	16.0	13.0	16.0	9.0	1.0	cameraandphotos				square.3.layers.3d.bottom.filled	
square.3.layers.3d.down.backward	2021.1	15.1	12.0	15.1	8.1	1.0	cameraandphotos,variable				square.3.layers.3d.down.backward	
square.3.layers.3d.down.backward.slash.rtl	2022	16.0	13.0	16.0	9.0	1.0	cameraandphotos				square.3.layers.3d.down.backward.slash.rtl	
square.3.layers.3d.down.forward	2021.1	15.1	12.0	15.1	8.1	1.0	cameraandphotos,variable				square.3.layers.3d.down.forward	
square.3.layers.3d.down.forward.slash.rtl	2022	16.0	13.0	16.0	9.0	1.0	cameraandphotos				square.3.layers.3d.down.forward.slash.rtl	
square.3.layers.3d.down.left	2021.1	15.1	12.0	15.1	8.1	1.0	cameraandphotos,variable				square.3.layers.3d.down.left	
square.3.layers.3d.down.left.slash	2021.2	15.2	12.1	15.2	8.3	1.0	cameraandphotos				square.3.layers.3d.down.left	slash
square.3.layers.3d.down.right	2021.1	15.1	12.0	15.1	8.1	1.0	cameraandphotos,variable				square.3.layers.3d.down.right	
square.3.layers.3d.down.right.slash	2021.2	15.2	12.1	15.2	8.3	1.0	cameraandphotos				square.3.layers.3d.down.right	slash
square.3.layers.3d.middle.filled	2022	16.0	13.0	16.0	9.0	1.0	cameraandphotos				square.3.layers.3d.middle.filled	
square.3.layers.3d.slash	2022	16.0	13.0	16.0	9.0	1.0	cameraandphotos				square.3.layers.3d	slash
square.3.layers.3d.top.filled	2022	16.0	13.0	16.0	9.0	1.0	cameraandphotos				square.3.layers.3d.top.filled	
square.and.arrow.down	2019	13.0	10.15	13.0	6.0	1.0		download,import,save		square.and.arrow.down.fill	square.and.arrow.down	
square.and.arrow.down.badge.checkmark	2024.1	18.1	15.1	18.1	11.1	2.1	multicolor	download,import,save		square.and.arrow.down.badge.checkmark.fill	square.and.arrow.down.badge.checkmark	
square.and.arrow.down.badge.checkmark.fill	2024.1	18.1	15.1	18.1	11.1	2.1	multicolor	download,import,save			square.and.arrow.down.badge.checkmark	fill
square.and.arrow.down.badge.clock	2024	18.0	15.0	18.0	11.0	2.0	multicolor	download,import,save		square.and.arrow.down.badge.clock.fill	square.and.arrow.down.badge.clock	
square.and.arrow.down.badge.clock.fill	2024	18.0	15.0	18.0	11.0	2.0	multicolor	download,import,save			square.and.arrow.down.badge.clock	fill
square.and.arrow.down.badge.xmark	2024.1	18.1	15.1	18.1	11.1	2.1	multicolor	download,import,save		square.and.arrow.down.badge.xmark.fill	square.and.arrow.down.badge.xmark	
square.and.arrow.down.badge.xmark.fill	2024.1	18.1	15.1	18.1	11.1	2.1	multicolor	download,import,save			square.and.arrow.down.badge.xmark	fill
square.and.arrow.down.fill	2019	13.0	10.15	13.0	6.0	1.0		download,import,save			square.and.arrow.down	fill
square.and.arrow.down.on.square	2019	13.0	10.15	13.0	6.0	1.0		download,import,save		square.and.arrow.down.on.square.fill	square.and.arrow.down.on	square
square.and.arrow.down.on.square.fill	2019	13.0	10.15	13.0	6.0	1.0		download,import,save			square.and.arrow.down.on	square,fill
square.and.arrow.up	2019	13.0	10.15	13.0	6.0	1.0		export,share,sharrow,upload		square.and.arrow.up.fill	square.and.arrow.up	
square.and.arrow.up.badge.checkmark	2024.3	18.4	15.4	18.4	11.4	2.4	multicolor	export,share,sharrow,upload		square.and.arrow.up.badge.checkmark.fill	square.and.arrow.up.badge.checkmark	
square.and.arrow.up.badge.checkmark.fill	2024.3	18.4	15.4	18.4	11.4	2.4	multicolor	export,share,sharrow,upload			square.and.arrow.up.badge.checkmark	fill
square.and.arrow.up.badge.clock	2023.2	17.2	14.2	17.2	10.2	1.1	multicolor	export,share,sharrow,upload		square.and.arrow.up.badge.clock.fill	square.and.arrow.up.badge.clock	
square.and.arrow.up.badge.clock.fill	2023.2	17.2	14.2	17.2	10.2	1.1	multicolor	export,share,sharrow,upload			square.and.arrow.up.badge.clock	fill
square.and.arrow.up.circle	2021	15.0	12.0	15.0	8.0	1.0	variable	export,share,sharrow,upload		square.and.arrow.up.circle.fill	square.and.arrow.up	circle
square.and.arrow.up.circle.fill	2021	15.0	12.0	15.0	8.0	1.0	multicolor	export,share,sharrow,upload			square.and.arrow.up	circle,fill
square.and.arrow.up.fill	2019	13.0	10.15	13.0	6.0	1.0		export,share,sharrow,upload			square.and.arrow.up	fill
square.and.arrow.up.on.square	2019	13.0	10.15	13.0	6.0	1.0		export,sharrow,upload		square.and.arrow.up.on.square.fill	square.and.arrow.up.on	square
square.and.arrow.up.on.square.fill	2019	13.0	10.15	13.0	6.0	1.0		export,sharrow,upload			square.and.arrow.up.on	square,fill
square.and.arrow.up.trianglebadge.exclamationmark	2021	15.0	12.0	15.0	8.0	1.0	multicolor	export,share,sharrow,upload,warning		square.and.arrow.up.trianglebadge.exclamationmark.fill	square.and.arrow.up.trianglebadge.exclamationmark	
square.and.arrow.up.trianglebadge.exclamationmark.fill	2024	18.0	15.0	18.0	11.0	2.0	multicolor	export,share,sharrow,upload,warning			square.and.arrow.up.trianglebadge.exclamationmark	fill
square.and.at.rectangle	2020	14.0	11.0	14.0	7.0	1.0		vcard		square.and.at.rectangle.fill	square.and.at	rectangle
square.and.at.rectangle.fill	2021	15.0	12.0	15.0	8.0	1.0		vcard			square.and.at	rectangle,fill
square.and.line.vertical.and.square	2019	13.0	10.15	13.0	6.0	1.0				square.fill.and.line.vertical.and.square.fill	square.and.line.vertical.and	square
square.and.line.vertical.and.square.filled	2021	15.0	12.0	15.0	8.0	1.0					square.and.line.vertical.and.square.filled	
square.and.pencil	2019	13.0	10.15	13.0	6.0	1.0	editing,objectsandtools	compose,mail,write,writing			square.and.pencil	
square.and.pencil.circle	2022	16.0	13.0	16.0	9.0	1.0	editing,objectsandtools,variable	compose,mail,write,writing		square.and.pencil.circle.fill	square.and.pencil	circle
square.and.pencil.circle.fill	2022	16.0	13.0	16.0	9.0	1.0	editing,multicolor,objectsandtools	compose,mail,write,writing			square.and.pencil	circle,fill
square.arrowtriangle.4.outward	2023	17.0	14.0	17.0	10.0	1.0		zoom			square.arrowtriangle.4.outward	
square.badge.plus	2023	17.0	14.0	17.0	10.0	1.0	multicolor			square.badge.plus.fill	square.badge.plus	
square.badge.plus.fill	2023	17.0	14.0	17.0	10.0	1.0	multicolor				square.badge.plus	fill
square.bottomhalf.filled	2021	15.0	12.0	15.0	8.0	1.0					square.bottomhalf.filled	
square.circle	2020	14.0	11.0	14.0	7.0	1.0	gaming,variable			square.circle.fill	square	circle
square.circle.fill	2020	14.0	11.0	14.0	7.0	1.0	gaming,multicolor				square	circle,fill
square.dashed	2020	14.0	11.0	14.0	7.0	1.0	editing				square.dashed	
square.dashed.micro	2026	27.0	27.0	27.0	27.0	27.0	editing,whatsnew				square.dashed.micro	
square.dotted	2022	16.0	13.0	16.0	9.0	1.0					square.dotted	
square.fill	2019	13.0	10.15	13.0	6.0	1.0	shapes				square	fill
square.fill.and.line.vertical.and.square.fill	2021	15.0	12.0	15.0	8.0	1.0					square.fill.and.line.vertical.and	square,fill
square.fill.on.circle.fill	2019	13.0	10.15	13.0	6.0	1.0					square.fill.on	circle,fill
square.fill.on.square.fill	2019	13.0	10.15	13.0	6.0	1.0					square.fill.on	square,fill
square.fill.text.grid.1x2	2020	14.0	11.0	14.0	7.0	1.0	textformatting				square.fill.text.grid.1x2	
square.filled.and.line.vertical.and.square	2021	15.0	12.0	15.0	8.0	1.0					square.filled.and.line.vertical.and	square
square.filled.on.square	2021	15.0	12.0	15.0	8.0	1.0					square.filled.on	square
square.grid.2x2	2019	13.0	10.15	13.0	6.0	1.0				square.grid.2x2.fill	square.grid.2x2	
square.grid.2x2.fill	2019	13.0	10.15	13.0	6.0	1.0					square.grid.2x2	fill
square.grid.3x1.below.line.grid.1x2	2020	14.0	11.0	14.0	7.0	1.0				square.grid.3x1.below.line.grid.1x2.fill	square.grid.3x1.below.line.grid.1x2	
square.grid.3x1.below.line.grid.1x2.fill	2021	15.0	12.0	15.0	8.0	1.0					square.grid.3x1.below.line.grid.1x2	fill
square.grid.3x1.folder.badge.plus	2020	14.0	11.0	14.0	7.0	1.0	multicolor,objectsandtools	+,add,create,new		square.grid.3x1.folder.fill.badge.plus	square.grid.3x1.folder.badge.plus	
square.grid.3x1.folder.fill.badge.plus	2020	14.0	11.0	14.0	7.0	1.0	multicolor,objectsandtools	+,add,create,new			square.grid.3x1.folder.fill.badge.plus	
square.grid.3x2	2019	13.0	10.15	13.0	6.0	1.0				square.grid.3x2.fill	square.grid.3x2	
square.grid.3x2.fill	2019	13.0	10.15	13.0	6.0	1.0					square.grid.3x2	fill
square.grid.3x3	2020	14.0	11.0	14.0	7.0	1.0				square.grid.3x3.fill	square.grid.3x3	
square.grid.3x3.bottomleft.filled	2021	15.0	12.0	15.0	8.0	1.0	accessibility				square.grid.3x3.bottomleft.filled	
square.grid.3x3.bottommiddle.filled	2021	15.0	12.0	15.0	8.0	1.0	accessibility				square.grid.3x3.bottommiddle.filled	
square.grid.3x3.bottomright.filled	2021	15.0	12.0	15.0	8.0	1.0	accessibility				square.grid.3x3.bottomright.filled	
square.grid.3x3.fill	2020	14.0	11.0	14.0	7.0	1.0					square.grid.3x3	fill
square.grid.3x3.middle.filled	2021	15.0	12.0	15.0	8.0	1.0	accessibility				square.grid.3x3.middle.filled	
square.grid.3x3.middleleft.filled	2021	15.0	12.0	15.0	8.0	1.0	accessibility				square.grid.3x3.middleleft.filled	
square.grid.3x3.middleright.filled	2021	15.0	12.0	15.0	8.0	1.0	accessibility				square.grid.3x3.middleright.filled	
square.grid.3x3.square	2021	15.0	12.0	15.0	8.0	1.0					square.grid.3x3	square
square.grid.3x3.square.badge.ellipsis	2024	18.0	15.0	18.0	11.0	2.0	multicolor				square.grid.3x3.square.badge.ellipsis	
square.grid.3x3.topleft.filled	2021	15.0	12.0	15.0	8.0	1.0	accessibility				square.grid.3x3.topleft.filled	
square.grid.3x3.topmiddle.filled	2021	15.0	12.0	15.0	8.0	1.0	accessibility				square.grid.3x3.topmiddle.filled	
square.grid.3x3.topright.filled	2021	15.0	12.0	15.0	8.0	1.0	accessibility				square.grid.3x3.topright.filled	
square.grid.4x3.fill	2019	13.0	10.15	13.0	6.0	1.0					square.grid.4x3	fill
square.grid.month	2026	27.0	27.0	27.0	27.0	27.0	whatsnew	date			square.grid.month	
square.lefthalf.filled	2021	15.0	12.0	15.0	8.0	1.0					square.lefthalf.filled	
square.on.circle	2019	13.0	10.15	13.0	6.0	1.0				square.fill.on.circle.fill	square.on	circle
square.on.square	2019	13.0	10.15	13.0	6.0	1.0				square.fill.on.square.fill	square.on	square
square.on.square.badge.person.crop	2022	16.0	13.0	16.0	9.0	1.0	human,multicolor	people		square.on.square.badge.person.crop.fill	square.on.square.badge.person.crop	
square.on.square.badge.person.crop.fill	2022	16.0	13.0	16.0	9.0	1.0	human,multicolor	people			square.on.square.badge.person.crop	fill
square.on.square.dashed	2020	14.0	11.0	14.0	7.0	1.0					square.on.square.dashed	
square.on.square.intersection.dashed	2022	16.0	13.0	16.0	9.0	1.0					square.on.square.intersection.dashed	
square.on.square.squareshape.controlhandles	2020	14.0	11.0	14.0	7.0	1.0		group			square.on.square.squareshape.controlhandles	
square.resize	2023	17.0	14.0	17.0	10.0	1.0					square.resize	
square.resize.down	2023	17.0	14.0	17.0	10.0	1.0					square.resize.down	
square.resize.up	2023	17.0	14.0	17.0	10.0	1.0					square.resize.up	
square.righthalf.filled	2021	15.0	12.0	15.0	8.0	1.0					square.righthalf.filled	
square.slash	2020	14.0	11.0	14.0	7.0	1.0		remove		square.slash.fill	square	slash
square.slash.fill	2020	14.0	11.0	14.0	7.0	1.0		remove			square	slash,fill
square.split.1x2	2019	13.0	10.15	13.0	6.0	1.0				square.split.1x2.fill	square.split.1x2	
square.split.1x2.fill	2019	13.0	10.15	13.0	6.0	1.0					square.split.1x2	fill
square.split.2x1	2019	13.0	10.15	13.0	6.0	1.0				square.split.2x1.fill	square.split.2x1	
square.split.2x1.fill	2019	13.0	10.15	13.0	6.0	1.0					square.split.2x1	fill
square.split.2x2	2019	13.0	10.15	13.0	6.0	1.0				square.split.2x2.fill	square.split.2x2	
square.split.2x2.fill	2019	13.0	10.15	13.0	6.0	1.0					square.split.2x2	fill
square.split.bottomrightquarter	2020	14.0	11.0	14.0	7.0	1.0	home	room		square.split.bottomrightquarter.fill	square.split.bottomrightquarter	
square.split.bottomrightquarter.fill	2020	14.0	11.0	14.0	7.0	1.0	home	room			square.split.bottomrightquarter	fill
square.split.diagonal	2020	14.0	11.0	14.0	7.0	1.0				square.split.diagonal.fill	square.split.diagonal	
square.split.diagonal.2x2	2020	14.0	11.0	14.0	7.0	1.0				square.split.diagonal.2x2.fill	square.split.diagonal.2x2	
square.split.diagonal.2x2.fill	2020	14.0	11.0	14.0	7.0	1.0					square.split.diagonal.2x2	fill
square.split.diagonal.fill	2020	14.0	11.0	14.0	7.0	1.0					square.split.diagonal	fill
square.stack	2019	13.0	10.15	13.0	6.0	1.0		album		square.stack.fill	square.stack	
square.stack.3d.down.forward	2020	14.0	11.0	14.0	7.0	1.0	variable	right		square.stack.3d.down.forward.fill	square.stack.3d.down.forward	
square.stack.3d.down.forward.fill	2020	14.0	11.0	14.0	7.0	1.0	variable	right			square.stack.3d.down.forward	fill
square.stack.3d.down.right	2019	13.0	10.15	13.0	6.0	1.0	variable			square.stack.3d.down.right.fill	square.stack.3d.down.right	
square.stack.3d.down.right.fill	2019	13.0	10.15	13.0	6.0	1.0	variable				square.stack.3d.down.right	fill
square.stack.3d.forward.dottedline	2020	14.0	11.0	14.0	7.0	1.0	variable			square.stack.3d.forward.dottedline.fill	square.stack.3d.forward.dottedline	
square.stack.3d.forward.dottedline.fill	2020	14.0	11.0	14.0	7.0	1.0	variable				square.stack.3d.forward.dottedline	fill
square.stack.3d.up	2019	13.0	10.15	13.0	6.0	1.0	variable			square.stack.3d.up.fill	square.stack.3d.up	
square.stack.3d.up.badge.automatic	2023	17.0	14.0	17.0	10.0	1.0	multicolor,variable	a		square.stack.3d.up.badge.automatic.fill	square.stack.3d.up.badge.automatic	
square.stack.3d.up.badge.automatic.fill	2023	17.0	14.0	17.0	10.0	1.0	multicolor,variable	a			square.stack.3d.up.badge.automatic	fill
square.stack.3d.up.fill	2019	13.0	10.15	13.0	6.0	1.0	variable				square.stack.3d.up	fill
square.stack.3d.up.slash	2019	13.0	10.15	13.0	6.0	1.0		remove		square.stack.3d.up.slash.fill	square.stack.3d.up	slash
square.stack.3d.up.slash.fill	2019	13.0	10.15	13.0	6.0	1.0		remove			square.stack.3d.up	slash,fill
square.stack.3d.up.trianglebadge.exclamationmark	2023	17.0	14.0	17.0	10.0	1.0	multicolor,variable			square.stack.3d.up.trianglebadge.exclamationmark.fill	square.stack.3d.up.trianglebadge.exclamationmark	
square.stack.3d.up.trianglebadge.exclamationmark.fill	2023	17.0	14.0	17.0	10.0	1.0	multicolor,variable				square.stack.3d.up.trianglebadge.exclamationmark	fill
square.stack.fill	2019	13.0	10.15	13.0	6.0	1.0		album			square.stack	fill
square.text.square	2021	15.0	12.0	15.0	8.0	1.0				square.text.square.fill	square.text	square
square.text.square.fill	2021	15.0	12.0	15.0	8.0	1.0	multicolor				square.text	square,fill
square.tophalf.filled	2021	15.0	12.0	15.0	8.0	1.0					square.tophalf.filled	
squareroot	2024	18.0	15.0	18.0	11.0	2.0	math				squareroot	
squares.below.rectangle	2019	13.0	10.15	13.0	6.0	1.0					squares.below	rectangle
squares.leading.rectangle	2022	16.0	13.0	16.0	9.0	1.0		stage manager		squares.leading.rectangle.fill	squares.leading	rectangle
squares.leading.rectangle.fill	2023	17.0	14.0	17.0	10.0	1.0		stage manager			squares.leading	rectangle,fill
squareshape	2020	14.0	11.0	14.0	7.0	1.0				squareshape.fill	squareshape	
squareshape.controlhandles.on.squareshape.controlhandles	2020	14.0	11.0	14.0	7.0	1.0		ungroup			squareshape.controlhandles.on.squareshape.controlhandles	
squareshape.dotted.squareshape	2023	17.0	14.0	17.0	10.0	1.0					squareshape.dotted.squareshape	
squareshape.fill	2020	14.0	11.0	14.0	7.0	1.0					squareshape	fill
squareshape.on.pattern.diagonalline	2026	27.0	27.0	27.0	27.0	27.0	cameraandphotos,whatsnew				squareshape.on.pattern.diagonalline	
squareshape.split.2x2	2020	14.0	11.0	14.0	7.0	1.0		grid			squareshape.split.2x2	
squareshape.split.2x2.dotted.inside	2024.3	18.4	15.4	18.4	11.4	2.4		grid			squareshape.split.2x2.dotted.inside	
squareshape.split.2x2.dotted.inside.and.outside	2024.3	18.4	15.4	18.4	11.4	2.4					squareshape.split.2x2.dotted.inside.and.outside	
squareshape.split.2x2.dotted.outside	2024.3	18.4	15.4	18.4	11.4	2.4					squareshape.split.2x2.dotted.outside	
squareshape.split.3x3	2020	14.0	11.0	14.0	7.0	1.0		grid			squareshape.split.3x3	
squareshape.squareshape.dotted	2023	17.0	14.0	17.0	10.0	1.0					squareshape.squareshape.dotted	
stairs	2022	16.0	13.0	16.0	9.0	1.0	home				stairs	
star	2019	13.0	10.15	13.0	6.0	1.0	multicolor	favorite,mail,vip		star.fill	star	
star.bubble	2021	15.0	12.0	15.0	8.0	1.0	communication			star.bubble.fill	star.bubble	
star.bubble.fill	2021	15.0	12.0	15.0	8.0	1.0	communication,multicolor				star.bubble	fill
star.calendar	2026	27.0	27.0	27.0	27.0	27.0	multicolor,objectsandtools,whatsnew	date			star.calendar	
star.circle	2019	13.0	10.15	13.0	6.0	1.0	multicolor,variable	favorite		star.circle.fill	star	circle
star.circle.fill	2019	13.0	10.15	13.0	6.0	1.0	multicolor	favorite			star	circle,fill
star.fill	2019	13.0	10.15	13.0	6.0	1.0	multicolor	favorite,mail,vip			star	fill
star.hexagon	2024.3	18.4	15.4	18.4	11.4	2.4	shapes			star.hexagon.fill	star.hexagon	
star.hexagon.fill	2024.3	18.4	15.4	18.4	11.4	2.4	multicolor,shapes				star.hexagon	fill
star.leadinghalf.filled	2021	15.0	12.0	15.0	8.0	1.0	multicolor				star.leadinghalf.filled	
star.rectangle	2025.1	26.1	26.1	26.1	26.1	26.1		favorite		star.rectangle.fill	star	rectangle
star.rectangle.fill	2025.1	26.1	26.1	26.1	26.1	26.1	multicolor	favorite			star	rectangle,fill
star.slash	2019	13.0	10.15	13.0	6.0	1.0	multicolor	favorite,remove		star.slash.fill	star	slash
star.slash.fill	2019	13.0	10.15	13.0	6.0	1.0	multicolor	favorite,remove			star	slash,fill
star.square	2020	14.0	11.0	14.0	7.0	1.0	multicolor	favorite		star.square.fill	star	square
star.square.fill	2020	14.0	11.0	14.0	7.0	1.0	multicolor	favorite			star	square,fill
star.square.on.square	2022	16.0	13.0	16.0	9.0	1.0				star.square.on.square.fill	star.square.on	square
star.square.on.square.fill	2022	16.0	13.0	16.0	9.0	1.0					star.square.on	square,fill
staroflife	2019	13.0	10.15	13.0	6.0	1.0	health	medical		staroflife.fill	staroflife	
staroflife.circle	2020	14.0	11.0	14.0	7.0	1.0	health,variable	medical		staroflife.circle.fill	staroflife	circle
staroflife.circle.fill	2020	14.0	11.0	14.0	7.0	1.0	health,multicolor	medical			staroflife	circle,fill
staroflife.fill	2019	13.0	10.15	13.0	6.0	1.0	health	medical			staroflife	fill
staroflife.shield	2023	17.0	14.0	17.0	10.0	1.0	objectsandtools			staroflife.shield.fill	staroflife.shield	
staroflife.shield.fill	2023	17.0	14.0	17.0	10.0	1.0	multicolor,objectsandtools				staroflife.shield	fill
steeringwheel	2022.1	16.1	13.0	16.1	9.1	1.0	automotive				steeringwheel	
steeringwheel.and.hands	2024	18.0	15.0	18.0	11.0	2.0	automotive				steeringwheel.and.hands	
steeringwheel.and.heat.waves	2022.1	16.1	13.0	16.1	9.1	1.0	automotive				steeringwheel.and.heat.waves	
steeringwheel.and.key	2022.1	16.1	13.0	16.1	9.1	1.0	automotive				steeringwheel.and.key	
steeringwheel.and.liquid.wave	2023	17.0	14.0	17.0	10.0	1.0	automotive				steeringwheel.and.liquid.wave	
steeringwheel.arrow.trianglehead.counterclockwise.and.clockwise	2024	18.0	15.0	18.0	11.0	2.0	automotive				steeringwheel.arrow.trianglehead.counterclockwise.and.clockwise	
steeringwheel.arrowtriangle.left	2023	17.0	14.0	17.0	10.0	1.0	automotive				steeringwheel.arrowtriangle.left	
steeringwheel.arrowtriangle.right	2023	17.0	14.0	17.0	10.0	1.0	automotive				steeringwheel.arrowtriangle.right	
steeringwheel.badge.exclamationmark	2023	17.0	14.0	17.0	10.0	1.0	automotive,multicolor	!,warning			steeringwheel.badge.exclamationmark	
steeringwheel.badge.lock	2025	26.0	26.0	26.0	26.0	26.0	automotive				steeringwheel.badge.lock	
steeringwheel.circle	2023	17.0	14.0	17.0	10.0	1.0	automotive,variable			steeringwheel.circle.fill	steeringwheel	circle
steeringwheel.circle.fill	2023	17.0	14.0	17.0	10.0	1.0	automotive,multicolor				steeringwheel	circle,fill
steeringwheel.exclamationmark	2022.1	16.1	13.0	16.1	9.1	1.0	automotive,multicolor	!,warning			steeringwheel.exclamationmark	
steeringwheel.road.lane	2022.1	16.1	13.0	16.1	9.1	1.0	automotive				steeringwheel.road.lane	
steeringwheel.road.lane.dashed	2022.1	16.1	13.0	16.1	9.1	1.0	automotive				steeringwheel.road.lane.dashed	
steeringwheel.slash	2022.1	16.1	13.0	16.1	9.1	1.0	automotive				steeringwheel	slash
sterlingsign	2022	16.0	13.0	16.0	9.0	1.0	commerce,indices	currencies,currency			sterlingsign	
sterlingsign.arrow.trianglehead.counterclockwise.rotate.90	2024	18.0	15.0	18.0	11.0	2.0	arrows,commerce	currencies,currency			sterlingsign.arrow.trianglehead.counterclockwise.rotate.90	
sterlingsign.building.classical	2026	27.0	27.0	27.0	27.0	27.0	commerce,objectsandtools	currencies,currency		sterlingsign.building.classical.fill	sterlingsign.building.classical	
sterlingsign.building.classical.fill	2026	27.0	27.0	27.0	27.0	27.0	commerce,multicolor,objectsandtools	currencies,currency			sterlingsign.building.classical	fill
sterlingsign.circle	2019	13.0	10.15	13.0	6.0	1.0	commerce,indices,variable	currencies,currency		sterlingsign.circle.fill	sterlingsign	circle
sterlingsign.circle.fill	2019	13.0	10.15	13.0	6.0	1.0	commerce,indices,multicolor	currencies,currency			sterlingsign	circle,fill
sterlingsign.gauge.chart.lefthalf.righthalf	2024	18.0	15.0	18.0	11.0	2.0	commerce,home,variable				sterlingsign.gauge.chart.lefthalf.righthalf	
sterlingsign.gauge.chart.leftthird.topthird.rightthird	2024	18.0	15.0	18.0	11.0	2.0	commerce,home,variable				sterlingsign.gauge.chart.leftthird.topthird.rightthird	
sterlingsign.ring	2024	18.0	15.0	18.0	11.0	2.0	commerce,home				sterlingsign.ring	
sterlingsign.ring.dashed	2024	18.0	15.0	18.0	11.0	2.0	commerce,home,variable				sterlingsign.ring.dashed	
sterlingsign.square	2019	13.0	10.15	13.0	6.0	1.0	commerce,indices	currencies,currency		sterlingsign.square.fill	sterlingsign	square
sterlingsign.square.fill	2019	13.0	10.15	13.0	6.0	1.0	commerce,indices,multicolor	currencies,currency			sterlingsign	square,fill
stethoscope	2020	14.0	11.0	14.0	7.0	1.0	health,multicolor,objectsandtools				stethoscope	
stethoscope.circle	2021	15.0	12.0	15.0	8.0	1.0	health,objectsandtools,variable			stethoscope.circle.fill	stethoscope	circle
stethoscope.circle.fill	2021	15.0	12.0	15.0	8.0	1.0	health,multicolor,objectsandtools				stethoscope	circle,fill
stop	2019	13.0	10.15	13.0	6.0	1.0	media			stop.fill	stop	
stop.circle	2019	13.0	10.15	13.0	6.0	1.0	media,variable			stop.circle.fill	stop	circle
stop.circle.fill	2019	13.0	10.15	13.0	6.0	1.0	media,multicolor				stop	circle,fill
stop.fill	2019	13.0	10.15	13.0	6.0	1.0	media				stop	fill
stopwatch	2019	13.0	10.15	13.0	6.0	1.0	multicolor,objectsandtools,time			stopwatch.fill	stopwatch	
stopwatch.fill	2019	13.0	10.15	13.0	6.0	1.0	multicolor,objectsandtools,time				stopwatch	fill
storefront	2023	17.0	14.0	17.0	10.0	1.0				storefront.fill	storefront	
storefront.circle	2023	17.0	14.0	17.0	10.0	1.0	variable			storefront.circle.fill	storefront	circle
storefront.circle.fill	2023	17.0	14.0	17.0	10.0	1.0	multicolor				storefront	circle,fill
storefront.fill	2023	17.0	14.0	17.0	10.0	1.0					storefront	fill
stove	2022	16.0	13.0	16.0	9.0	1.0	home,objectsandtools			stove.fill	stove	
stove.fill	2022	16.0	13.0	16.0	9.0	1.0	home,objectsandtools				stove	fill
strikethrough	2019	13.0	10.15	13.0	6.0	1.0	multicolor,textformatting				strikethrough	
strikethrough.double	2025	26.0	26.0	26.0	26.0	26.0	textformatting				strikethrough.double	
stroke.line.diagonal	2025	26.0	26.0	26.0	26.0	26.0	communication				stroke.line.diagonal	
stroke.line.diagonal.slash	2025	26.0	26.0	26.0	26.0	26.0	communication				stroke.line.diagonal	slash
stroller	2022.1	16.1	13.0	16.1	9.1	1.0	objectsandtools			stroller.fill	stroller	
stroller.fill	2022.1	16.1	13.0	16.1	9.1	1.0	objectsandtools				stroller	fill
studentdesk	2019.1	13.1	10.15	13.0	6.1	1.0	objectsandtools				studentdesk	
suit.club	2019	13.0	10.15	13.0	6.0	1.0	multicolor			suit.club.fill	suit.club	
suit.club.fill	2019	13.0	10.15	13.0	6.0	1.0	multicolor				suit.club	fill
suit.diamond	2019	13.0	10.15	13.0	6.0	1.0	multicolor			suit.diamond.fill	suit.diamond	
suit.diamond.fill	2019	13.0	10.15	13.0	6.0	1.0	multicolor				suit.diamond	fill
suit.heart	2019	13.0	10.15	13.0	6.0	1.0	multicolor			suit.heart.fill	suit.heart	
suit.heart.fill	2019	13.0	10.15	13.0	6.0	1.0	multicolor				suit.heart	fill
suit.spade	2019	13.0	10.15	13.0	6.0	1.0	multicolor			suit.spade.fill	suit.spade	
suit.spade.fill	2019	13.0	10.15	13.0	6.0	1.0	multicolor				suit.spade	fill
suitcase	2021	15.0	12.0	15.0	8.0	1.0	objectsandtools	luggage		suitcase.fill	suitcase	
suitcase.cart	2021	15.0	12.0	15.0	8.0	1.0	objectsandtools	luggage		suitcase.cart.fill	suitcase.cart	
suitcase.cart.fill	2021	15.0	12.0	15.0	8.0	1.0	objectsandtools	luggage			suitcase.cart	fill
suitcase.circle	2025	26.0	26.0	26.0	26.0	26.0	variable			suitcase.circle.fill	suitcase	circle
suitcase.circle.fill	2025	26.0	26.0	26.0	26.0	26.0	multicolor				suitcase	circle,fill
suitcase.fill	2021	15.0	12.0	15.0	8.0	1.0	objectsandtools	luggage			suitcase	fill
suitcase.rolling	2022.1	16.1	13.0	16.1	9.1	1.0	objectsandtools	luggage		suitcase.rolling.fill	suitcase.rolling	
suitcase.rolling.and.film	2025	26.0	26.0	26.0	26.0	26.0	objectsandtools	luggage		suitcase.rolling.and.film.fill	suitcase.rolling.and.film	
suitcase.rolling.and.film.circle	2025	26.0	26.0	26.0	26.0	26.0	objectsandtools,variable	luggage		suitcase.rolling.and.film.circle.fill	suitcase.rolling.and.film	circle
suitcase.rolling.and.film.circle.fill	2025	26.0	26.0	26.0	26.0	26.0	multicolor,objectsandtools	luggage			suitcase.rolling.and.film	circle,fill
suitcase.rolling.and.film.fill	2025	26.0	26.0	26.0	26.0	26.0	objectsandtools	luggage			suitcase.rolling.and.film	fill
suitcase.rolling.and.suitcase	2025	26.0	26.0	26.0	26.0	26.0	objectsandtools	luggage		suitcase.rolling.and.suitcase.fill	suitcase.rolling.and.suitcase	
suitcase.rolling.and.suitcase.circle	2025	26.0	26.0	26.0	26.0	26.0	objectsandtools,variable	luggage		suitcase.rolling.and.suitcase.circle.fill	suitcase.rolling.and.suitcase	circle
suitcase.rolling.and.suitcase.circle.fill	2025	26.0	26.0	26.0	26.0	26.0	multicolor,objectsandtools	luggage			suitcase.rolling.and.suitcase	circle,fill
suitcase.rolling.and.suitcase.fill	2025	26.0	26.0	26.0	26.0	26.0	objectsandtools	luggage			suitcase.rolling.and.suitcase	fill
suitcase.rolling.circle	2025	26.0	26.0	26.0	26.0	26.0	objectsandtools,variable	luggage		suitcase.rolling.circle.fill	suitcase.rolling	circle
suitcase.rolling.circle.fill	2025	26.0	26.0	26.0	26.0	26.0	multicolor,objectsandtools	luggage			suitcase.rolling	circle,fill
suitcase.rolling.fill	2022.1	16.1	13.0	16.1	9.1	1.0	objectsandtools	luggage			suitcase.rolling	fill
sum	2019	13.0	10.15	13.0	6.0	1.0	math				sum	
sun.dust	2019	13.0	10.15	13.0	6.0	1.0	nature,weather	weather		sun.dust.fill	sun.dust	
sun.dust.circle	2022	16.0	13.0	16.0	9.0	1.0	nature,variable,weather	weather		sun.dust.circle.fill	sun.dust	circle
sun.dust.circle.fill	2022	16.0	13.0	16.0	9.0	1.0	multicolor,nature,weather	weather			sun.dust	circle,fill
sun.dust.fill	2019	13.0	10.15	13.0	6.0	1.0	multicolor,nature,weather	weather			sun.dust	fill
sun.haze	2019	13.0	10.15	13.0	6.0	1.0	nature,weather	weather		sun.haze.fill	sun.haze	
sun.haze.circle	2022	16.0	13.0	16.0	9.0	1.0	nature,variable,weather	weather		sun.haze.circle.fill	sun.haze	circle
sun.haze.circle.fill	2022	16.0	13.0	16.0	9.0	1.0	multicolor,nature,weather	weather			sun.haze	circle,fill
sun.haze.fill	2019	13.0	10.15	13.0	6.0	1.0	multicolor,nature,weather	weather			sun.haze	fill
sun.horizon	2023	17.0	14.0	17.0	10.0	1.0	nature,weather	weather		sun.horizon.fill	sun.horizon	
sun.horizon.circle	2023	17.0	14.0	17.0	10.0	1.0	nature,variable,weather	weather		sun.horizon.circle.fill	sun.horizon	circle
sun.horizon.circle.fill	2023	17.0	14.0	17.0	10.0	1.0	multicolor,nature,weather	weather			sun.horizon	circle,fill
sun.horizon.fill	2023	17.0	14.0	17.0	10.0	1.0	multicolor,nature,weather	weather			sun.horizon	fill
sun.lefthalf.filled	2024	18.0	15.0	18.0	11.0	2.0		sun			sun.lefthalf.filled	
sun.max	2019	13.0	10.15	13.0	6.0	1.0	keyboard,nature,weather	weather		sun.max.fill	sun.max	
sun.max.circle	2021	15.0	12.0	15.0	8.0	1.0	keyboard,nature,variable,weather	weather		sun.max.circle.fill	sun.max	circle
sun.max.circle.fill	2021	15.0	12.0	15.0	8.0	1.0	keyboard,multicolor,nature,weather	weather			sun.max	circle,fill
sun.max.fill	2019	13.0	10.15	13.0	6.0	1.0	keyboard,multicolor,nature,weather	weather			sun.max	fill
sun.max.trianglebadge.exclamationmark	2022	16.0	13.0	16.0	9.0	1.0	multicolor,nature,weather	!,warning,weather		sun.max.trianglebadge.exclamationmark.fill	sun.max.trianglebadge.exclamationmark	
sun.max.trianglebadge.exclamationmark.fill	2022	16.0	13.0	16.0	9.0	1.0	multicolor,nature,weather	!,warning,weather			sun.max.trianglebadge.exclamationmark	fill
sun.min	2019	13.0	10.15	13.0	6.0	1.0	keyboard,nature,weather	weather		sun.min.fill	sun.min	
sun.min.fill	2019	13.0	10.15	13.0	6.0	1.0	keyboard,nature,weather	weather			sun.min	fill
sun.rain	2023	17.0	14.0	17.0	10.0	1.0	nature,weather	weather		sun.rain.fill	sun.rain	
sun.rain.circle	2023	17.0	14.0	17.0	10.0	1.0	nature,variable,weather	weather		sun.rain.circle.fill	sun.rain	circle
sun.rain.circle.fill	2023	17.0	14.0	17.0	10.0	1.0	multicolor,nature,weather	weather			sun.rain	circle,fill
sun.rain.fill	2023	17.0	14.0	17.0	10.0	1.0	multicolor,nature,weather	weather			sun.rain	fill
sun.righthalf.filled	2024	18.0	15.0	18.0	11.0	2.0		sun			sun.righthalf.filled	
sun.snow	2023	17.0	14.0	17.0	10.0	1.0	nature,weather	weather		sun.snow.fill	sun.snow	
sun.snow.circle	2023	17.0	14.0	17.0	10.0	1.0	nature,variable,weather	weather		sun.snow.circle.fill	sun.snow	circle
sun.snow.circle.fill	2023	17.0	14.0	17.0	10.0	1.0	multicolor,nature,weather	weather			sun.snow	circle,fill
sun.snow.fill	2023	17.0	14.0	17.0	10.0	1.0	multicolor,nature,weather	weather			sun.snow	fill
sunglasses	2023	17.0	14.0	17.0	10.0	1.0	multicolor,objectsandtools			sunglasses.fill	sunglasses	
sunglasses.fill	2023	17.0	14.0	17.0	10.0	1.0	objectsandtools				sunglasses	fill
sunrise	2019	13.0	10.15	13.0	6.0	1.0	nature,weather	arrow,weather		sunrise.fill	sunrise	
sunrise.circle	2022	16.0	13.0	16.0	9.0	1.0	nature,variable,weather	arrow,weather		sunrise.circle.fill	sunrise	circle
sunrise.circle.fill	2022	16.0	13.0	16.0	9.0	1.0	multicolor,nature,weather	arrow,weather			sunrise	circle,fill
sunrise.fill	2019	13.0	10.15	13.0	6.0	1.0	multicolor,nature,weather	arrow,weather			sunrise	fill
sunset	2019	13.0	10.15	13.0	6.0	1.0	nature,weather	arrow,weather		sunset.fill	sunset	
sunset.circle	2022	16.0	13.0	16.0	9.0	1.0	nature,variable,weather	arrow,weather		sunset.circle.fill	sunset	circle
sunset.circle.fill	2022	16.0	13.0	16.0	9.0	1.0	multicolor,nature,weather	weather			sunset	circle,fill
sunset.fill	2019	13.0	10.15	13.0	6.0	1.0	multicolor,nature,weather	arrow,weather			sunset	fill
surfboard	2023	17.0	14.0	17.0	10.0	1.0	fitness,objectsandtools	sports		surfboard.fill	surfboard	
surfboard.fill	2023	17.0	14.0	17.0	10.0	1.0	fitness,objectsandtools	sports			surfboard	fill
suspension.shock	2024	18.0	15.0	18.0	11.0	2.0	automotive				suspension.shock	
suv.side	2022.1	16.1	13.0	16.1	9.1	1.0	automotive			suv.side.fill	suv.side	
suv.side.air.circulate	2022.1	16.1	13.0	16.1	9.1	1.0	automotive			suv.side.air.circulate.fill	suv.side.air.circulate	
suv.side.air.circulate.fill	2022.1	16.1	13.0	16.1	9.1	1.0	automotive				suv.side.air.circulate	fill
suv.side.air.fresh	2022.1	16.1	13.0	16.1	9.1	1.0	automotive			suv.side.air.fresh.fill	suv.side.air.fresh	
suv.side.air.fresh.fill	2022.1	16.1	13.0	16.1	9.1	1.0	automotive				suv.side.air.fresh	fill
suv.side.and.exclamationmark	2022.1	16.1	13.0	16.1	9.1	1.0	automotive,multicolor	!,warning		suv.side.and.exclamationmark.fill	suv.side.and.exclamationmark	
suv.side.and.exclamationmark.fill	2022.1	16.1	13.0	16.1	9.1	1.0	automotive,multicolor	!,warning			suv.side.and.exclamationmark	fill
suv.side.arrow.left.and.right	2024.3	18.4	15.4	18.4	11.4	2.4	automotive			suv.side.arrow.left.and.right.fill	suv.side.arrow.left.and.right	
suv.side.arrow.left.and.right.fill	2024.3	18.4	15.4	18.4	11.4	2.4	automotive				suv.side.arrow.left.and.right	fill
suv.side.arrowtriangle.down	2022.1	16.1	13.0	16.1	9.1	1.0	automotive			suv.side.arrowtriangle.down.fill	suv.side.arrowtriangle.down	
suv.side.arrowtriangle.down.fill	2022.1	16.1	13.0	16.1	9.1	1.0	automotive				suv.side.arrowtriangle.down	fill
suv.side.arrowtriangle.up	2022.1	16.1	13.0	16.1	9.1	1.0	automotive			suv.side.arrowtriangle.up.fill	suv.side.arrowtriangle.up	
suv.side.arrowtriangle.up.arrowtriangle.down	2022.1	16.1	13.0	16.1	9.1	1.0	automotive			suv.side.arrowtriangle.up.arrowtriangle.down.fill	suv.side.arrowtriangle.up.arrowtriangle.down	
suv.side.arrowtriangle.up.arrowtriangle.down.fill	2022.1	16.1	13.0	16.1	9.1	1.0	automotive				suv.side.arrowtriangle.up.arrowtriangle.down	fill
suv.side.arrowtriangle.up.fill	2022.1	16.1	13.0	16.1	9.1	1.0	automotive				suv.side.arrowtriangle.up	fill
suv.side.fill	2022.1	16.1	13.0	16.1	9.1	1.0	automotive				suv.side	fill
suv.side.front.open	2022.1	16.1	13.0	16.1	9.1	1.0	automotive,multicolor			suv.side.front.open.fill	suv.side.front.open	
suv.side.front.open.crop	2024	18.0	15.0	18.0	11.0	2.0	automotive			suv.side.front.open.crop.fill	suv.side.front.open.crop	
suv.side.front.open.crop.fill	2024	18.0	15.0	18.0	11.0	2.0	automotive				suv.side.front.open.crop	fill
suv.side.front.open.fill	2022.1	16.1	13.0	16.1	9.1	1.0	automotive,multicolor				suv.side.front.open	fill
suv.side.hill.descent.control	2024	18.0	15.0	18.0	11.0	2.0	automotive	DSR		suv.side.hill.descent.control.fill	suv.side.hill.descent.control	
suv.side.hill.descent.control.fill	2024	18.0	15.0	18.0	11.0	2.0	automotive	DSR			suv.side.hill.descent.control	fill
suv.side.hill.down	2023	17.0	14.0	17.0	10.0	1.0	automotive			suv.side.hill.down.fill	suv.side.hill.down	
suv.side.hill.down.and.gauge.open.with.lines.needle.25percent.and.arrowtriangle	2024.3	18.4	15.4	18.4	11.4	2.4	automotive			suv.side.hill.down.and.gauge.open.with.lines.needle.25percent.and.arrowtriangle.fill	suv.side.hill.down.and.gauge.open.with.lines.needle.25percent.and.arrowtriangle	
suv.side.hill.down.and.gauge.open.with.lines.needle.25percent.and.arrowtriangle.fill	2024.3	18.4	15.4	18.4	11.4	2.4	automotive				suv.side.hill.down.and.gauge.open.with.lines.needle.25percent.and.arrowtriangle	fill
suv.side.hill.down.fill	2023	17.0	14.0	17.0	10.0	1.0	automotive				suv.side.hill.down	fill
suv.side.hill.up	2023	17.0	14.0	17.0	10.0	1.0	automotive			suv.side.hill.up.fill	suv.side.hill.up	
suv.side.hill.up.fill	2023	17.0	14.0	17.0	10.0	1.0	automotive				suv.side.hill.up	fill
suv.side.lock	2023	17.0	14.0	17.0	10.0	1.0	automotive	padlock		suv.side.lock.fill	suv.side.lock	
suv.side.lock.fill	2023	17.0	14.0	17.0	10.0	1.0	automotive	padlock			suv.side.lock	fill
suv.side.lock.open	2023	17.0	14.0	17.0	10.0	1.0	automotive	padlock,unlock		suv.side.lock.open.fill	suv.side.lock.open	
suv.side.lock.open.fill	2023	17.0	14.0	17.0	10.0	1.0	automotive	padlock,unlock			suv.side.lock.open	fill
suv.side.rear.open	2022.1	16.1	13.0	16.1	9.1	1.0	automotive,multicolor			suv.side.rear.open.fill	suv.side.rear.open	
suv.side.rear.open.crop	2024	18.0	15.0	18.0	11.0	2.0	automotive			suv.side.rear.open.crop.fill	suv.side.rear.open.crop	
suv.side.rear.open.crop.fill	2024	18.0	15.0	18.0	11.0	2.0	automotive				suv.side.rear.open.crop	fill
suv.side.rear.open.fill	2022.1	16.1	13.0	16.1	9.1	1.0	automotive,multicolor				suv.side.rear.open	fill
suv.side.roof.cargo.carrier	2024	18.0	15.0	18.0	11.0	2.0	automotive			suv.side.roof.cargo.carrier.fill	suv.side.roof.cargo.carrier	
suv.side.roof.cargo.carrier.fill	2024	18.0	15.0	18.0	11.0	2.0	automotive				suv.side.roof.cargo.carrier	fill
suv.side.roof.cargo.carrier.slash	2024	18.0	15.0	18.0	11.0	2.0	automotive			suv.side.roof.cargo.carrier.slash.fill	suv.side.roof.cargo.carrier	slash
suv.side.roof.cargo.carrier.slash.fill	2024	18.0	15.0	18.0	11.0	2.0	automotive				suv.side.roof.cargo.carrier	slash,fill
swatchpalette	2022	16.0	13.0	16.0	9.0	1.0	objectsandtools			swatchpalette.fill	swatchpalette	
swatchpalette.fill	2022	16.0	13.0	16.0	9.0	1.0	objectsandtools				swatchpalette	fill
swedishkronasign	2023	17.0	14.0	17.0	10.0	1.0	commerce,indices	currencies,currency			swedishkronasign	
swedishkronasign.arrow.trianglehead.counterclockwise.rotate.90	2024	18.0	15.0	18.0	11.0	2.0	arrows,commerce	currencies,currency			swedishkronasign.arrow.trianglehead.counterclockwise.rotate.90	
swedishkronasign.building.classical	2026	27.0	27.0	27.0	27.0	27.0	commerce,objectsandtools	currencies,currency		swedishkronasign.building.classical.fill	swedishkronasign.building.classical	
swedishkronasign.building.classical.fill	2026	27.0	27.0	27.0	27.0	27.0	commerce,multicolor,objectsandtools	currencies,currency			swedishkronasign.building.classical	fill
swedishkronasign.circle	2023	17.0	14.0	17.0	10.0	1.0	commerce,indices,variable	currencies,currency		swedishkronasign.circle.fill	swedishkronasign	circle
swedishkronasign.circle.fill	2023	17.0	14.0	17.0	10.0	1.0	commerce,indices,multicolor	currencies,currency			swedishkronasign	circle,fill
swedishkronasign.gauge.chart.lefthalf.righthalf	2024	18.0	15.0	18.0	11.0	2.0	commerce,home,variable				swedishkronasign.gauge.chart.lefthalf.righthalf	
swedishkronasign.gauge.chart.leftthird.topthird.rightthird	2024	18.0	15.0	18.0	11.0	2.0	commerce,home,variable				swedishkronasign.gauge.chart.leftthird.topthird.rightthird	
swedishkronasign.ring	2024	18.0	15.0	18.0	11.0	2.0	commerce,home				swedishkronasign.ring	
swedishkronasign.ring.dashed	2024	18.0	15.0	18.0	11.0	2.0	commerce,home,variable				swedishkronasign.ring.dashed	
swedishkronasign.square	2023	17.0	14.0	17.0	10.0	1.0	commerce,indices	currencies,currency		swedishkronasign.square.fill	swedishkronasign	square
swedishkronasign.square.fill	2023	17.0	14.0	17.0	10.0	1.0	commerce,indices,multicolor	currencies,currency			swedishkronasign	square,fill
swift	2020	14.0	11.0	14.0	7.0	1.0			This symbol may not be modified and may only be used to refer to Apple’s Swift programming language.		swift	
swiftdata	2023	17.0	14.0	17.0	10.0	1.0			This symbol may not be modified and may only be used to refer to Apple’s SwiftData.		swiftdata	
swirl.circle.righthalf.filled	2023	17.0	14.0	17.0	10.0	1.0	cameraandphotos	brilliance,edit			swirl.circle.righthalf.filled	
swirl.circle.righthalf.filled.inverse	2023	17.0	14.0	17.0	10.0	1.0	cameraandphotos	brilliance,edit			swirl.circle.righthalf.filled.inverse	
switch.2	2020	14.0	11.0	14.0	7.0	1.0		control center			switch.2	
switch.programmable	2022	16.0	13.0	16.0	9.0	1.0	home			switch.programmable.fill	switch.programmable	
switch.programmable.fill	2022	16.0	13.0	16.0	9.0	1.0	home				switch.programmable	fill
switch.programmable.square	2022	16.0	13.0	16.0	9.0	1.0	home			switch.programmable.square.fill	switch.programmable	square
switch.programmable.square.fill	2022	16.0	13.0	16.0	9.0	1.0	home,multicolor				switch.programmable	square,fill
syringe	2022	16.0	13.0	16.0	9.0	1.0	health,objectsandtools	COVID,medical,virus		syringe.fill	syringe	
syringe.fill	2022	16.0	13.0	16.0	9.0	1.0	health,objectsandtools	COVID,medical,virus			syringe	fill
t.circle	2019	13.0	10.15	13.0	6.0	1.0	indices,variable			t.circle.fill	t	circle
t.circle.fill	2019	13.0	10.15	13.0	6.0	1.0	indices,multicolor				t	circle,fill
t.square	2019	13.0	10.15	13.0	6.0	1.0	indices			t.square.fill	t	square
t.square.fill	2019	13.0	10.15	13.0	6.0	1.0	indices,multicolor				t	square,fill
table.furniture	2022	16.0	13.0	16.0	9.0	1.0	home,objectsandtools			table.furniture.fill	table.furniture	
table.furniture.fill	2022	16.0	13.0	16.0	9.0	1.0	home,objectsandtools				table.furniture	fill
tablecells	2020	14.0	11.0	14.0	7.0	1.0				tablecells.fill	tablecells	
tablecells.badge.ellipsis	2020	14.0	11.0	14.0	7.0	1.0	multicolor	action,dot.3,extra,more,overflow,…		tablecells.fill.badge.ellipsis	tablecells.badge.ellipsis	
tablecells.fill	2020	14.0	11.0	14.0	7.0	1.0					tablecells	fill
tablecells.fill.badge.ellipsis	2021	15.0	12.0	15.0	8.0	1.0	multicolor	action,dot.3,extra,more,overflow,…			tablecells.fill.badge.ellipsis	
tachometer	2024	18.0	15.0	18.0	11.0	2.0	automotive				tachometer	
tag	2019	13.0	10.15	13.0	6.0	1.0	objectsandtools			tag.fill	tag	
tag.circle	2019	13.0	10.15	13.0	6.0	1.0	objectsandtools,variable			tag.circle.fill	tag	circle
tag.circle.fill	2019	13.0	10.15	13.0	6.0	1.0	multicolor,objectsandtools				tag	circle,fill
tag.fill	2019	13.0	10.15	13.0	6.0	1.0	objectsandtools				tag	fill
tag.slash	2020	14.0	11.0	14.0	7.0	1.0	objectsandtools	remove		tag.slash.fill	tag	slash
tag.slash.fill	2020	14.0	11.0	14.0	7.0	1.0	objectsandtools	remove			tag	slash,fill
tag.square	2021	15.0	12.0	15.0	8.0	1.0	objectsandtools			tag.square.fill	tag	square
tag.square.fill	2021	15.0	12.0	15.0	8.0	1.0	multicolor,objectsandtools				tag	square,fill
taillight.fog	2022.1	16.1	13.0	16.1	9.1	1.0	automotive,multicolor			taillight.fog.fill	taillight.fog	
taillight.fog.fill	2022.1	16.1	13.0	16.1	9.1	1.0	automotive,multicolor				taillight.fog	fill
takeoutbag.and.cup.and.straw	2021	15.0	12.0	15.0	8.0	1.0	objectsandtools	drink		takeoutbag.and.cup.and.straw.fill	takeoutbag.and.cup.and.straw	
takeoutbag.and.cup.and.straw.fill	2021	15.0	12.0	15.0	8.0	1.0	objectsandtools	drink			takeoutbag.and.cup.and.straw	fill
target	2020	14.0	11.0	14.0	7.0	1.0	variable	dot			target	
teddybear	2022	16.0	13.0	16.0	9.0	1.0	objectsandtools	animals,pet friendly		teddybear.fill	teddybear	
teddybear.fill	2022	16.0	13.0	16.0	9.0	1.0	objectsandtools	animals,pet friendly			teddybear	fill
teletype	2019	13.0	10.15	13.0	6.0	1.0	accessibility,communication,multicolor	phone,rtt	This symbol may not be modified and may only be used to refer to Apple’s Teletype feature.		teletype	
teletype.answer	2019	13.0	10.15	13.0	6.0	1.0	accessibility,communication,multicolor	phone,rtt	This symbol may not be modified and may only be used to refer to Apple’s Teletype feature.		teletype.answer	
teletype.answer.circle	2021	15.0	12.0	15.0	8.0	1.0	accessibility,communication,multicolor,variable	phone,rtt	This symbol may not be modified and may only be used to refer to Apple’s Teletype feature.	teletype.answer.circle.fill	teletype.answer	circle
teletype.answer.circle.fill	2021	15.0	12.0	15.0	8.0	1.0	accessibility,communication,multicolor	phone,rtt	This symbol may not be modified and may only be used to refer to Apple’s Teletype feature.		teletype.answer	circle,fill
teletype.circle	2020	14.0	11.0	14.0	7.0	1.0	accessibility,communication,multicolor,variable	phone,rtt	This symbol may not be modified and may only be used to refer to Apple’s Teletype feature.	teletype.circle.fill	teletype	circle
teletype.circle.fill	2020	14.0	11.0	14.0	7.0	1.0	accessibility,communication,multicolor	phone,rtt	This symbol may not be modified and may only be used to refer to Apple’s Teletype feature.		teletype	circle,fill
tengesign	2022	16.0	13.0	16.0	9.0	1.0	commerce,indices	currencies,currency			tengesign	
tengesign.arrow.trianglehead.counterclockwise.rotate.90	2024	18.0	15.0	18.0	11.0	2.0	arrows,commerce	currencies,currency			tengesign.arrow.trianglehead.counterclockwise.rotate.90	
tengesign.building.classical	2026	27.0	27.0	27.0	27.0	27.0	commerce,objectsandtools	currencies,currency		tengesign.building.classical.fill	tengesign.building.classical	
tengesign.building.classical.fill	2026	27.0	27.0	27.0	27.0	27.0	commerce,multicolor,objectsandtools	currencies,currency			tengesign.building.classical	fill
tengesign.circle	2019	13.0	10.15	13.0	6.0	1.0	commerce,indices,variable	currencies,currency		tengesign.circle.fill	tengesign	circle
tengesign.circle.fill	2019	13.0	10.15	13.0	6.0	1.0	commerce,indices,multicolor	currencies,currency			tengesign	circle,fill
tengesign.gauge.chart.lefthalf.righthalf	2024	18.0	15.0	18.0	11.0	2.0	commerce,home,variable				tengesign.gauge.chart.lefthalf.righthalf	
tengesign.gauge.chart.leftthird.topthird.rightthird	2024	18.0	15.0	18.0	11.0	2.0	commerce,home,variable				tengesign.gauge.chart.leftthird.topthird.rightthird	
tengesign.ring	2024	18.0	15.0	18.0	11.0	2.0	commerce,home				tengesign.ring	
tengesign.ring.dashed	2024	18.0	15.0	18.0	11.0	2.0	commerce,home,variable				tengesign.ring.dashed	
tengesign.square	2019	13.0	10.15	13.0	6.0	1.0	commerce,indices	currencies,currency		tengesign.square.fill	tengesign	square
tengesign.square.fill	2019	13.0	10.15	13.0	6.0	1.0	commerce,indices,multicolor	currencies,currency			tengesign	square,fill
tennis.racket	2022	16.0	13.0	16.0	9.0	1.0	fitness,objectsandtools	sports			tennis.racket	
tennis.racket.circle	2022	16.0	13.0	16.0	9.0	1.0	fitness,objectsandtools,variable	sports		tennis.racket.circle.fill	tennis.racket	circle
tennis.racket.circle.fill	2022	16.0	13.0	16.0	9.0	1.0	fitness,multicolor,objectsandtools	sports			tennis.racket	circle,fill
tennisball	2022	16.0	13.0	16.0	9.0	1.0	fitness,objectsandtools	sports		tennisball.fill	tennisball	
tennisball.circle	2022	16.0	13.0	16.0	9.0	1.0	fitness,objectsandtools,variable	sports		tennisball.circle.fill	tennisball	circle
tennisball.circle.fill	2022	16.0	13.0	16.0	9.0	1.0	fitness,multicolor,objectsandtools	sports			tennisball	circle,fill
tennisball.fill	2022	16.0	13.0	16.0	9.0	1.0	fitness,objectsandtools	sports			tennisball	fill
tent	2022	16.0	13.0	16.0	9.0	1.0	objectsandtools	campground,camping		tent.fill	tent	
tent.2	2022.1	16.1	13.0	16.1	9.1	1.0	objectsandtools	campground,camping		tent.2.fill	tent.2	
tent.2.circle	2022.1	16.1	13.0	16.1	9.1	1.0	objectsandtools,variable	campground,camping		tent.2.circle.fill	tent.2	circle
tent.2.circle.fill	2022.1	16.1	13.0	16.1	9.1	1.0	multicolor,objectsandtools	campground,camping			tent.2	circle,fill
tent.2.fill	2022.1	16.1	13.0	16.1	9.1	1.0	objectsandtools	campground,camping			tent.2	fill
tent.circle	2022.1	16.1	13.0	16.1	9.1	1.0	objectsandtools,variable	campground,camping		tent.circle.fill	tent	circle
tent.circle.fill	2022.1	16.1	13.0	16.1	9.1	1.0	multicolor,objectsandtools	campground,camping			tent	circle,fill
tent.fill	2022	16.0	13.0	16.0	9.0	1.0	objectsandtools	campground,camping			tent	fill
testtube.2	2021	15.0	12.0	15.0	8.0	1.0	multicolor,objectsandtools	medical			testtube.2	
text.aligncenter	2019	13.0	10.15	13.0	6.0	1.0	textformatting				text.aligncenter	
text.alignleft	2019	13.0	10.15	13.0	6.0	1.0	textformatting				text.alignleft	
text.alignright	2019	13.0	10.15	13.0	6.0	1.0	textformatting				text.alignright	
text.and.command.interface.window	2026	27.0	27.0	27.0	27.0	27.0	multicolor				text.and.command.interface.window	
text.append	2019	13.0	10.15	13.0	6.0	1.0	arrows,media,textformatting	arrow,end,later,play later			text.append	
text.badge.checkmark	2019	13.0	10.15	13.0	6.0	1.0	multicolor				text.badge.checkmark	
text.badge.minus	2019	13.0	10.15	13.0	6.0	1.0	multicolor	remove			text.badge.minus	
text.badge.plus	2019	13.0	10.15	13.0	6.0	1.0	multicolor	add			text.badge.plus	
text.badge.star	2019	13.0	10.15	13.0	6.0	1.0	multicolor				text.badge.star	
text.badge.xmark	2019	13.0	10.15	13.0	6.0	1.0	multicolor				text.badge.xmark	
text.below.folder	2025	26.0	26.0	26.0	26.0	26.0	objectsandtools			text.below.folder.fill	text.below.folder	
text.below.folder.fill	2025	26.0	26.0	26.0	26.0	26.0	objectsandtools				text.below.folder	fill
text.below.photo	2020	14.0	11.0	14.0	7.0	1.0	cameraandphotos	environment,image,mountain,photograph,picture,place,sun		text.below.photo.fill	text.below.photo	
text.below.photo.fill	2020	14.0	11.0	14.0	7.0	1.0	cameraandphotos	environment,image,mountain,photograph,picture,place,sun			text.below.photo	fill
text.book.closed	2020	14.0	11.0	14.0	7.0	1.0	objectsandtools	dictionary		text.book.closed.fill	text.book.closed	
text.book.closed.fill	2020	14.0	11.0	14.0	7.0	1.0	multicolor,objectsandtools	dictionary			text.book.closed	fill
text.bubble	2019	13.0	10.15	13.0	6.0	1.0	communication	speech		text.bubble.fill	text.bubble	
text.bubble.badge.clock	2024	18.0	15.0	18.0	11.0	2.0	communication,multicolor	speech		text.bubble.badge.clock.fill	text.bubble.badge.clock	
text.bubble.badge.clock.fill	2024	18.0	15.0	18.0	11.0	2.0	communication,multicolor	speech			text.bubble.badge.clock	fill
text.bubble.badge.sparkles	2026	27.0	27.0	27.0	27.0	27.0	communication,whatsnew	speech		text.bubble.badge.sparkles.fill	text.bubble.badge.sparkles	
text.bubble.badge.sparkles.fill	2026	27.0	27.0	27.0	27.0	27.0	communication,whatsnew	speech			text.bubble.badge.sparkles	fill
text.bubble.fill	2019	13.0	10.15	13.0	6.0	1.0	communication,multicolor	speech			text.bubble	fill
text.document	2024	18.0	15.0	18.0	11.0	2.0	multicolor,objectsandtools			text.document.fill	text.document	
text.document.fill	2024	18.0	15.0	18.0	11.0	2.0	multicolor,objectsandtools				text.document	fill
text.insert	2019	13.0	10.15	13.0	6.0	1.0	arrows,media,textformatting	arrow,beginning,next,play next			text.insert	
text.justify	2019	13.0	10.15	13.0	6.0	1.0	textformatting				text.justify	
text.justify.leading	2021.1	15.1	12.0	15.1	8.1	1.0	textformatting				text.justify.leading	
text.justify.left	2021.1	15.1	12.0	15.1	8.1	1.0	textformatting				text.justify.left	
text.justify.right	2021.1	15.1	12.0	15.1	8.1	1.0	textformatting				text.justify.right	
text.justify.trailing	2021.1	15.1	12.0	15.1	8.1	1.0	textformatting				text.justify.trailing	
text.line.2.summary	2025	26.0	26.0	26.0	26.0	26.0	textformatting	summarize	This symbol may not be modified and may only be used to refer to the Apple Intelligence summary feature.		text.line.2.summary	
text.line.2.summary.badge.xmark	2025	26.0	26.0	26.0	26.0	26.0	multicolor,textformatting	summarize	This symbol may not be modified and may only be used to refer to the Apple Intelligence summary feature.		text.line.2.summary.badge.xmark	
text.line.3.summary	2025	26.0	26.0	26.0	26.0	26.0	textformatting	summarize	This symbol may not be modified and may only be used to refer to the Apple Intelligence summary feature.		text.line.3.summary	
text.line.first.and.arrowtriangle.forward	2022	16.0	13.0	16.0	9.0	1.0	media				text.line.first.and.arrowtriangle.forward	
text.line.last.and.arrowtriangle.forward	2022	16.0	13.0	16.0	9.0	1.0	media				text.line.last.and.arrowtriangle.forward	
text.line.magnify	2024	18.0	15.0	18.0	11.0	2.0	textformatting				text.line.magnify	
text.magnifyingglass	2020	14.0	11.0	14.0	7.0	1.0	objectsandtools	search			text.magnifyingglass	
text.menu	2026	27.0	27.0	27.0	27.0	27.0	whatsnew				text.menu	
text.pad.header	2025	26.0	26.0	26.0	26.0	26.0	objectsandtools				text.pad.header	
text.pad.header.badge.clock	2025	26.0	26.0	26.0	26.0	26.0	multicolor,objectsandtools				text.pad.header.badge.clock	
text.pad.header.badge.plus	2025	26.0	26.0	26.0	26.0	26.0	multicolor,objectsandtools	+,add,create,new			text.pad.header.badge.plus	
text.page	2024	18.0	15.0	18.0	11.0	2.0		reader		text.page.fill	text.page	
text.page.and.line.vertical.and.text.page	2026	27.0	27.0	27.0	27.0	27.0	whatsnew				text.page.and.line.vertical.and.text.page	
text.page.badge.magnifyingglass	2024	18.0	15.0	18.0	11.0	2.0	objectsandtools	search			text.page.badge.magnifyingglass	
text.page.fill	2024	18.0	15.0	18.0	11.0	2.0	multicolor	reader			text.page	fill
text.page.slash	2024	18.0	15.0	18.0	11.0	2.0				text.page.slash.fill	text.page	slash
text.page.slash.fill	2024	18.0	15.0	18.0	11.0	2.0					text.page	slash,fill
text.quote	2019	13.0	10.15	13.0	6.0	1.0					text.quote	
text.rectangle	2025	26.0	26.0	26.0	26.0	26.0				text.rectangle.fill	text	rectangle
text.rectangle.fill	2025	26.0	26.0	26.0	26.0	26.0	multicolor				text	rectangle,fill
text.rectangle.page	2024	18.0	15.0	18.0	11.0	2.0		today		text.rectangle.page.fill	text.rectangle.page	
text.rectangle.page.fill	2024	18.0	15.0	18.0	11.0	2.0	multicolor	today			text.rectangle.page	fill
text.redaction	2020	14.0	11.0	14.0	7.0	1.0	textformatting				text.redaction	
text.square.filled	2025	26.0	26.0	26.0	26.0	26.0	textformatting				text.square.filled	
text.viewfinder	2021	15.0	12.0	15.0	8.0	1.0					text.viewfinder	
text.word.spacing	2022	16.0	13.0	16.0	9.0	1.0	textformatting	word spacing			text.word.spacing	
textformat	2019	13.0	10.15	13.0	6.0	1.0	textformatting	aa			textformat	
textformat.alt	2019	13.0	10.15	13.0	6.0	1.0	textformatting	aa			textformat.alt	
textformat.characters	2024	18.0	15.0	18.0	11.0	2.0	textformatting				textformat.characters	
textformat.characters.arrow.left.and.right	2024	18.0	15.0	18.0	11.0	2.0	textformatting				textformat.characters.arrow.left.and.right	
textformat.characters.dottedunderline	2024	18.0	15.0	18.0	11.0	2.0	multicolor,textformatting				textformat.characters.dottedunderline	
textformat.numbers	2024	18.0	15.0	18.0	11.0	2.0	textformatting				textformat.numbers	
textformat.size	2019	13.0	10.15	13.0	6.0	1.0	accessibility,textformatting	aa			textformat.size	
textformat.size.larger	2020.1	14.2	11.0	14.2	7.1	1.0	accessibility,textformatting				textformat.size.larger	
textformat.size.smaller	2020.1	14.2	11.0	14.2	7.1	1.0	accessibility,textformatting				textformat.size.smaller	
textformat.subscript	2019	13.0	10.15	13.0	6.0	1.0	textformatting	a			textformat.subscript	
textformat.superscript	2019	13.0	10.15	13.0	6.0	1.0	textformatting	a			textformat.superscript	
theatermask.and.paintbrush	2022	16.0	13.0	16.0	9.0	1.0	objectsandtools	arts		theatermask.and.paintbrush.fill	theatermask.and.paintbrush	
theatermask.and.paintbrush.fill	2022	16.0	13.0	16.0	9.0	1.0	objectsandtools	arts			theatermask.and.paintbrush	fill
theatermasks	2021	15.0	12.0	15.0	8.0	1.0	objectsandtools			theatermasks.fill	theatermasks	
theatermasks.circle	2021	15.0	12.0	15.0	8.0	1.0	objectsandtools,variable			theatermasks.circle.fill	theatermasks	circle
theatermasks.circle.fill	2021	15.0	12.0	15.0	8.0	1.0	multicolor,objectsandtools				theatermasks	circle,fill
theatermasks.fill	2021	15.0	12.0	15.0	8.0	1.0	objectsandtools				theatermasks	fill
thermometer.and.ellipsis	2025	26.0	26.0	26.0	26.0	26.0	home,variable				thermometer.and.ellipsis	
thermometer.and.liquid.waves	2022.1	16.1	13.0	16.1	9.1	1.0	automotive				thermometer.and.liquid.waves	
thermometer.and.liquid.waves.snowflake	2024	18.0	15.0	18.0	11.0	2.0	automotive				thermometer.and.liquid.waves.snowflake	
thermometer.and.liquid.waves.trianglebadge.exclamationmark	2024	18.0	15.0	18.0	11.0	2.0	automotive,multicolor				thermometer.and.liquid.waves.trianglebadge.exclamationmark	
thermometer.brakesignal	2022	16.0	13.0	16.0	9.0	1.0	automotive,multicolor				thermometer.brakesignal	
thermometer.gauge.open	2025	26.0	26.0	26.0	26.0	26.0	variable				thermometer.gauge.open	
thermometer.high	2022	16.0	13.0	16.0	9.0	1.0	multicolor,variable,weather	weather			thermometer.high	
thermometer.low	2022	16.0	13.0	16.0	9.0	1.0	multicolor,variable,weather	weather			thermometer.low	
thermometer.medium	2022	16.0	13.0	16.0	9.0	1.0	multicolor,variable,weather	weather			thermometer.medium	
thermometer.medium.slash	2022	16.0	13.0	16.0	9.0	1.0	variable,weather	weather			thermometer.medium	slash
thermometer.snowflake	2019	13.0	10.15	13.0	6.0	1.0	multicolor,nature,variable,weather	weather			thermometer.snowflake	
thermometer.snowflake.circle	2022	16.0	13.0	16.0	9.0	1.0	nature,variable,weather	weather		thermometer.snowflake.circle.fill	thermometer.snowflake	circle
thermometer.snowflake.circle.fill	2022	16.0	13.0	16.0	9.0	1.0	multicolor,nature,weather	weather			thermometer.snowflake	circle,fill
thermometer.sun	2019	13.0	10.15	13.0	6.0	1.0	nature,variable,weather	weather		thermometer.sun.fill	thermometer.sun	
thermometer.sun.circle	2022	16.0	13.0	16.0	9.0	1.0	nature,variable,weather	weather		thermometer.sun.circle.fill	thermometer.sun	circle
thermometer.sun.circle.fill	2022	16.0	13.0	16.0	9.0	1.0	multicolor,nature,weather	weather			thermometer.sun	circle,fill
thermometer.sun.fill	2020	14.0	11.0	14.0	7.0	1.0	multicolor,nature,variable,weather	weather			thermometer.sun	fill
thermometer.tirepressure	2025	26.0	26.0	26.0	26.0	26.0	automotive				thermometer.tirepressure	
thermometer.transmission	2022.1	16.1	13.0	16.1	9.1	1.0	automotive	temperature,transmission			thermometer.transmission	
thermometer.variable	2024	18.0	15.0	18.0	11.0	2.0	health,multicolor,nature,weather	weather			thermometer.variable	
thermometer.variable.and.figure	2023	17.0	14.0	17.0	10.0	1.0	health,multicolor,nature,weather	feels like,weather			thermometer.variable.and.figure	
thermometer.variable.and.figure.circle	2023	17.0	14.0	17.0	10.0	1.0	health,nature,variable,weather	feels like,weather		thermometer.variable.and.figure.circle.fill	thermometer.variable.and.figure	circle
thermometer.variable.and.figure.circle.fill	2023	17.0	14.0	17.0	10.0	1.0	health,multicolor,nature,weather	feels like,weather			thermometer.variable.and.figure	circle,fill
thermometer.variable.badge.clock	2025	26.0	26.0	26.0	26.0	26.0	health,home,multicolor,nature,weather	weather			thermometer.variable.badge.clock	
thermometer.variable.badge.play	2025	26.0	26.0	26.0	26.0	26.0	health,home,multicolor,nature,weather	weather			thermometer.variable.badge.play	
ticket	2020	14.0	11.0	14.0	7.0	1.0	objectsandtools			ticket.fill	ticket	
ticket.circle	2025	26.0	26.0	26.0	26.0	26.0	objectsandtools,variable			ticket.circle.fill	ticket	circle
ticket.circle.fill	2025	26.0	26.0	26.0	26.0	26.0	multicolor,objectsandtools				ticket	circle,fill
ticket.fill	2020	14.0	11.0	14.0	7.0	1.0	objectsandtools				ticket	fill
timelapse	2019	13.0	10.15	13.0	6.0	1.0	variable				timelapse	
timeline.selection	2020	14.0	11.0	14.0	7.0	1.0	editing	trim			timeline.selection	
timer	2019	13.0	10.15	13.0	6.0	1.0	multicolor,objectsandtools,time	timer			timer	
timer.circle	2022	16.0	13.0	16.0	9.0	1.0	objectsandtools,time,variable	timer		timer.circle.fill	timer	circle
timer.circle.fill	2022	16.0	13.0	16.0	9.0	1.0	multicolor,objectsandtools,time	timer			timer	circle,fill
timer.square	2020	14.0	11.0	14.0	7.0	1.0	objectsandtools,time				timer	square
tire	2024	18.0	15.0	18.0	11.0	2.0	automotive				tire	
tire.badge.snowflake	2024	18.0	15.0	18.0	11.0	2.0	automotive				tire.badge.snowflake	
tirepressure	2023	17.0	14.0	17.0	10.0	1.0	automotive				tirepressure	
togglepower	2020	14.0	11.0	14.0	7.0	1.0					togglepower	
toilet	2022	16.0	13.0	16.0	9.0	1.0	home,objectsandtools	campground,camping		toilet.fill	toilet	
toilet.circle	2022.1	16.1	13.0	16.1	9.1	1.0	home,objectsandtools,variable	campground,camping		toilet.circle.fill	toilet	circle
toilet.circle.fill	2022.1	16.1	13.0	16.1	9.1	1.0	home,multicolor,objectsandtools	campground,camping			toilet	circle,fill
toilet.fill	2022	16.0	13.0	16.0	9.0	1.0	home,objectsandtools	campground,camping			toilet	fill
tornado	2019	13.0	10.15	13.0	6.0	1.0	multicolor,nature,weather	weather			tornado	
tornado.circle	2022	16.0	13.0	16.0	9.0	1.0	nature,variable,weather	weather		tornado.circle.fill	tornado	circle
tornado.circle.fill	2022	16.0	13.0	16.0	9.0	1.0	multicolor,nature,weather	weather			tornado	circle,fill
tortoise	2019	13.0	10.15	13.0	6.0	1.0	accessibility,nature	animals,slow,turtle		tortoise.fill	tortoise	
tortoise.circle	2023	17.0	14.0	17.0	10.0	1.0	accessibility,nature,variable	animals,slow,turtle		tortoise.circle.fill	tortoise	circle
tortoise.circle.fill	2023	17.0	14.0	17.0	10.0	1.0	accessibility,multicolor,nature	animals,slow,turtle			tortoise	circle,fill
tortoise.fill	2019	13.0	10.15	13.0	6.0	1.0	accessibility,nature	animals,slow,turtle			tortoise	fill
torus	2020.1	14.2	11.0	14.2	7.1	1.0					torus	
touchid	2020	14.0	11.0	14.0	7.0	1.0	multicolor,privacyandsecurity,variable	authentication,fingerprint,password,security	This symbol may not be modified and may only be used to refer to Apple’s Touch ID feature.		touchid	
tow.hitch	2024	18.0	15.0	18.0	11.0	2.0	automotive	towing system		tow.hitch.fill	tow.hitch	
tow.hitch.exclamationmark	2024	18.0	15.0	18.0	11.0	2.0	automotive	towing system		tow.hitch.exclamationmark.fill	tow.hitch.exclamationmark	
tow.hitch.exclamationmark.fill	2024	18.0	15.0	18.0	11.0	2.0	automotive	towing system			tow.hitch.exclamationmark	fill
tow.hitch.fill	2024	18.0	15.0	18.0	11.0	2.0	automotive	towing system			tow.hitch	fill
traction.control.tirepressure	2023	17.0	14.0	17.0	10.0	1.0	automotive				traction.control.tirepressure	
traction.control.tirepressure.exclamationmark	2023	17.0	14.0	17.0	10.0	1.0	automotive				traction.control.tirepressure.exclamationmark	
traction.control.tirepressure.slash	2023	17.0	14.0	17.0	10.0	1.0	automotive				traction.control.tirepressure	slash
train.side.front.car	2021	15.0	12.0	15.0	8.0	1.0	transportation				train.side.front.car	
train.side.middle.car	2021	15.0	12.0	15.0	8.0	1.0	transportation				train.side.middle.car	
train.side.rear.car	2021	15.0	12.0	15.0	8.0	1.0	transportation				train.side.rear.car	
tram	2020	14.0	11.0	14.0	7.0	1.0	maps,transportation			tram.fill	tram	
tram.card	2025	26.0	26.0	26.0	26.0	26.0	transportation			tram.card.fill	tram.card	
tram.card.fill	2025	26.0	26.0	26.0	26.0	26.0	multicolor,transportation				tram.card	fill
tram.circle	2020	14.0	11.0	14.0	7.0	1.0	maps,transportation,variable			tram.circle.fill	tram	circle
tram.circle.fill	2020	14.0	11.0	14.0	7.0	1.0	multicolor,transportation				tram	circle,fill
tram.fill	2019	13.0	10.15	13.0	6.0	1.0	maps,transportation				tram	fill
tram.fill.tunnel	2021	15.0	12.0	15.0	8.0	1.0	transportation				tram.fill.tunnel	
translate	2023.3	17.4	14.4	17.4	10.4	1.1	communication		This symbol may not be modified and may only be used to refer to Apple’s translation features.		translate	
transmission	2022.1	16.1	13.0	16.1	9.1	1.0	automotive				transmission	
trapezoid.and.line.horizontal	2021	15.0	12.0	15.0	8.0	1.0	cameraandphotos,editing			trapezoid.and.line.horizontal.fill	trapezoid.and.line.horizontal	
trapezoid.and.line.horizontal.fill	2021	15.0	12.0	15.0	8.0	1.0	cameraandphotos,editing				trapezoid.and.line.horizontal	fill
trapezoid.and.line.vertical	2021	15.0	12.0	15.0	8.0	1.0	cameraandphotos,editing			trapezoid.and.line.vertical.fill	trapezoid.and.line.vertical	
trapezoid.and.line.vertical.fill	2021	15.0	12.0	15.0	8.0	1.0	cameraandphotos,editing				trapezoid.and.line.vertical	fill
trash	2019	13.0	10.15	13.0	6.0	1.0	multicolor,objectsandtools	mail,trash		trash.fill	trash	
trash.circle	2019	13.0	10.15	13.0	6.0	1.0	multicolor,objectsandtools,variable	mail,trash		trash.circle.fill	trash	circle
trash.circle.fill	2019	13.0	10.15	13.0	6.0	1.0	multicolor,objectsandtools	mail,trash			trash	circle,fill
trash.fill	2019	13.0	10.15	13.0	6.0	1.0	multicolor,objectsandtools	mail,trash			trash	fill
trash.slash	2019	13.0	10.15	13.0	6.0	1.0	multicolor,objectsandtools	remove		trash.slash.fill	trash	slash
trash.slash.circle	2021	15.0	12.0	15.0	8.0	1.0	multicolor,objectsandtools,variable	remove		trash.slash.circle.fill	trash	slash,circle
trash.slash.circle.fill	2021	15.0	12.0	15.0	8.0	1.0	multicolor,objectsandtools	remove			trash	slash,circle,fill
trash.slash.fill	2019	13.0	10.15	13.0	6.0	1.0	multicolor,objectsandtools	remove			trash	slash,fill
trash.slash.square	2021	15.0	12.0	15.0	8.0	1.0	multicolor,objectsandtools	remove		trash.slash.square.fill	trash	slash,square
trash.slash.square.fill	2021	15.0	12.0	15.0	8.0	1.0	multicolor,objectsandtools	remove			trash	slash,square,fill
trash.square	2021	15.0	12.0	15.0	8.0	1.0	multicolor,objectsandtools			trash.square.fill	trash	square
trash.square.fill	2021	15.0	12.0	15.0	8.0	1.0	multicolor,objectsandtools				trash	square,fill
tray	2019	13.0	10.15	13.0	6.0	1.0	objectsandtools	inbox,mail		tray.fill	tray	
tray.2	2019	13.0	10.15	13.0	6.0	1.0	objectsandtools	mail		tray.2.fill	tray.2	
tray.2.fill	2019	13.0	10.15	13.0	6.0	1.0	objectsandtools	mail			tray.2	fill
tray.and.arrow.down	2019	13.0	10.15	13.0	6.0	1.0	objectsandtools	mail		tray.and.arrow.down.fill	tray.and.arrow.down	
tray.and.arrow.down.fill	2019	13.0	10.15	13.0	6.0	1.0	objectsandtools	mail			tray.and.arrow.down	fill
tray.and.arrow.up	2019	13.0	10.15	13.0	6.0	1.0	objectsandtools	mail		tray.and.arrow.up.fill	tray.and.arrow.up	
tray.and.arrow.up.fill	2019	13.0	10.15	13.0	6.0	1.0	objectsandtools	mail			tray.and.arrow.up	fill
tray.badge	2025	26.0	26.0	26.0	26.0	26.0	multicolor,objectsandtools	inbox,mail		tray.badge.fill	tray.badge	
tray.badge.fill	2025	26.0	26.0	26.0	26.0	26.0	multicolor,objectsandtools	inbox,mail			tray.badge	fill
tray.circle	2020	14.0	11.0	14.0	7.0	1.0	objectsandtools,variable	inbox,mail		tray.circle.fill	tray	circle
tray.circle.fill	2020	14.0	11.0	14.0	7.0	1.0	multicolor,objectsandtools	inbox,mail			tray	circle,fill
tray.fill	2019	13.0	10.15	13.0	6.0	1.0	objectsandtools	inbox,mail			tray	fill
tray.full	2019	13.0	10.15	13.0	6.0	1.0	objectsandtools	mail		tray.full.fill	tray.full	
tray.full.fill	2019	13.0	10.15	13.0	6.0	1.0	objectsandtools	mail			tray.full	fill
tree	2022.1	16.1	13.0	16.1	9.1	1.0	multicolor,nature,objectsandtools	campground,camping		tree.fill	tree	
tree.circle	2022.1	16.1	13.0	16.1	9.1	1.0	multicolor,nature,objectsandtools,variable	campground,camping		tree.circle.fill	tree	circle
tree.circle.fill	2022.1	16.1	13.0	16.1	9.1	1.0	multicolor,nature,objectsandtools	campground,camping			tree	circle,fill
tree.fill	2022.1	16.1	13.0	16.1	9.1	1.0	multicolor,nature,objectsandtools	campground,camping			tree	fill
triangle	2019	13.0	10.15	13.0	6.0	1.0	shapes			triangle.fill	triangle	
triangle.bottomhalf.filled	2021	15.0	12.0	15.0	8.0	1.0					triangle.bottomhalf.filled	
triangle.circle	2020	14.0	11.0	14.0	7.0	1.0	gaming,variable			triangle.circle.fill	triangle	circle
triangle.circle.fill	2020	14.0	11.0	14.0	7.0	1.0	gaming,multicolor				triangle	circle,fill
triangle.fill	2019	13.0	10.15	13.0	6.0	1.0	shapes				triangle	fill
triangle.lefthalf.filled	2021	15.0	12.0	15.0	8.0	1.0					triangle.lefthalf.filled	
triangle.righthalf.filled	2021	15.0	12.0	15.0	8.0	1.0					triangle.righthalf.filled	
triangle.tophalf.filled	2021	15.0	12.0	15.0	8.0	1.0					triangle.tophalf.filled	
triangleshape	2023	17.0	14.0	17.0	10.0	1.0	shapes			triangleshape.fill	triangleshape	
triangleshape.fill	2023	17.0	14.0	17.0	10.0	1.0	shapes				triangleshape	fill
trophy	2022	16.0	13.0	16.0	9.0	1.0	fitness,objectsandtools			trophy.fill	trophy	
trophy.circle	2022	16.0	13.0	16.0	9.0	1.0	fitness,objectsandtools,variable			trophy.circle.fill	trophy	circle
trophy.circle.fill	2022	16.0	13.0	16.0	9.0	1.0	fitness,multicolor,objectsandtools				trophy	circle,fill
trophy.fill	2022	16.0	13.0	16.0	9.0	1.0	fitness,objectsandtools				trophy	fill
tropicalstorm	2019	13.0	10.15	13.0	6.0	1.0	multicolor,nature,weather	weather			tropicalstorm	
tropicalstorm.circle	2022	16.0	13.0	16.0	9.0	1.0	nature,variable,weather	weather		tropicalstorm.circle.fill	tropicalstorm	circle
tropicalstorm.circle.fill	2022	16.0	13.0	16.0	9.0	1.0	multicolor,nature,weather	weather			tropicalstorm	circle,fill
truck.box	2023	17.0	14.0	17.0	10.0	1.0	transportation			truck.box.fill	truck.box	
truck.box.badge.clock	2023	17.0	14.0	17.0	10.0	1.0	multicolor,transportation	time		truck.box.badge.clock.fill	truck.box.badge.clock	
truck.box.badge.clock.fill	2023	17.0	14.0	17.0	10.0	1.0	multicolor,transportation	time			truck.box.badge.clock	fill
truck.box.fill	2023	17.0	14.0	17.0	10.0	1.0	transportation				truck.box	fill
truck.pickup.side	2023	17.0	14.0	17.0	10.0	1.0	automotive			truck.pickup.side.fill	truck.pickup.side	
truck.pickup.side.air.circulate	2023	17.0	14.0	17.0	10.0	1.0	automotive			truck.pickup.side.air.circulate.fill	truck.pickup.side.air.circulate	
truck.pickup.side.air.circulate.fill	2023	17.0	14.0	17.0	10.0	1.0	automotive				truck.pickup.side.air.circulate	fill
truck.pickup.side.air.fresh	2023	17.0	14.0	17.0	10.0	1.0	automotive			truck.pickup.side.air.fresh.fill	truck.pickup.side.air.fresh	
truck.pickup.side.air.fresh.fill	2023	17.0	14.0	17.0	10.0	1.0	automotive				truck.pickup.side.air.fresh	fill
truck.pickup.side.and.exclamationmark	2023	17.0	14.0	17.0	10.0	1.0	automotive,multicolor			truck.pickup.side.and.exclamationmark.fill	truck.pickup.side.and.exclamationmark	
truck.pickup.side.and.exclamationmark.fill	2023	17.0	14.0	17.0	10.0	1.0	automotive,multicolor				truck.pickup.side.and.exclamationmark	fill
truck.pickup.side.arrow.left.and.right	2024.3	18.4	15.4	18.4	11.4	2.4	automotive			truck.pickup.side.arrow.left.and.right.fill	truck.pickup.side.arrow.left.and.right	
truck.pickup.side.arrow.left.and.right.fill	2024.3	18.4	15.4	18.4	11.4	2.4	automotive				truck.pickup.side.arrow.left.and.right	fill
truck.pickup.side.arrowtriangle.down	2023	17.0	14.0	17.0	10.0	1.0	automotive			truck.pickup.side.arrowtriangle.down.fill	truck.pickup.side.arrowtriangle.down	
truck.pickup.side.arrowtriangle.down.fill	2023	17.0	14.0	17.0	10.0	1.0	automotive				truck.pickup.side.arrowtriangle.down	fill
truck.pickup.side.arrowtriangle.up	2023	17.0	14.0	17.0	10.0	1.0	automotive			truck.pickup.side.arrowtriangle.up.fill	truck.pickup.side.arrowtriangle.up	
truck.pickup.side.arrowtriangle.up.arrowtriangle.down	2023	17.0	14.0	17.0	10.0	1.0	automotive			truck.pickup.side.arrowtriangle.up.arrowtriangle.down.fill	truck.pickup.side.arrowtriangle.up.arrowtriangle.down	
truck.pickup.side.arrowtriangle.up.arrowtriangle.down.fill	2023	17.0	14.0	17.0	10.0	1.0	automotive				truck.pickup.side.arrowtriangle.up.arrowtriangle.down	fill
truck.pickup.side.arrowtriangle.up.fill	2023	17.0	14.0	17.0	10.0	1.0	automotive				truck.pickup.side.arrowtriangle.up	fill
truck.pickup.side.fill	2023	17.0	14.0	17.0	10.0	1.0	automotive				truck.pickup.side	fill
truck.pickup.side.front.open	2023	17.0	14.0	17.0	10.0	1.0	automotive,multicolor			truck.pickup.side.front.open.fill	truck.pickup.side.front.open	
truck.pickup.side.front.open.crop	2024	18.0	15.0	18.0	11.0	2.0	automotive			truck.pickup.side.front.open.crop.fill	truck.pickup.side.front.open.crop	
truck.pickup.side.front.open.crop.fill	2024	18.0	15.0	18.0	11.0	2.0	automotive				truck.pickup.side.front.open.crop	fill
truck.pickup.side.front.open.fill	2023	17.0	14.0	17.0	10.0	1.0	automotive,multicolor				truck.pickup.side.front.open	fill
truck.pickup.side.hill.down	2023	17.0	14.0	17.0	10.0	1.0	automotive			truck.pickup.side.hill.down.fill	truck.pickup.side.hill.down	
truck.pickup.side.hill.down.and.gauge.open.with.lines.needle.25percent.and.arrowtriangle	2024.3	18.4	15.4	18.4	11.4	2.4	automotive			truck.pickup.side.hill.down.and.gauge.open.with.lines.needle.25percent.and.arrowtriangle.fill	truck.pickup.side.hill.down.and.gauge.open.with.lines.needle.25percent.and.arrowtriangle	
truck.pickup.side.hill.down.and.gauge.open.with.lines.needle.25percent.and.arrowtriangle.fill	2024.3	18.4	15.4	18.4	11.4	2.4	automotive				truck.pickup.side.hill.down.and.gauge.open.with.lines.needle.25percent.and.arrowtriangle	fill
truck.pickup.side.hill.down.fill	2023	17.0	14.0	17.0	10.0	1.0	automotive				truck.pickup.side.hill.down	fill
truck.pickup.side.hill.up	2023	17.0	14.0	17.0	10.0	1.0	automotive			truck.pickup.side.hill.up.fill	truck.pickup.side.hill.up	
truck.pickup.side.hill.up.fill	2023	17.0	14.0	17.0	10.0	1.0	automotive				truck.pickup.side.hill.up	fill
truck.pickup.side.lock	2023	17.0	14.0	17.0	10.0	1.0	automotive	padlock		truck.pickup.side.lock.fill	truck.pickup.side.lock	
truck.pickup.side.lock.fill	2023	17.0	14.0	17.0	10.0	1.0	automotive	padlock			truck.pickup.side.lock	fill
truck.pickup.side.lock.open	2023	17.0	14.0	17.0	10.0	1.0	automotive	padlock,unlock		truck.pickup.side.lock.open.fill	truck.pickup.side.lock.open	
truck.pickup.side.lock.open.fill	2023	17.0	14.0	17.0	10.0	1.0	automotive	padlock,unlock			truck.pickup.side.lock.open	fill
truck.side.hill.descent.control	2024	18.0	15.0	18.0	11.0	2.0	automotive	DSR		truck.side.hill.descent.control.fill	truck.side.hill.descent.control	
truck.side.hill.descent.control.fill	2024	18.0	15.0	18.0	11.0	2.0	automotive	DSR			truck.side.hill.descent.control	fill
truck.side.roof.cargo.carrier	2024	18.0	15.0	18.0	11.0	2.0	automotive			truck.side.roof.cargo.carrier.fill	truck.side.roof.cargo.carrier	
truck.side.roof.cargo.carrier.fill	2024	18.0	15.0	18.0	11.0	2.0	automotive				truck.side.roof.cargo.carrier	fill
truck.side.roof.cargo.carrier.slash	2024	18.0	15.0	18.0	11.0	2.0	automotive			truck.side.roof.cargo.carrier.slash.fill	truck.side.roof.cargo.carrier	slash
truck.side.roof.cargo.carrier.slash.fill	2024	18.0	15.0	18.0	11.0	2.0	automotive				truck.side.roof.cargo.carrier	slash,fill
tsa	2024	18.0	15.0	18.0	11.0	2.0	automotive				tsa	
tsa.circle	2024	18.0	15.0	18.0	11.0	2.0	automotive,variable			tsa.circle.fill	tsa	circle
tsa.circle.fill	2024	18.0	15.0	18.0	11.0	2.0	automotive,multicolor				tsa	circle,fill
tsa.slash	2024	18.0	15.0	18.0	11.0	2.0	automotive				tsa	slash
tshirt	2021	15.0	12.0	15.0	8.0	1.0	objectsandtools			tshirt.fill	tshirt	
tshirt.circle	2023	17.0	14.0	17.0	10.0	1.0	objectsandtools,variable			tshirt.circle.fill	tshirt	circle
tshirt.circle.fill	2023	17.0	14.0	17.0	10.0	1.0	multicolor,objectsandtools				tshirt	circle,fill
tshirt.fill	2021	15.0	12.0	15.0	8.0	1.0	objectsandtools				tshirt	fill
tugriksign	2022	16.0	13.0	16.0	9.0	1.0	commerce,indices	currencies,currency			tugriksign	
tugriksign.arrow.trianglehead.counterclockwise.rotate.90	2024	18.0	15.0	18.0	11.0	2.0	arrows,commerce	currencies,currency			tugriksign.arrow.trianglehead.counterclockwise.rotate.90	
tugriksign.building.classical	2026	27.0	27.0	27.0	27.0	27.0	commerce,objectsandtools	currencies,currency		tugriksign.building.classical.fill	tugriksign.building.classical	
tugriksign.building.classical.fill	2026	27.0	27.0	27.0	27.0	27.0	commerce,multicolor,objectsandtools	currencies,currency			tugriksign.building.classical	fill
tugriksign.circle	2019	13.0	10.15	13.0	6.0	1.0	commerce,indices,variable	currencies,currency		tugriksign.circle.fill	tugriksign	circle
tugriksign.circle.fill	2019	13.0	10.15	13.0	6.0	1.0	commerce,indices,multicolor	currencies,currency			tugriksign	circle,fill
tugriksign.gauge.chart.lefthalf.righthalf	2024	18.0	15.0	18.0	11.0	2.0	commerce,home,variable				tugriksign.gauge.chart.lefthalf.righthalf	
tugriksign.gauge.chart.leftthird.topthird.rightthird	2024	18.0	15.0	18.0	11.0	2.0	commerce,home,variable				tugriksign.gauge.chart.leftthird.topthird.rightthird	
tugriksign.ring	2024	18.0	15.0	18.0	11.0	2.0	commerce,home				tugriksign.ring	
tugriksign.ring.dashed	2024	18.0	15.0	18.0	11.0	2.0	commerce,home,variable				tugriksign.ring.dashed	
tugriksign.square	2019	13.0	10.15	13.0	6.0	1.0	commerce,indices	currencies,currency		tugriksign.square.fill	tugriksign	square
tugriksign.square.fill	2019	13.0	10.15	13.0	6.0	1.0	commerce,indices,multicolor	currencies,currency			tugriksign	square,fill
tuningfork	2019	13.0	10.15	13.0	6.0	1.0	objectsandtools				tuningfork	
turkishlirasign	2022	16.0	13.0	16.0	9.0	1.0	commerce,indices	currencies,currency			turkishlirasign	
turkishlirasign.arrow.trianglehead.counterclockwise.rotate.90	2024	18.0	15.0	18.0	11.0	2.0	arrows,commerce	currencies,currency			turkishlirasign.arrow.trianglehead.counterclockwise.rotate.90	
turkishlirasign.building.classical	2026	27.0	27.0	27.0	27.0	27.0	commerce,objectsandtools	currencies,currency		turkishlirasign.building.classical.fill	turkishlirasign.building.classical	
turkishlirasign.building.classical.fill	2026	27.0	27.0	27.0	27.0	27.0	commerce,multicolor,objectsandtools	currencies,currency			turkishlirasign.building.classical	fill
turkishlirasign.circle	2019	13.0	10.15	13.0	6.0	1.0	commerce,indices,variable	currencies,currency		turkishlirasign.circle.fill	turkishlirasign	circle
turkishlirasign.circle.fill	2019	13.0	10.15	13.0	6.0	1.0	commerce,indices,multicolor	currencies,currency			turkishlirasign	circle,fill
turkishlirasign.gauge.chart.lefthalf.righthalf	2024	18.0	15.0	18.0	11.0	2.0	commerce,home,variable				turkishlirasign.gauge.chart.lefthalf.righthalf	
turkishlirasign.gauge.chart.leftthird.topthird.rightthird	2024	18.0	15.0	18.0	11.0	2.0	commerce,home,variable				turkishlirasign.gauge.chart.leftthird.topthird.rightthird	
turkishlirasign.ring	2024	18.0	15.0	18.0	11.0	2.0	commerce,home				turkishlirasign.ring	
turkishlirasign.ring.dashed	2024	18.0	15.0	18.0	11.0	2.0	commerce,home,variable				turkishlirasign.ring.dashed	
turkishlirasign.square	2019	13.0	10.15	13.0	6.0	1.0	commerce,indices	currencies,currency		turkishlirasign.square.fill	turkishlirasign	square
turkishlirasign.square.fill	2019	13.0	10.15	13.0	6.0	1.0	commerce,indices,multicolor	currencies,currency			turkishlirasign	square,fill
tv	2019	13.0	10.15	13.0	6.0	1.0	devices			tv.fill	tv	
tv.and.hifispeaker.fill	2020	14.0	11.0	14.0	7.0	1.0	devices				tv.and.hifispeaker	fill
tv.and.mediabox	2020.1	14.2	11.0	14.2	7.1	1.0	devices			tv.and.mediabox.fill	tv.and.mediabox	
tv.and.mediabox.fill	2022	16.0	13.0	16.0	9.0	1.0	devices				tv.and.mediabox	fill
tv.badge.wifi	2023	17.0	14.0	17.0	10.0	1.0	devices,multicolor,variable			tv.badge.wifi.fill	tv.badge.wifi	
tv.badge.wifi.fill	2023	17.0	14.0	17.0	10.0	1.0	devices,multicolor,variable				tv.badge.wifi	fill
tv.circle	2019	13.0	10.15	13.0	6.0	1.0	devices,variable			tv.circle.fill	tv	circle
tv.circle.fill	2019	13.0	10.15	13.0	6.0	1.0	devices,multicolor				tv	circle,fill
tv.fill	2019	13.0	10.15	13.0	6.0	1.0	devices				tv	fill
tv.slash	2023	17.0	14.0	17.0	10.0	1.0	devices			tv.slash.fill	tv	slash
tv.slash.fill	2023	17.0	14.0	17.0	10.0	1.0	devices				tv	slash,fill
u.circle	2019	13.0	10.15	13.0	6.0	1.0	indices,variable			u.circle.fill	u	circle
u.circle.fill	2019	13.0	10.15	13.0	6.0	1.0	indices,multicolor				u	circle,fill
u.square	2019	13.0	10.15	13.0	6.0	1.0	indices			u.square.fill	u	square
u.square.fill	2019	13.0	10.15	13.0	6.0	1.0	indices,multicolor				u	square,fill
uiwindow.split.2x1	2019	13.0	10.15	13.0	6.0	1.0					uiwindow.split.2x1	
umbrella	2019	13.0	10.15	13.0	6.0	1.0	objectsandtools			umbrella.fill	umbrella	
umbrella.circle	2025	26.0	26.0	26.0	26.0	26.0	objectsandtools,variable			umbrella.circle.fill	umbrella	circle
umbrella.circle.fill	2025	26.0	26.0	26.0	26.0	26.0	multicolor,objectsandtools				umbrella	circle,fill
umbrella.fill	2019	13.0	10.15	13.0	6.0	1.0	objectsandtools				umbrella	fill
umbrella.gauge.open	2025	26.0	26.0	26.0	26.0	26.0	variable				umbrella.gauge.open	
umbrella.percent	2022	16.0	13.0	16.0	9.0	1.0	objectsandtools	%		umbrella.percent.fill	umbrella.percent	
umbrella.percent.fill	2022	16.0	13.0	16.0	9.0	1.0	objectsandtools	%			umbrella.percent	fill
umbrella.sensor.tag.radiowaves.left.and.right	2025	26.0	26.0	26.0	26.0	26.0	devices,objectsandtools,variable			umbrella.sensor.tag.radiowaves.left.and.right.fill	umbrella.sensor.tag.radiowaves.left.and.right	
umbrella.sensor.tag.radiowaves.left.and.right.fill	2025	26.0	26.0	26.0	26.0	26.0	devices,multicolor,objectsandtools,variable				umbrella.sensor.tag.radiowaves.left.and.right	fill
underline	2019	13.0	10.15	13.0	6.0	1.0	multicolor,textformatting				underline	
underline.double	2025	26.0	26.0	26.0	26.0	26.0	textformatting				underline.double	
v.circle	2019	13.0	10.15	13.0	6.0	1.0	indices,variable			v.circle.fill	v	circle
v.circle.fill	2019	13.0	10.15	13.0	6.0	1.0	indices,multicolor				v	circle,fill
v.square	2019	13.0	10.15	13.0	6.0	1.0	indices			v.square.fill	v	square
v.square.fill	2019	13.0	10.15	13.0	6.0	1.0	indices,multicolor				v	square,fill
vent.airflow.diffused	2026	27.0	27.0	27.0	27.0	27.0	automotive,whatsnew				vent.airflow.diffused	
vent.airflow.focused	2026	27.0	27.0	27.0	27.0	27.0	automotive,whatsnew				vent.airflow.focused	
vent.airflow.manual	2026	27.0	27.0	27.0	27.0	27.0	automotive,whatsnew				vent.airflow.manual	
vent.airflow.oscillating	2026	27.0	27.0	27.0	27.0	27.0	automotive,whatsnew				vent.airflow.oscillating	
vent.heat.waves.upward	2025	26.0	26.0	26.0	26.0	26.0	arrows,automotive				vent.heat.waves.upward	
vial.viewfinder	2022	16.0	13.0	16.0	9.0	1.0	health,objectsandtools				vial.viewfinder	
video	2019	13.0	10.15	13.0	6.0	1.0	communication,multicolor	facetime	This symbol may not be modified and may only be used to refer to Apple’s FaceTime app.	video.fill	video	
video.badge.checkmark	2020	14.0	11.0	14.0	7.0	1.0	communication,multicolor	facetime	This symbol may not be modified and may only be used to refer to Apple’s FaceTime app.	video.fill.badge.checkmark	video.badge.checkmark	
video.badge.ellipsis	2021	15.0	12.0	15.0	8.0	1.0	communication,multicolor	action,dot.3,extra,facetime,more,overflow,…	This symbol may not be modified and may only be used to refer to Apple’s FaceTime app.	video.fill.badge.ellipsis	video.badge.ellipsis	
video.badge.plus	2019	13.0	10.15	13.0	6.0	1.0	communication,multicolor	add,facetime	This symbol may not be modified and may only be used to refer to Apple’s FaceTime app.	video.fill.badge.plus	video.badge.plus	
video.badge.questionmark	2026	27.0	27.0	27.0	27.0	27.0	communication,multicolor,whatsnew	facetime	This symbol may not be modified and may only be used to refer to Apple’s FaceTime app.	video.badge.questionmark.fill	video.badge.questionmark	
video.badge.questionmark.fill	2026	27.0	27.0	27.0	27.0	27.0	communication,multicolor,whatsnew	facetime	This symbol may not be modified and may only be used to refer to Apple’s FaceTime app.		video.badge.questionmark	fill
video.badge.shield.exclamationmark	2026	27.0	27.0	27.0	27.0	27.0	communication,multicolor,whatsnew	facetime	This symbol may not be modified and may only be used to refer to Apple’s FaceTime app.	video.badge.shield.exclamationmark.fill	video.badge.shield.exclamationmark	
video.badge.shield.exclamationmark.fill	2026	27.0	27.0	27.0	27.0	27.0	communication,multicolor,whatsnew	facetime	This symbol may not be modified and may only be used to refer to Apple’s FaceTime app.		video.badge.shield.exclamationmark	fill
video.badge.waveform	2023	17.0	14.0	17.0	10.0	1.0	communication,variable	facetime	This symbol may not be modified and may only be used to refer to Apple’s FaceTime app.	video.badge.waveform.fill	video.badge.waveform	
video.badge.waveform.fill	2023	17.0	14.0	17.0	10.0	1.0	communication,variable	facetime	This symbol may not be modified and may only be used to refer to Apple’s FaceTime app.		video.badge.waveform	fill
video.bubble	2023	17.0	14.0	17.0	10.0	1.0	communication		This symbol may not be modified and may only be used to refer to Apple’s FaceTime app.	video.bubble.fill	video.bubble	
video.bubble.fill	2023	17.0	14.0	17.0	10.0	1.0	communication,multicolor		This symbol may not be modified and may only be used to refer to Apple’s FaceTime app.		video.bubble	fill
video.circle	2019	13.0	10.15	13.0	6.0	1.0	communication,multicolor,variable	facetime	This symbol may not be modified and may only be used to refer to Apple’s FaceTime app.	video.circle.fill	video	circle
video.circle.fill	2019	13.0	10.15	13.0	6.0	1.0	communication,multicolor	facetime	This symbol may not be modified and may only be used to refer to Apple’s FaceTime app.		video	circle,fill
video.doorbell	2022	16.0	13.0	16.0	9.0	1.0	home,objectsandtools			video.doorbell.fill	video.doorbell	
video.doorbell.fill	2022	16.0	13.0	16.0	9.0	1.0	home,objectsandtools				video.doorbell	fill
video.fill	2019	13.0	10.15	13.0	6.0	1.0	communication,multicolor	facetime	This symbol may not be modified and may only be used to refer to Apple’s FaceTime app.		video	fill
video.fill.badge.checkmark	2020	14.0	11.0	14.0	7.0	1.0	communication,multicolor	facetime	This symbol may not be modified and may only be used to refer to Apple’s FaceTime app.		video.fill.badge.checkmark	
video.fill.badge.ellipsis	2021	15.0	12.0	15.0	8.0	1.0	communication,multicolor	action,dot.3,extra,facetime,more,overflow,…	This symbol may not be modified and may only be used to refer to Apple’s FaceTime app.		video.fill.badge.ellipsis	
video.fill.badge.plus	2020	14.0	11.0	14.0	7.0	1.0	communication,multicolor	add,facetime	This symbol may not be modified and may only be used to refer to Apple’s FaceTime app.		video.fill.badge.plus	
video.slash	2019	13.0	10.15	13.0	6.0	1.0	communication,multicolor	facetime,remove	This symbol may not be modified and may only be used to refer to Apple’s FaceTime app.	video.slash.fill	video	slash
video.slash.circle	2023	17.0	14.0	17.0	10.0	1.0	communication,multicolor,variable	facetime,remove	This symbol may not be modified and may only be used to refer to Apple’s FaceTime app.	video.slash.circle.fill	video	slash,circle
video.slash.circle.fill	2023	17.0	14.0	17.0	10.0	1.0	communication,multicolor	facetime,remove	This symbol may not be modified and may only be used to refer to Apple’s FaceTime app.		video	slash,circle,fill
video.slash.fill	2019	13.0	10.15	13.0	6.0	1.0	communication,multicolor	facetime,remove	This symbol may not be modified and may only be used to refer to Apple’s FaceTime app.		video	slash,fill
video.square	2021	15.0	12.0	15.0	8.0	1.0	communication,multicolor	facetime	This symbol may not be modified and may only be used to refer to Apple’s FaceTime app.	video.square.fill	video	square
video.square.fill	2021	15.0	12.0	15.0	8.0	1.0	communication,multicolor	facetime	This symbol may not be modified and may only be used to refer to Apple’s FaceTime app.		video	square,fill
videoprojector	2022	16.0	13.0	16.0	9.0	1.0	home,objectsandtools			videoprojector.fill	videoprojector	
videoprojector.fill	2022	16.0	13.0	16.0	9.0	1.0	home,objectsandtools				videoprojector	fill
view.2d	2019	13.0	10.15	13.0	6.0	1.0					view.2d	
view.3d	2019	13.0	10.15	13.0	6.0	1.0					view.3d	
viewfinder	2019	13.0	10.15	13.0	6.0	1.0	shapes				viewfinder	
viewfinder.and.person	2026	27.0	27.0	27.0	27.0	27.0	cameraandphotos,human,whatsnew	people			viewfinder.and.person	
viewfinder.circle	2019	13.0	10.15	13.0	6.0	1.0	variable			viewfinder.circle.fill	viewfinder	circle
viewfinder.circle.fill	2019	13.0	10.15	13.0	6.0	1.0	multicolor				viewfinder	circle,fill
viewfinder.rectangular	2023	17.0	14.0	17.0	10.0	1.0					viewfinder.rectangular	
viewfinder.trianglebadge.exclamationmark	2023	17.0	14.0	17.0	10.0	1.0	multicolor	warning			viewfinder.trianglebadge.exclamationmark	
vision.pro	2024	18.0	15.0	18.0	11.0	2.0	devices		This symbol may not be modified and may only be used to refer to Apple Vision Pro.	vision.pro.fill	vision.pro	
vision.pro.and.arrow.forward	2024	18.0	15.0	18.0	11.0	2.0	devices		This symbol may not be modified and may only be used to refer to Apple Vision Pro.	vision.pro.and.arrow.forward.fill	vision.pro.and.arrow.forward	
vision.pro.and.arrow.forward.fill	2024	18.0	15.0	18.0	11.0	2.0	devices		This symbol may not be modified and may only be used to refer to Apple Vision Pro.		vision.pro.and.arrow.forward	fill
vision.pro.badge.checkmark	2025	26.0	26.0	26.0	26.0	26.0	devices,multicolor		This symbol may not be modified and may only be used to refer to Apple Vision Pro.	vision.pro.badge.checkmark.fill	vision.pro.badge.checkmark	
vision.pro.badge.checkmark.fill	2025	26.0	26.0	26.0	26.0	26.0	devices,multicolor		This symbol may not be modified and may only be used to refer to Apple Vision Pro.		vision.pro.badge.checkmark	fill
vision.pro.badge.exclamationmark	2024	18.0	15.0	18.0	11.0	2.0	devices,multicolor		This symbol may not be modified and may only be used to refer to Apple Vision Pro.	vision.pro.badge.exclamationmark.fill	vision.pro.badge.exclamationmark	
vision.pro.badge.exclamationmark.fill	2024	18.0	15.0	18.0	11.0	2.0	devices,multicolor		This symbol may not be modified and may only be used to refer to Apple Vision Pro.		vision.pro.badge.exclamationmark	fill
vision.pro.badge.play	2024	18.0	15.0	18.0	11.0	2.0	devices,multicolor		This symbol may not be modified and may only be used to refer to Apple Vision Pro.	vision.pro.badge.play.fill	vision.pro.badge.play	
vision.pro.badge.play.fill	2024	18.0	15.0	18.0	11.0	2.0	devices,multicolor		This symbol may not be modified and may only be used to refer to Apple Vision Pro.		vision.pro.badge.play	fill
vision.pro.circle	2024	18.0	15.0	18.0	11.0	2.0	devices,variable		This symbol may not be modified and may only be used to refer to Apple Vision Pro.	vision.pro.circle.fill	vision.pro	circle
vision.pro.circle.fill	2024	18.0	15.0	18.0	11.0	2.0	devices,multicolor		This symbol may not be modified and may only be used to refer to Apple Vision Pro.		vision.pro	circle,fill
vision.pro.fill	2024	18.0	15.0	18.0	11.0	2.0	devices		This symbol may not be modified and may only be used to refer to Apple Vision Pro.		vision.pro	fill
vision.pro.slash	2024	18.0	15.0	18.0	11.0	2.0	devices		This symbol may not be modified and may only be used to refer to Apple Vision Pro.	vision.pro.slash.fill	vision.pro	slash
vision.pro.slash.circle	2024	18.0	15.0	18.0	11.0	2.0	devices,variable		This symbol may not be modified and may only be used to refer to Apple Vision Pro.	vision.pro.slash.circle.fill	vision.pro	slash,circle
vision.pro.slash.circle.fill	2024	18.0	15.0	18.0	11.0	2.0	devices,multicolor		This symbol may not be modified and may only be used to refer to Apple Vision Pro.		vision.pro	slash,circle,fill
vision.pro.slash.fill	2024	18.0	15.0	18.0	11.0	2.0	devices		This symbol may not be modified and may only be used to refer to Apple Vision Pro.		vision.pro	slash,fill
vision.pro.trianglebadge.exclamationmark	2024	18.0	15.0	18.0	11.0	2.0	devices,multicolor		This symbol may not be modified and may only be used to refer to Apple Vision Pro.	vision.pro.trianglebadge.exclamationmark.fill	vision.pro.trianglebadge.exclamationmark	
vision.pro.trianglebadge.exclamationmark.fill	2024	18.0	15.0	18.0	11.0	2.0	devices,multicolor		This symbol may not be modified and may only be used to refer to Apple Vision Pro.		vision.pro.trianglebadge.exclamationmark	fill
voiceover	2023	17.0	14.0	17.0	10.0	1.0	accessibility,human	figure,figure.circle,human,person,speaker	This symbol may not be modified and may only be used to refer to Apple’s Accessibility features.		voiceover	
volleyball	2022	16.0	13.0	16.0	9.0	1.0	fitness,objectsandtools	sports		volleyball.fill	volleyball	
volleyball.circle	2022	16.0	13.0	16.0	9.0	1.0	fitness,objectsandtools,variable	sports		volleyball.circle.fill	volleyball	circle
volleyball.circle.fill	2022	16.0	13.0	16.0	9.0	1.0	fitness,multicolor,objectsandtools	sports			volleyball	circle,fill
volleyball.fill	2022	16.0	13.0	16.0	9.0	1.0	fitness,objectsandtools	sports			volleyball	fill
w.circle	2019	13.0	10.15	13.0	6.0	1.0	indices,variable			w.circle.fill	w	circle
w.circle.fill	2019	13.0	10.15	13.0	6.0	1.0	indices,multicolor				w	circle,fill
w.square	2019	13.0	10.15	13.0	6.0	1.0	indices			w.square.fill	w	square
w.square.fill	2019	13.0	10.15	13.0	6.0	1.0	indices,multicolor				w	square,fill
wake	2020	14.0	11.0	14.0	7.0	1.0					wake	
wake.circle	2021	15.0	12.0	15.0	8.0	1.0	variable			wake.circle.fill	wake	circle
wake.circle.fill	2021	15.0	12.0	15.0	8.0	1.0	multicolor				wake	circle,fill
wallet.bifold	2024	18.0	15.0	18.0	11.0	2.0	objectsandtools			wallet.bifold.fill	wallet.bifold	
wallet.bifold.fill	2024	18.0	15.0	18.0	11.0	2.0	objectsandtools				wallet.bifold	fill
wallet.pass	2020	14.0	11.0	14.0	7.0	1.0	objectsandtools			wallet.pass.fill	wallet.pass	
wallet.pass.fill	2020	14.0	11.0	14.0	7.0	1.0	multicolor,objectsandtools				wallet.pass	fill
wallet.sensor.tag.radiowaves.left.and.right	2025	26.0	26.0	26.0	26.0	26.0	devices,objectsandtools,variable			wallet.sensor.tag.radiowaves.left.and.right.fill	wallet.sensor.tag.radiowaves.left.and.right	
wallet.sensor.tag.radiowaves.left.and.right.fill	2025	26.0	26.0	26.0	26.0	26.0	devices,multicolor,objectsandtools,variable				wallet.sensor.tag.radiowaves.left.and.right	fill
wand.and.outline	2024.2	18.2	15.2	18.2	11.2	2.2	editing,objectsandtools				wand.and.outline	
wand.and.outline.inverse	2024.2	18.2	15.2	18.2	11.2	2.2	editing,objectsandtools				wand.and.outline.inverse	
wand.and.rays	2019	13.0	10.15	13.0	6.0	1.0	editing,objectsandtools,variable	magic			wand.and.rays	
wand.and.rays.inverse	2019	13.0	10.15	13.0	6.0	1.0	editing,objectsandtools,variable	magic			wand.and.rays.inverse	
wand.and.sparkles	2024	18.0	15.0	18.0	11.0	2.0	editing,objectsandtools	magic			wand.and.sparkles	
wand.and.sparkles.inverse	2024	18.0	15.0	18.0	11.0	2.0	editing,objectsandtools	magic			wand.and.sparkles.inverse	
warninglight	2023	17.0	14.0	17.0	10.0	1.0	automotive			warninglight.fill	warninglight	
warninglight.fill	2023	17.0	14.0	17.0	10.0	1.0	automotive				warninglight	fill
washer	2022	16.0	13.0	16.0	9.0	1.0	home,objectsandtools			washer.fill	washer	
washer.circle	2023	17.0	14.0	17.0	10.0	1.0	home,objectsandtools,variable			washer.circle.fill	washer	circle
washer.circle.fill	2023	17.0	14.0	17.0	10.0	1.0	home,multicolor,objectsandtools				washer	circle,fill
washer.fill	2022	16.0	13.0	16.0	9.0	1.0	home,objectsandtools				washer	fill
watch.analog	2023	17.0	14.0	17.0	10.0	1.0	objectsandtools				watch.analog	
watchface.applewatch.case	2021	15.0	12.0	15.0	8.0	1.0	devices		This symbol may not be modified and may only be used to refer to Apple Watch.		watchface.applewatch.case	
water.waves	2022	16.0	13.0	16.0	9.0	1.0	fitness,nature,variable	dive,ocean,sea,sports,surface,swim,water,wave			water.waves	
water.waves.and.arrow.trianglehead.down	2024	18.0	15.0	18.0	11.0	2.0	fitness,nature,variable	dive,ocean,sea,sports,surface,swim,water,wave			water.waves.and.arrow.trianglehead.down	
water.waves.and.arrow.trianglehead.down.trianglebadge.exclamationmark	2024	18.0	15.0	18.0	11.0	2.0	fitness,multicolor,nature,variable	!,dive,ocean,sea,sports,surface,swim,warning,water,wave			water.waves.and.arrow.trianglehead.down.trianglebadge.exclamationmark	
water.waves.and.arrow.trianglehead.up	2024	18.0	15.0	18.0	11.0	2.0	fitness,nature,variable	dive,ocean,sea,sports,surface,swim,water,wave			water.waves.and.arrow.trianglehead.up	
water.waves.slash	2022	16.0	13.0	16.0	9.0	1.0	fitness,nature	dive,ocean,sea,sports,surface,swim,water,wave			water.waves	slash
waterbottle	2023	17.0	14.0	17.0	10.0	1.0	objectsandtools	drink		waterbottle.fill	waterbottle	
waterbottle.fill	2023	17.0	14.0	17.0	10.0	1.0	objectsandtools	drink			waterbottle	fill
wave.3.backward	2020	14.0	11.0	14.0	7.0	1.0	connectivity,variable	left			wave.3.backward	
wave.3.backward.circle	2020	14.0	11.0	14.0	7.0	1.0	connectivity,variable	left		wave.3.backward.circle.fill	wave.3.backward	circle
wave.3.backward.circle.fill	2020	14.0	11.0	14.0	7.0	1.0	connectivity,multicolor,variable	left			wave.3.backward	circle,fill
wave.3.down	2024	18.0	15.0	18.0	11.0	2.0	connectivity,variable				wave.3.down	
wave.3.down.car.side	2024	18.0	15.0	18.0	11.0	2.0	automotive,variable			wave.3.down.car.side.fill	wave.3.down.car.side	
wave.3.down.car.side.fill	2024	18.0	15.0	18.0	11.0	2.0	automotive,multicolor,variable				wave.3.down.car.side	fill
wave.3.down.circle	2024	18.0	15.0	18.0	11.0	2.0	connectivity,variable			wave.3.down.circle.fill	wave.3.down	circle
wave.3.down.circle.fill	2024	18.0	15.0	18.0	11.0	2.0	connectivity,multicolor,variable				wave.3.down	circle,fill
wave.3.down.convertible.side	2024	18.0	15.0	18.0	11.0	2.0	automotive,variable			wave.3.down.convertible.side.fill	wave.3.down.convertible.side	
wave.3.down.convertible.side.fill	2024	18.0	15.0	18.0	11.0	2.0	automotive,multicolor,variable				wave.3.down.convertible.side	fill
wave.3.down.pickup.side	2024	18.0	15.0	18.0	11.0	2.0	automotive,variable			wave.3.down.pickup.side.fill	wave.3.down.pickup.side	
wave.3.down.pickup.side.fill	2024	18.0	15.0	18.0	11.0	2.0	automotive,multicolor,variable				wave.3.down.pickup.side	fill
wave.3.down.suv.side	2024	18.0	15.0	18.0	11.0	2.0	automotive,variable			wave.3.down.suv.side.fill	wave.3.down.suv.side	
wave.3.down.suv.side.fill	2024	18.0	15.0	18.0	11.0	2.0	automotive,multicolor,variable				wave.3.down.suv.side	fill
wave.3.forward	2020	14.0	11.0	14.0	7.0	1.0	connectivity,variable	right			wave.3.forward	
wave.3.forward.circle	2020	14.0	11.0	14.0	7.0	1.0	connectivity,variable	right		wave.3.forward.circle.fill	wave.3.forward	circle
wave.3.forward.circle.fill	2020	14.0	11.0	14.0	7.0	1.0	connectivity,multicolor,variable	right			wave.3.forward	circle,fill
wave.3.left	2020	14.0	11.0	14.0	7.0	1.0	connectivity,variable				wave.3.left	
wave.3.left.circle	2020	14.0	11.0	14.0	7.0	1.0	connectivity,variable			wave.3.left.circle.fill	wave.3.left	circle
wave.3.left.circle.fill	2020	14.0	11.0	14.0	7.0	1.0	connectivity,multicolor,variable				wave.3.left	circle,fill
wave.3.right	2020	14.0	11.0	14.0	7.0	1.0	connectivity,variable				wave.3.right	
wave.3.right.circle	2020	14.0	11.0	14.0	7.0	1.0	connectivity,variable			wave.3.right.circle.fill	wave.3.right	circle
wave.3.right.circle.fill	2020	14.0	11.0	14.0	7.0	1.0	connectivity,multicolor,variable				wave.3.right	circle,fill
wave.3.up	2024	18.0	15.0	18.0	11.0	2.0	connectivity,variable				wave.3.up	
wave.3.up.circle	2024	18.0	15.0	18.0	11.0	2.0	connectivity,variable			wave.3.up.circle.fill	wave.3.up	circle
wave.3.up.circle.fill	2024	18.0	15.0	18.0	11.0	2.0	connectivity,multicolor,variable				wave.3.up	circle,fill
waveform	2019	13.0	10.15	13.0	6.0	1.0	communication,maps,variable	audio,high,record,speech,voice memo			waveform	
waveform.and.person	2026	27.0	27.0	27.0	27.0	27.0	communication,human,variable	people,person			waveform.and.person	
waveform.badge.checkmark	2024.1	18.1	15.1	18.1	11.1	2.1	communication,multicolor,variable				waveform.badge.checkmark	
waveform.badge.exclamationmark	2021	15.0	12.0	15.0	8.0	1.0	communication,multicolor,variable	warning			waveform.badge.exclamationmark	
waveform.badge.magnifyingglass	2023	17.0	14.0	17.0	10.0	1.0	accessibility,communication,variable	search			waveform.badge.magnifyingglass	
waveform.badge.microphone	2024	18.0	15.0	18.0	11.0	2.0	communication,variable	microphone			waveform.badge.microphone	
waveform.badge.minus	2021	15.0	12.0	15.0	8.0	1.0	communication,multicolor,variable				waveform.badge.minus	
waveform.badge.plus	2021	15.0	12.0	15.0	8.0	1.0	communication,multicolor,variable				waveform.badge.plus	
waveform.badge.xmark	2024.1	18.1	15.1	18.1	11.1	2.1	communication,multicolor,variable				waveform.badge.xmark	
waveform.circle	2019	13.0	10.15	13.0	6.0	1.0	communication,maps,variable	audio,high,record,speech,voice memo		waveform.circle.fill	waveform	circle
waveform.circle.fill	2019	13.0	10.15	13.0	6.0	1.0	communication,maps,multicolor,variable	audio,high,record,speech,voice memo			waveform	circle,fill
waveform.low	2025	26.0	26.0	26.0	26.0	26.0	communication,maps,variable	audio,speech			waveform.low	
waveform.mid	2025	26.0	26.0	26.0	26.0	26.0	communication,maps,variable	audio,speech			waveform.mid	
waveform.path	2019	13.0	10.15	13.0	6.0	1.0					waveform.path	
waveform.path.badge.minus	2019	13.0	10.15	13.0	6.0	1.0	multicolor	remove			waveform.path.badge.minus	
waveform.path.badge.plus	2019	13.0	10.15	13.0	6.0	1.0	multicolor	add			waveform.path.badge.plus	
waveform.path.ecg	2019	13.0	10.15	13.0	6.0	1.0	health	medical			waveform.path.ecg	
waveform.path.ecg.magnifyingglass	2024.1	18.1	15.1	18.1	11.1	2.1	objectsandtools				waveform.path.ecg.magnifyingglass	
waveform.path.ecg.rectangle	2020	14.0	11.0	14.0	7.0	1.0	health,multicolor	medical		waveform.path.ecg.rectangle.fill	waveform.path.ecg	rectangle
waveform.path.ecg.rectangle.fill	2020	14.0	11.0	14.0	7.0	1.0	health	medical			waveform.path.ecg	rectangle,fill
waveform.path.ecg.text	2024.1	18.1	15.1	18.1	11.1	2.1					waveform.path.ecg.text	
waveform.path.ecg.text.clipboard	2024.1	18.1	15.1	18.1	11.1	2.1	health,objectsandtools	notes		waveform.path.ecg.text.clipboard.fill	waveform.path.ecg.text.clipboard	
waveform.path.ecg.text.clipboard.fill	2024.1	18.1	15.1	18.1	11.1	2.1	health,objectsandtools	notes			waveform.path.ecg.text.clipboard	fill
waveform.path.ecg.text.page	2024.1	18.1	15.1	18.1	11.1	2.1				waveform.path.ecg.text.page.fill	waveform.path.ecg.text.page	
waveform.path.ecg.text.page.fill	2024.1	18.1	15.1	18.1	11.1	2.1					waveform.path.ecg.text.page	fill
waveform.slash	2022	16.0	13.0	16.0	9.0	1.0	communication,variable				waveform	slash
web.camera	2022	16.0	13.0	16.0	9.0	1.0	home,objectsandtools			web.camera.fill	web.camera	
web.camera.fill	2022	16.0	13.0	16.0	9.0	1.0	home,objectsandtools				web.camera	fill
wheelchair	2024	18.0	15.0	18.0	11.0	2.0	accessibility,human				wheelchair	
widget.extralarge	2024	18.0	15.0	18.0	11.0	2.0		4x8,8x4			widget.extralarge	
widget.extralarge.badge.plus	2024	18.0	15.0	18.0	11.0	2.0	multicolor	4x8,8x4			widget.extralarge.badge.plus	
widget.grid.2x1.rectangle	2026	27.0	27.0	27.0	27.0	27.0	whatsnew			widget.grid.2x1.rectangle.fill	widget.grid.2x1	rectangle
widget.grid.2x1.rectangle.fill	2026	27.0	27.0	27.0	27.0	27.0	whatsnew				widget.grid.2x1	rectangle,fill
widget.large	2024	18.0	15.0	18.0	11.0	2.0		4x4			widget.large	
widget.large.badge.plus	2024	18.0	15.0	18.0	11.0	2.0	multicolor	4x4			widget.large.badge.plus	
widget.medium	2024	18.0	15.0	18.0	11.0	2.0		2x4,4x2			widget.medium	
widget.medium.badge.plus	2024	18.0	15.0	18.0	11.0	2.0	multicolor	2x4,4x2			widget.medium.badge.plus	
widget.small	2024	18.0	15.0	18.0	11.0	2.0		2x2			widget.small	
widget.small.badge.exclamationmark	2026	27.0	27.0	27.0	27.0	27.0	multicolor,whatsnew	2x2			widget.small.badge.exclamationmark	
widget.small.badge.plus	2024	18.0	15.0	18.0	11.0	2.0	multicolor	2x2			widget.small.badge.plus	
wifi	2019	13.0	10.15	13.0	6.0	1.0	connectivity,multicolor,variable				wifi	
wifi.badge.lock	2025	26.0	26.0	26.0	26.0	26.0	connectivity,variable				wifi.badge.lock	
wifi.circle	2021	15.0	12.0	15.0	8.0	1.0	connectivity,multicolor,variable			wifi.circle.fill	wifi	circle
wifi.circle.fill	2021	15.0	12.0	15.0	8.0	1.0	connectivity,multicolor,variable				wifi	circle,fill
wifi.exclamationmark	2019	13.0	10.15	13.0	6.0	1.0	connectivity	warning			wifi.exclamationmark	
wifi.exclamationmark.circle	2023	17.0	14.0	17.0	10.0	1.0	connectivity,variable	warning		wifi.exclamationmark.circle.fill	wifi.exclamationmark	circle
wifi.exclamationmark.circle.fill	2023	17.0	14.0	17.0	10.0	1.0	connectivity,multicolor	warning			wifi.exclamationmark	circle,fill
wifi.router	2022	16.0	13.0	16.0	9.0	1.0	home,objectsandtools,variable			wifi.router.fill	wifi.router	
wifi.router.fill	2022	16.0	13.0	16.0	9.0	1.0	home,objectsandtools,variable				wifi.router	fill
wifi.slash	2019	13.0	10.15	13.0	6.0	1.0	connectivity,multicolor	remove			wifi	slash
wifi.square	2021	15.0	12.0	15.0	8.0	1.0	connectivity,multicolor,variable			wifi.square.fill	wifi	square
wifi.square.fill	2021	15.0	12.0	15.0	8.0	1.0	connectivity,multicolor,variable				wifi	square,fill
wind	2019	13.0	10.15	13.0	6.0	1.0	nature,weather	weather			wind	
wind.circle	2022	16.0	13.0	16.0	9.0	1.0	nature,variable,weather	weather		wind.circle.fill	wind	circle
wind.circle.fill	2022	16.0	13.0	16.0	9.0	1.0	multicolor,nature,weather	weather			wind	circle,fill
wind.snow	2019	13.0	10.15	13.0	6.0	1.0	multicolor,nature,weather	weather			wind.snow	
wind.snow.circle	2022	16.0	13.0	16.0	9.0	1.0	nature,variable,weather	weather		wind.snow.circle.fill	wind.snow	circle
wind.snow.circle.fill	2022	16.0	13.0	16.0	9.0	1.0	multicolor,nature,weather	weather			wind.snow	circle,fill
window.awning	2022	16.0	13.0	16.0	9.0	1.0	home				window.awning	
window.awning.closed	2022	16.0	13.0	16.0	9.0	1.0	home				window.awning.closed	
window.casement	2022	16.0	13.0	16.0	9.0	1.0	home				window.casement	
window.casement.closed	2022	16.0	13.0	16.0	9.0	1.0	home				window.casement.closed	
window.ceiling	2022	16.0	13.0	16.0	9.0	1.0	home				window.ceiling	
window.ceiling.closed	2022	16.0	13.0	16.0	9.0	1.0	home				window.ceiling.closed	
window.horizontal	2022	16.0	13.0	16.0	9.0	1.0	home				window.horizontal	
window.horizontal.closed	2022	16.0	13.0	16.0	9.0	1.0	home				window.horizontal.closed	
window.shade.closed	2022	16.0	13.0	16.0	9.0	1.0	home				window.shade.closed	
window.shade.open	2022	16.0	13.0	16.0	9.0	1.0	home				window.shade.open	
window.vertical.closed	2022	16.0	13.0	16.0	9.0	1.0	home				window.vertical.closed	
window.vertical.open	2022	16.0	13.0	16.0	9.0	1.0	home				window.vertical.open	
windshield.front.and.fluid.and.spray	2022.1	16.1	13.0	16.1	9.1	1.0	automotive				windshield.front.and.fluid.and.spray	
windshield.front.and.heat.waves	2022.1	16.1	13.0	16.1	9.1	1.0	automotive				windshield.front.and.heat.waves	
windshield.front.and.spray	2022.1	16.1	13.0	16.1	9.1	1.0	automotive				windshield.front.and.spray	
windshield.front.and.wiper	2022	16.0	13.0	16.0	9.0	1.0	automotive				windshield.front.and.wiper	
windshield.front.and.wiper.and.drop	2022	16.0	13.0	16.0	9.0	1.0	automotive				windshield.front.and.wiper.and.drop	
windshield.front.and.wiper.and.spray	2022.1	16.1	13.0	16.1	9.1	1.0	automotive				windshield.front.and.wiper.and.spray	
windshield.front.and.wiper.exclamationmark	2022.1	16.1	13.0	16.1	9.1	1.0	automotive	!,warning			windshield.front.and.wiper.exclamationmark	
windshield.front.and.wiper.intermittent	2022.1	16.1	13.0	16.1	9.1	1.0	automotive				windshield.front.and.wiper.intermittent	
windshield.rear.and.fluid.and.spray	2022.1	16.1	13.0	16.1	9.1	1.0	automotive				windshield.rear.and.fluid.and.spray	
windshield.rear.and.heat.waves	2022.1	16.1	13.0	16.1	9.1	1.0	automotive				windshield.rear.and.heat.waves	
windshield.rear.and.spray	2022.1	16.1	13.0	16.1	9.1	1.0	automotive				windshield.rear.and.spray	
windshield.rear.and.wiper	2022	16.0	13.0	16.0	9.0	1.0	automotive				windshield.rear.and.wiper	
windshield.rear.and.wiper.and.drop	2022.1	16.1	13.0	16.1	9.1	1.0	automotive				windshield.rear.and.wiper.and.drop	
windshield.rear.and.wiper.and.spray	2022.1	16.1	13.0	16.1	9.1	1.0	automotive				windshield.rear.and.wiper.and.spray	
windshield.rear.and.wiper.exclamationmark	2022.1	16.1	13.0	16.1	9.1	1.0	automotive	!,warning			windshield.rear.and.wiper.exclamationmark	
windshield.rear.and.wiper.intermittent	2022.1	16.1	13.0	16.1	9.1	1.0	automotive				windshield.rear.and.wiper.intermittent	
wineglass	2022	16.0	13.0	16.0	9.0	1.0	objectsandtools	drink		wineglass.fill	wineglass	
wineglass.fill	2022	16.0	13.0	16.0	9.0	1.0	objectsandtools	drink			wineglass	fill
wonsign	2022	16.0	13.0	16.0	9.0	1.0	commerce,indices	currencies,currency			wonsign	
wonsign.arrow.trianglehead.counterclockwise.rotate.90	2024	18.0	15.0	18.0	11.0	2.0	arrows,commerce	currencies,currency			wonsign.arrow.trianglehead.counterclockwise.rotate.90	
wonsign.building.classical	2026	27.0	27.0	27.0	27.0	27.0	commerce,objectsandtools	currencies,currency		wonsign.building.classical.fill	wonsign.building.classical	
wonsign.building.classical.fill	2026	27.0	27.0	27.0	27.0	27.0	commerce,multicolor,objectsandtools	currencies,currency			wonsign.building.classical	fill
wonsign.circle	2019	13.0	10.15	13.0	6.0	1.0	commerce,indices,variable	currencies,currency		wonsign.circle.fill	wonsign	circle
wonsign.circle.fill	2019	13.0	10.15	13.0	6.0	1.0	commerce,indices,multicolor	currencies,currency			wonsign	circle,fill
wonsign.gauge.chart.lefthalf.righthalf	2024	18.0	15.0	18.0	11.0	2.0	commerce,home,variable				wonsign.gauge.chart.lefthalf.righthalf	
wonsign.gauge.chart.leftthird.topthird.rightthird	2024	18.0	15.0	18.0	11.0	2.0	commerce,home,variable				wonsign.gauge.chart.leftthird.topthird.rightthird	
wonsign.ring	2024	18.0	15.0	18.0	11.0	2.0	commerce,home				wonsign.ring	
wonsign.ring.dashed	2024	18.0	15.0	18.0	11.0	2.0	commerce,home,variable				wonsign.ring.dashed	
wonsign.square	2019	13.0	10.15	13.0	6.0	1.0	commerce,indices	currencies,currency		wonsign.square.fill	wonsign	square
wonsign.square.fill	2019	13.0	10.15	13.0	6.0	1.0	commerce,indices,multicolor	currencies,currency			wonsign	square,fill
wrench.adjustable	2022	16.0	13.0	16.0	9.0	1.0	objectsandtools			wrench.adjustable.fill	wrench.adjustable	
wrench.adjustable.fill	2022	16.0	13.0	16.0	9.0	1.0	objectsandtools				wrench.adjustable	fill
wrench.and.screwdriver	2020	14.0	11.0	14.0	7.0	1.0	objectsandtools			wrench.and.screwdriver.fill	wrench.and.screwdriver	
wrench.and.screwdriver.fill	2020	14.0	11.0	14.0	7.0	1.0	objectsandtools				wrench.and.screwdriver	fill
wrongwaysign	2022.1	16.1	13.0	16.1	9.1	1.0	automotive,multicolor			wrongwaysign.fill	wrongwaysign	
wrongwaysign.fill	2022.1	16.1	13.0	16.1	9.1	1.0	automotive,multicolor				wrongwaysign	fill
x.circle	2019	13.0	10.15	13.0	6.0	1.0	gaming,indices,variable			x.circle.fill	x	circle
x.circle.fill	2019	13.0	10.15	13.0	6.0	1.0	gaming,indices,multicolor				x	circle,fill
x.square	2019	13.0	10.15	13.0	6.0	1.0	indices			x.square.fill	x	square
x.square.fill	2019	13.0	10.15	13.0	6.0	1.0	indices,multicolor				x	square,fill
xbox.logo	2022	16.0	13.0	16.0	9.0	1.0	gaming		This symbol may not be modified and may only be used to refer to Microsoft’s Xbox.		xbox.logo	
xmark	2019	13.0	10.15	13.0	6.0	1.0	gaming,multicolor	clear,close,stop,x			xmark	
xmark.app	2021	15.0	12.0	15.0	8.0	1.0	multicolor			xmark.app.fill	xmark.app	
xmark.app.fill	2021	15.0	12.0	15.0	8.0	1.0	multicolor				xmark.app	fill
xmark.bin	2020	14.0	11.0	14.0	7.0	1.0	objectsandtools	junk,mail,spam		xmark.bin.fill	xmark.bin	
xmark.bin.circle	2020	14.0	11.0	14.0	7.0	1.0	objectsandtools,variable	junk,mail,spam		xmark.bin.circle.fill	xmark.bin	circle
xmark.bin.circle.fill	2020	14.0	11.0	14.0	7.0	1.0	multicolor,objectsandtools	junk,mail,spam			xmark.bin	circle,fill
xmark.bin.fill	2020	14.0	11.0	14.0	7.0	1.0	multicolor,objectsandtools	junk,mail,spam			xmark.bin	fill
xmark.circle	2019	13.0	10.15	13.0	6.0	1.0	gaming,multicolor,variable	clear,close,stop,x		xmark.circle.fill	xmark	circle
xmark.circle.badge.airplane	2025	26.0	26.0	26.0	26.0	26.0	transportation	x		xmark.circle.badge.airplane.fill	xmark.circle.badge.airplane	
xmark.circle.badge.airplane.fill	2025	26.0	26.0	26.0	26.0	26.0	multicolor,transportation	x			xmark.circle.badge.airplane	fill
xmark.circle.fill	2019	13.0	10.15	13.0	6.0	1.0	gaming,multicolor	clear,close,stop,x			xmark	circle,fill
xmark.diamond	2020	14.0	11.0	14.0	7.0	1.0	multicolor	*,multiply,times		xmark.diamond.fill	xmark.diamond	
xmark.diamond.fill	2020	14.0	11.0	14.0	7.0	1.0	multicolor	*,multiply,times			xmark.diamond	fill
xmark.icloud	2019	13.0	10.15	13.0	6.0	1.0	connectivity	x	This symbol may not be modified and may only be used to refer to Apple’s iCloud service.	xmark.icloud.fill	xmark.icloud	
xmark.icloud.fill	2019	13.0	10.15	13.0	6.0	1.0	connectivity,multicolor	x	This symbol may not be modified and may only be used to refer to Apple’s iCloud service.		xmark.icloud	fill
xmark.interface.window	2026	27.0	27.0	27.0	27.0	27.0	multicolor,whatsnew				xmark.interface.window	
xmark.octagon	2019	13.0	10.15	13.0	6.0	1.0	multicolor	*,multiply,times		xmark.octagon.fill	xmark.octagon	
xmark.octagon.fill	2019	13.0	10.15	13.0	6.0	1.0	multicolor	*,multiply,times			xmark.octagon	fill
xmark.rectangle	2019	13.0	10.15	13.0	6.0	1.0	multicolor	x		xmark.rectangle.fill	xmark	rectangle
xmark.rectangle.fill	2019	13.0	10.15	13.0	6.0	1.0	multicolor	x			xmark	rectangle,fill
xmark.rectangle.portrait	2020	14.0	11.0	14.0	7.0	1.0	multicolor	x		xmark.rectangle.portrait.fill	xmark.rectangle.portrait	
xmark.rectangle.portrait.fill	2020	14.0	11.0	14.0	7.0	1.0	multicolor	x			xmark.rectangle.portrait	fill
xmark.seal	2019	13.0	10.15	13.0	6.0	1.0	privacyandsecurity	*,multiply,times		xmark.seal.fill	xmark.seal	
xmark.seal.fill	2019	13.0	10.15	13.0	6.0	1.0	multicolor,privacyandsecurity	*,multiply,times			xmark.seal	fill
xmark.shield	2019	13.0	10.15	13.0	6.0	1.0	multicolor,objectsandtools,privacyandsecurity			xmark.shield.fill	xmark.shield	
xmark.shield.fill	2019	13.0	10.15	13.0	6.0	1.0	multicolor,objectsandtools,privacyandsecurity				xmark.shield	fill
xmark.square	2019	13.0	10.15	13.0	6.0	1.0	multicolor	clear,close,stop,x		xmark.square.fill	xmark	square
xmark.square.fill	2019	13.0	10.15	13.0	6.0	1.0	multicolor	clear,close,stop,x			xmark	square,fill
xmark.triangle.circle.square	2024	18.0	15.0	18.0	11.0	2.0	accessibility,shapes			xmark.triangle.circle.square.fill	xmark.triangle	circle,square
xmark.triangle.circle.square.fill	2024	18.0	15.0	18.0	11.0	2.0	accessibility,shapes				xmark.triangle	circle,square,fill
xmark.viewfinder	2026	27.0	27.0	27.0	27.0	27.0	whatsnew				xmark.viewfinder	
xserve	2020	14.0	11.0	14.0	7.0	1.0	devices		This symbol may not be modified and may only be used to refer to Apple’s Xserve.		xserve	
xserve.raid	2023	17.0	14.0	17.0	10.0	1.0	devices		This symbol may not be modified and may only be used to refer to Apple’s Xserve RAID.		xserve.raid	
y.circle	2019	13.0	10.15	13.0	6.0	1.0	gaming,indices,variable			y.circle.fill	y	circle
y.circle.fill	2019	13.0	10.15	13.0	6.0	1.0	gaming,indices,multicolor				y	circle,fill
y.square	2019	13.0	10.15	13.0	6.0	1.0	indices			y.square.fill	y	square
y.square.fill	2019	13.0	10.15	13.0	6.0	1.0	indices,multicolor				y	square,fill
yensign	2022	16.0	13.0	16.0	9.0	1.0	commerce,indices	currencies,currency			yensign	
yensign.arrow.trianglehead.counterclockwise.rotate.90	2024	18.0	15.0	18.0	11.0	2.0	arrows,commerce	currencies,currency			yensign.arrow.trianglehead.counterclockwise.rotate.90	
yensign.building.classical	2026	27.0	27.0	27.0	27.0	27.0	commerce,objectsandtools	currencies,currency		yensign.building.classical.fill	yensign.building.classical	
yensign.building.classical.fill	2026	27.0	27.0	27.0	27.0	27.0	commerce,multicolor,objectsandtools	currencies,currency			yensign.building.classical	fill
yensign.circle	2019	13.0	10.15	13.0	6.0	1.0	commerce,indices,variable	currencies,currency		yensign.circle.fill	yensign	circle
yensign.circle.fill	2019	13.0	10.15	13.0	6.0	1.0	commerce,indices,multicolor	currencies,currency			yensign	circle,fill
yensign.gauge.chart.lefthalf.righthalf	2024	18.0	15.0	18.0	11.0	2.0	commerce,home,variable				yensign.gauge.chart.lefthalf.righthalf	
yensign.gauge.chart.leftthird.topthird.rightthird	2024	18.0	15.0	18.0	11.0	2.0	commerce,home,variable				yensign.gauge.chart.leftthird.topthird.rightthird	
yensign.ring	2024	18.0	15.0	18.0	11.0	2.0	commerce,home				yensign.ring	
yensign.ring.dashed	2024	18.0	15.0	18.0	11.0	2.0	commerce,home,variable				yensign.ring.dashed	
yensign.square	2019	13.0	10.15	13.0	6.0	1.0	commerce,indices	currencies,currency		yensign.square.fill	yensign	square
yensign.square.fill	2019	13.0	10.15	13.0	6.0	1.0	commerce,indices,multicolor	currencies,currency			yensign	square,fill
yieldsign	2023	17.0	14.0	17.0	10.0	1.0	automotive,multicolor			yieldsign.fill	yieldsign	
yieldsign.fill	2023	17.0	14.0	17.0	10.0	1.0	automotive,multicolor				yieldsign	fill
z.circle	2019	13.0	10.15	13.0	6.0	1.0	gaming,indices,variable			z.circle.fill	z	circle
z.circle.fill	2019	13.0	10.15	13.0	6.0	1.0	gaming,indices,multicolor				z	circle,fill
z.square	2019	13.0	10.15	13.0	6.0	1.0	indices			z.square.fill	z	square
z.square.fill	2019	13.0	10.15	13.0	6.0	1.0	indices,multicolor				z	square,fill
zipper.page	2024	18.0	15.0	18.0	11.0	2.0					zipper.page	
zl.button.roundedtop.horizontal	2023	17.0	14.0	17.0	10.0	1.0	gaming			zl.button.roundedtop.horizontal.fill	zl.button.roundedtop.horizontal	
zl.button.roundedtop.horizontal.fill	2023	17.0	14.0	17.0	10.0	1.0	gaming,multicolor				zl.button.roundedtop.horizontal	fill
zr.button.roundedtop.horizontal	2023	17.0	14.0	17.0	10.0	1.0	gaming			zr.button.roundedtop.horizontal.fill	zr.button.roundedtop.horizontal	
zr.button.roundedtop.horizontal.fill	2023	17.0	14.0	17.0	10.0	1.0	gaming,multicolor				zr.button.roundedtop.horizontal	fill
zzz	2019	13.0	10.15	13.0	6.0	1.0					zzz	
